title,summary,sector,stage,targetAmount,currency,problem_statement,problem_targetMarket,problem_marketSize,solution_description,solution_uniqueValue,solution_competitiveAdvantage,businessModel_revenueStreams,businessModel_pricingStrategy,businessModel_customerAcquisition,financials_currentRevenue,financials_projectedRevenue,financials_burnRate,financials_runway,status
IronBridge,IronBridge develops operational software for mid-sized law firms managing contract review. The company is raising capital to expand enterprise integrations and scale regional sales operations.,saas,idea,4876272,SGD,"Independent mid-sized law firms rely on fragmented contract review workflows, resulting in delayed reporting cycles and unresolved transaction discrepancies.",mid-sized law firms,$73.1B estimated annual addressable spend across 6 national markets,"IronBridge provides a cloud platform that centralizes contract review, connects external data feeds, and automates exception handling through configurable workflows.",Native integrations with regional financial and regulatory systems reduce migration friction for enterprise clients.,Multi-year integration relationships with incumbent vendors create switching barriers for competing entrants.,Annual platform subscriptions; implementation services; support retainers,Usage-based pricing indexed to transaction activity and storage requirements.,Pilot deployments with anchor customers; sector trade events; executive referrals,1699394,5098182,323370,19 months,approved
ApexSystems,ApexSystems is preparing a commercial platform connected to claims intake within the proptech sector and is seeking funding to complete product development and marketing activities.,proptech,seed,5584746,AED,Businesses involved in claims intake often mention administrative inefficiencies but purchasing priorities remain inconsistent.,insurance brokers,Internal assumptions suggest broad demand among digital businesses,ApexSystems plans to introduce a platform related to claims intake with a combination of automation features and reporting tools for commercial users.,Deployment architecture supports intermittent connectivity environments common across secondary markets.,Management believes the market remains open to new entrants without significant barriers.,Annual platform subscriptions; implementation services; support retainers,Enterprise licensing agreements negotiated on multi-year procurement cycles.,Direct procurement outreach; channel reseller agreements; referral incentives,8121,13154347,435497,6 months,rejected
PeakLabs,PeakLabs is preparing a commercial platform connected to inventory forecasting within the cleantech sector and is seeking funding to complete product development and marketing activities.,cleantech,pre-seed,5021641,USD,"The current environment around inventory forecasting appears difficult for some operators, though quantitative benchmarks are limited.",retail distributors,Leadership expects long-term expansion as adoption of software tools increases,PeakLabs plans to introduce a platform related to inventory forecasting with a combination of automation features and reporting tools for commercial users.,Native integrations with regional financial and regulatory systems reduce migration friction for enterprise clients.,The business intends to establish brand recognition following product launch activities.,Transaction commissions; enterprise licensing; compliance reporting services,Usage-based pricing indexed to transaction activity and storage requirements.,Direct procurement outreach; channel reseller agreements; referral incentives,0,64708365,509762,4 months,rejected
OakCloud,OakCloud is preparing a commercial platform connected to claims intake within the fintech sector and is seeking funding to complete product development and marketing activities.,fintech,idea,210562,SGD,"insurance brokers face ongoing coordination challenges related to claims intake, although the scale of the issue varies across regions.",insurance brokers,Management estimates the market opportunity to be substantial across multiple regions,OakCloud plans to introduce a platform related to claims intake with a combination of automation features and reporting tools for commercial users.,Native integrations with regional financial and regulatory systems reduce migration friction for enterprise clients.,Management believes the market remains open to new entrants without significant barriers.,Subscription contracts; onboarding fees; API access charges,Enterprise licensing agreements negotiated on multi-year procurement cycles.,Pilot deployments with anchor customers; sector trade events; executive referrals,0,26455990,213001,4 months,rejected
NorthBridge,NorthBridge is preparing a commercial platform connected to crop procurement tracking within the agritech sector and is seeking funding to complete product development and marketing activities.,agritech,pre-seed,2886035,EUR,"grain cooperatives face ongoing coordination challenges related to crop procurement tracking, although the scale of the issue varies across regions.",grain cooperatives,Management estimates the market opportunity to be substantial across multiple regions,NorthBridge plans to introduce a platform related to crop procurement tracking with a combination of automation features and reporting tools for commercial users.,Historical benchmarking data collected from pilot customers enables risk scoring unavailable through standard ERP systems.,Management believes the market remains open to new entrants without significant barriers.,Usage-based billing; premium analytics modules; integration retainers,Usage-based pricing indexed to transaction activity and storage requirements.,Targeted account-based marketing; implementation partners; compliance webinars,0,9216133,284770,2 months,rejected
GraniteHealth,GraniteHealth is preparing a commercial platform connected to tenant documentation within the saas sector and is seeking funding to complete product development and marketing activities.,saas,series-a,2197593,EUR,"The current environment around tenant documentation appears difficult for some operators, though quantitative benchmarks are limited.",property managers,Leadership expects long-term expansion as adoption of software tools increases,GraniteHealth plans to introduce a platform related to tenant documentation with a combination of automation features and reporting tools for commercial users.,The platform incorporates sector-specific compliance workflows rarely supported by horizontal software vendors.,The company expects product flexibility to support future differentiation as the market evolves.,Subscription contracts; onboarding fees; API access charges,Tiered annual contracts priced according to active accounts and processing volume.,Pilot deployments with anchor customers; sector trade events; executive referrals,7527,116530881,420173,6 months,rejected
SummitWorks,SummitWorks develops operational software for grain cooperatives managing crop procurement tracking. The company is raising capital to expand enterprise integrations and scale regional sales operations.,agritech,seed,2642450,SGD,"Companies handling crop procurement tracking lack integrated visibility across suppliers, regulators, and internal systems, creating avoidable operational costs.",grain cooperatives,$46.7B estimated annual addressable spend across 21 national markets,"SummitWorks provides a cloud platform that centralizes crop procurement tracking, connects external data feeds, and automates exception handling through configurable workflows.",Deployment architecture supports intermittent connectivity environments common across secondary markets.,The founding team previously managed operational infrastructure within the target industry and secured early reference accounts.,Usage-based billing; premium analytics modules; integration retainers,Enterprise licensing agreements negotiated on multi-year procurement cycles.,Pilot deployments with anchor customers; sector trade events; executive referrals,653584,2614336,335710,28 months,approved
NorthAnalytics,NorthAnalytics develops operational software for retail distributors managing inventory forecasting. The company is raising capital to expand enterprise integrations and scale regional sales operations.,cleantech,idea,1385530,EUR,"Independent retail distributors rely on fragmented inventory forecasting workflows, resulting in delayed reporting cycles and unresolved transaction discrepancies.",retail distributors,$67.9B estimated annual addressable spend across 18 national markets,"NorthAnalytics provides a cloud platform that centralizes inventory forecasting, connects external data feeds, and automates exception handling through configurable workflows.",The platform incorporates sector-specific compliance workflows rarely supported by horizontal software vendors.,Exclusive access to proprietary operational datasets improves forecasting accuracy during onboarding.,Usage-based billing; premium analytics modules; integration retainers,Tiered annual contracts priced according to active accounts and processing volume.,Targeted account-based marketing; implementation partners; compliance webinars,767666,3070664,131683,13 months,approved
VectorCloud,VectorCloud develops operational software for solar installers managing maintenance dispatch. The company is raising capital to expand enterprise integrations and scale regional sales operations.,ecommerce,idea,2998405,EUR,"Independent solar installers rely on fragmented maintenance dispatch workflows, resulting in delayed reporting cycles and unresolved transaction discrepancies.",solar installers,$50.0B estimated annual addressable spend across 3 national markets,"VectorCloud provides a cloud platform that centralizes maintenance dispatch, connects external data feeds, and automates exception handling through configurable workflows.",Historical benchmarking data collected from pilot customers enables risk scoring unavailable through standard ERP systems.,Existing distribution agreements with sector operators provide direct access to procurement teams across three countries.,Transaction commissions; enterprise licensing; compliance reporting services,Tiered annual contracts priced according to active accounts and processing volume.,Pilot deployments with anchor customers; sector trade events; executive referrals,406690,2846830,291685,20 months,approved
RedwoodBridge,RedwoodBridge develops operational software for property managers managing tenant documentation. The company is raising capital to expand enterprise integrations and scale regional sales operations.,fintech,pre-seed,463957,USD,"Independent property managers rely on fragmented tenant documentation workflows, resulting in delayed reporting cycles and unresolved transaction discrepancies.",property managers,$86.9B estimated annual addressable spend across 21 national markets,"RedwoodBridge provides a cloud platform that centralizes tenant documentation, connects external data feeds, and automates exception handling through configurable workflows.",Historical benchmarking data collected from pilot customers enables risk scoring unavailable through standard ERP systems.,The founding team previously managed operational infrastructure within the target industry and secured early reference accounts.,Annual platform subscriptions; implementation services; support retainers,Monthly subscription structure combined with one-time deployment charges.,Direct procurement outreach; channel reseller agreements; referral incentives,72258,361290,242659,24 months,approved
AtlasCloud,AtlasCloud develops operational software for solar installers managing maintenance dispatch. The company is raising capital to expand enterprise integrations and scale regional sales operations.,edtech,seed,2825069,GBP,"solar installers continue to manage maintenance dispatch through spreadsheets and email coordination, increasing operating losses and compliance exposure.",solar installers,$50.8B estimated annual addressable spend across 11 national markets,"AtlasCloud provides a cloud platform that centralizes maintenance dispatch, connects external data feeds, and automates exception handling through configurable workflows.",Deployment architecture supports intermittent connectivity environments common across secondary markets.,Exclusive access to proprietary operational datasets improves forecasting accuracy during onboarding.,Subscription contracts; onboarding fees; API access charges,Usage-based pricing indexed to transaction activity and storage requirements.,Targeted account-based marketing; implementation partners; compliance webinars,1977799,13844593,259814,22 months,approved
PeakDynamics,PeakDynamics develops operational software for regional freight operators managing cross-border payment reconciliation. The company is raising capital to expand enterprise integrations and scale regional sales operations.,saas,pre-seed,5210486,GBP,"Companies handling cross-border payment reconciliation lack integrated visibility across suppliers, regulators, and internal systems, creating avoidable operational costs.",regional freight operators,$65.6B estimated annual addressable spend across 13 national markets,"PeakDynamics provides a cloud platform that centralizes cross-border payment reconciliation, connects external data feeds, and automates exception handling through configurable workflows.",Historical benchmarking data collected from pilot customers enables risk scoring unavailable through standard ERP systems.,The founding team previously managed operational infrastructure within the target industry and secured early reference accounts.,Annual platform subscriptions; implementation services; support retainers,Monthly subscription structure combined with one-time deployment charges.,Industry association partnerships; outbound enterprise sales; regional conferences,2377688,16643816,267030,19 months,approved
OakWorks,OakWorks is preparing a commercial platform connected to credential verification within the fintech sector and is seeking funding to complete product development and marketing activities.,fintech,pre-seed,2012907,USD,Businesses involved in credential verification often mention administrative inefficiencies but purchasing priorities remain inconsistent.,vocational training providers,Leadership expects long-term expansion as adoption of software tools increases,OakWorks plans to introduce a platform related to credential verification with a combination of automation features and reporting tools for commercial users.,Historical benchmarking data collected from pilot customers enables risk scoring unavailable through standard ERP systems.,"Several competitors operate in adjacent categories, though management expects demand to expand over time.",Usage-based billing; premium analytics modules; integration retainers,Monthly subscription structure combined with one-time deployment charges.,Industry association partnerships; outbound enterprise sales; regional conferences,0,101308915,585359,4 months,rejected
RiverLogic,RiverLogic is preparing a commercial platform connected to patient referral management within the legaltech sector and is seeking funding to complete product development and marketing activities.,legaltech,pre-seed,4578140,SGD,"municipal clinics face ongoing coordination challenges related to patient referral management, although the scale of the issue varies across regions.",municipal clinics,Management estimates the market opportunity to be substantial across multiple regions,RiverLogic plans to introduce a platform related to patient referral management with a combination of automation features and reporting tools for commercial users.,The platform incorporates sector-specific compliance workflows rarely supported by horizontal software vendors.,The company expects product flexibility to support future differentiation as the market evolves.,Transaction commissions; enterprise licensing; compliance reporting services,Tiered annual contracts priced according to active accounts and processing volume.,Industry association partnerships; outbound enterprise sales; regional conferences,14163,6496128,757667,3 months,rejected
AtlasAnalytics,AtlasAnalytics develops operational software for grain cooperatives managing crop procurement tracking. The company is raising capital to expand enterprise integrations and scale regional sales operations.,ecommerce,idea,483062,SGD,"grain cooperatives continue to manage crop procurement tracking through spreadsheets and email coordination, increasing operating losses and compliance exposure.",grain cooperatives,$58.0B estimated annual addressable spend across 5 national markets,"AtlasAnalytics provides a cloud platform that centralizes crop procurement tracking, connects external data feeds, and automates exception handling through configurable workflows.",Deployment architecture supports intermittent connectivity environments common across secondary markets.,Exclusive access to proprietary operational datasets improves forecasting accuracy during onboarding.,Transaction commissions; enterprise licensing; compliance reporting services,Monthly subscription structure combined with one-time deployment charges.,Direct procurement outreach; channel reseller agreements; referral incentives,209062,1672496,107602,25 months,approved
HarborCapital,HarborCapital develops operational software for insurance brokers managing claims intake. The company is raising capital to expand enterprise integrations and scale regional sales operations.,legaltech,idea,2438054,SGD,"Independent insurance brokers rely on fragmented claims intake workflows, resulting in delayed reporting cycles and unresolved transaction discrepancies.",insurance brokers,$54.2B estimated annual addressable spend across 8 national markets,"HarborCapital provides a cloud platform that centralizes claims intake, connects external data feeds, and automates exception handling through configurable workflows.",Native integrations with regional financial and regulatory systems reduce migration friction for enterprise clients.,Exclusive access to proprietary operational datasets improves forecasting accuracy during onboarding.,Transaction commissions; enterprise licensing; compliance reporting services,Monthly subscription structure combined with one-time deployment charges.,Targeted account-based marketing; implementation partners; compliance webinars,1828158,10968948,243379,24 months,approved
PeakSystems,PeakSystems develops operational software for vocational training providers managing credential verification. The company is raising capital to expand enterprise integrations and scale regional sales operations.,edtech,seed,992111,GBP,"vocational training providers continue to manage credential verification through spreadsheets and email coordination, increasing operating losses and compliance exposure.",vocational training providers,$78.4B estimated annual addressable spend across 19 national markets,"PeakSystems provides a cloud platform that centralizes credential verification, connects external data feeds, and automates exception handling through configurable workflows.",Deployment architecture supports intermittent connectivity environments common across secondary markets.,Existing distribution agreements with sector operators provide direct access to procurement teams across three countries.,Usage-based billing; premium analytics modules; integration retainers,Usage-based pricing indexed to transaction activity and storage requirements.,Targeted account-based marketing; implementation partners; compliance webinars,2311101,16177707,261938,15 months,approved
NorthBase,NorthBase develops operational software for solar installers managing maintenance dispatch. The company is raising capital to expand enterprise integrations and scale regional sales operations.,ecommerce,series-a,6992618,USD,"solar installers continue to manage maintenance dispatch through spreadsheets and email coordination, increasing operating losses and compliance exposure.",solar installers,$33.9B estimated annual addressable spend across 7 national markets,"NorthBase provides a cloud platform that centralizes maintenance dispatch, connects external data feeds, and automates exception handling through configurable workflows.",The platform incorporates sector-specific compliance workflows rarely supported by horizontal software vendors.,Exclusive access to proprietary operational datasets improves forecasting accuracy during onboarding.,Annual platform subscriptions; implementation services; support retainers,Monthly subscription structure combined with one-time deployment charges.,Pilot deployments with anchor customers; sector trade events; executive referrals,1177531,9420248,277119,26 months,approved
CobaltWorks,CobaltWorks is preparing a commercial platform connected to fleet scheduling within the legaltech sector and is seeking funding to complete product development and marketing activities.,legaltech,series-a,3990356,GBP,Businesses involved in fleet scheduling often mention administrative inefficiencies but purchasing priorities remain inconsistent.,warehouse operators,Internal assumptions suggest broad demand among digital businesses,CobaltWorks plans to introduce a platform related to fleet scheduling with a combination of automation features and reporting tools for commercial users.,Native integrations with regional financial and regulatory systems reduce migration friction for enterprise clients.,The company expects product flexibility to support future differentiation as the market evolves.,Subscription contracts; onboarding fees; API access charges,Monthly subscription structure combined with one-time deployment charges.,Targeted account-based marketing; implementation partners; compliance webinars,0,96656616,811666,5 months,rejected
RiverTransit,RiverTransit develops operational software for property managers managing tenant documentation. The company is raising capital to expand enterprise integrations and scale regional sales operations.,logistics,pre-seed,5811858,AED,"Companies handling tenant documentation lack integrated visibility across suppliers, regulators, and internal systems, creating avoidable operational costs.",property managers,$44.9B estimated annual addressable spend across 13 national markets,"RiverTransit provides a cloud platform that centralizes tenant documentation, connects external data feeds, and automates exception handling through configurable workflows.",The platform incorporates sector-specific compliance workflows rarely supported by horizontal software vendors.,Existing distribution agreements with sector operators provide direct access to procurement teams across three countries.,Annual platform subscriptions; implementation services; support retainers,Tiered annual contracts priced according to active accounts and processing volume.,Direct procurement outreach; channel reseller agreements; referral incentives,55966,447728,206976,13 months,approved
RiverBridge,RiverBridge develops operational software for property managers managing tenant documentation. The company is raising capital to expand enterprise integrations and scale regional sales operations.,agritech,seed,2870709,SGD,"property managers continue to manage tenant documentation through spreadsheets and email coordination, increasing operating losses and compliance exposure.",property managers,$71.5B estimated annual addressable spend across 8 national markets,"RiverBridge provides a cloud platform that centralizes tenant documentation, connects external data feeds, and automates exception handling through configurable workflows.",Deployment architecture supports intermittent connectivity environments common across secondary markets.,Exclusive access to proprietary operational datasets improves forecasting accuracy during onboarding.,Annual platform subscriptions; implementation services; support retainers,Usage-based pricing indexed to transaction activity and storage requirements.,Industry association partnerships; outbound enterprise sales; regional conferences,1985651,7942604,229649,30 months,approved
RedwoodGrid,RedwoodGrid is preparing a commercial platform connected to tenant documentation within the logistics sector and is seeking funding to complete product development and marketing activities.,logistics,idea,2723381,EUR,"The current environment around tenant documentation appears difficult for some operators, though quantitative benchmarks are limited.",property managers,The company references a large international customer base without quantified segmentation,RedwoodGrid plans to introduce a platform related to tenant documentation with a combination of automation features and reporting tools for commercial users.,Native integrations with regional financial and regulatory systems reduce migration friction for enterprise clients.,"Several competitors operate in adjacent categories, though management expects demand to expand over time.",Usage-based billing; premium analytics modules; integration retainers,Enterprise licensing agreements negotiated on multi-year procurement cycles.,Industry association partnerships; outbound enterprise sales; regional conferences,2882,51557763,374199,6 months,rejected
RedwoodGrid,RedwoodGrid develops operational software for vocational training providers managing credential verification. The company is raising capital to expand enterprise integrations and scale regional sales operations.,legaltech,seed,4621116,USD,"vocational training providers continue to manage credential verification through spreadsheets and email coordination, increasing operating losses and compliance exposure.",vocational training providers,$66.4B estimated annual addressable spend across 14 national markets,"RedwoodGrid provides a cloud platform that centralizes credential verification, connects external data feeds, and automates exception handling through configurable workflows.",Historical benchmarking data collected from pilot customers enables risk scoring unavailable through standard ERP systems.,Existing distribution agreements with sector operators provide direct access to procurement teams across three countries.,Annual platform subscriptions; implementation services; support retainers,Enterprise licensing agreements negotiated on multi-year procurement cycles.,Pilot deployments with anchor customers; sector trade events; executive referrals,209698,1677584,262107,12 months,approved
HarborMetrics,HarborMetrics develops operational software for vocational training providers managing credential verification. The company is raising capital to expand enterprise integrations and scale regional sales operations.,edtech,seed,7467444,EUR,"vocational training providers continue to manage credential verification through spreadsheets and email coordination, increasing operating losses and compliance exposure.",vocational training providers,$48.1B estimated annual addressable spend across 17 national markets,"HarborMetrics provides a cloud platform that centralizes credential verification, connects external data feeds, and automates exception handling through configurable workflows.",Deployment architecture supports intermittent connectivity environments common across secondary markets.,Multi-year integration relationships with incumbent vendors create switching barriers for competing entrants.,Transaction commissions; enterprise licensing; compliance reporting services,Monthly subscription structure combined with one-time deployment charges.,Direct procurement outreach; channel reseller agreements; referral incentives,1744177,5232531,29868,16 months,approved
BlueMarkets,BlueMarkets develops operational software for vocational training providers managing credential verification. The company is raising capital to expand enterprise integrations and scale regional sales operations.,agritech,pre-seed,3140894,EUR,"Independent vocational training providers rely on fragmented credential verification workflows, resulting in delayed reporting cycles and unresolved transaction discrepancies.",vocational training providers,$63.7B estimated annual addressable spend across 6 national markets,"BlueMarkets provides a cloud platform that centralizes credential verification, connects external data feeds, and automates exception handling through configurable workflows.",Historical benchmarking data collected from pilot customers enables risk scoring unavailable through standard ERP systems.,Existing distribution agreements with sector operators provide direct access to procurement teams across three countries.,Transaction commissions; enterprise licensing; compliance reporting services,Usage-based pricing indexed to transaction activity and storage requirements.,Direct procurement outreach; channel reseller agreements; referral incentives,1413555,7067775,156104,21 months,approved
PeakChain,PeakChain develops operational software for property managers managing tenant documentation. The company is raising capital to expand enterprise integrations and scale regional sales operations.,ecommerce,seed,4963666,EUR,"Independent property managers rely on fragmented tenant documentation workflows, resulting in delayed reporting cycles and unresolved transaction discrepancies.",property managers,$28.1B estimated annual addressable spend across 16 national markets,"PeakChain provides a cloud platform that centralizes tenant documentation, connects external data feeds, and automates exception handling through configurable workflows.",Historical benchmarking data collected from pilot customers enables risk scoring unavailable through standard ERP systems.,The founding team previously managed operational infrastructure within the target industry and secured early reference accounts.,Subscription contracts; onboarding fees; API access charges,Usage-based pricing indexed to transaction activity and storage requirements.,Industry association partnerships; outbound enterprise sales; regional conferences,1556887,10898209,172198,25 months,approved
NorthLogic,NorthLogic develops operational software for solar installers managing maintenance dispatch. The company is raising capital to expand enterprise integrations and scale regional sales operations.,logistics,series-a,6020492,AED,"Companies handling maintenance dispatch lack integrated visibility across suppliers, regulators, and internal systems, creating avoidable operational costs.",solar installers,$16.6B estimated annual addressable spend across 19 national markets,"NorthLogic provides a cloud platform that centralizes maintenance dispatch, connects external data feeds, and automates exception handling through configurable workflows.",Historical benchmarking data collected from pilot customers enables risk scoring unavailable through standard ERP systems.,Existing distribution agreements with sector operators provide direct access to procurement teams across three countries.,Annual platform subscriptions; implementation services; support retainers,Enterprise licensing agreements negotiated on multi-year procurement cycles.,Direct procurement outreach; channel reseller agreements; referral incentives,1760691,14085528,264449,18 months,approved
PioneerCloud,PioneerCloud develops operational software for municipal clinics managing patient referral management. The company is raising capital to expand enterprise integrations and scale regional sales operations.,cleantech,seed,6702686,SGD,"Independent municipal clinics rely on fragmented patient referral management workflows, resulting in delayed reporting cycles and unresolved transaction discrepancies.",municipal clinics,$17.0B estimated annual addressable spend across 10 national markets,"PioneerCloud provides a cloud platform that centralizes patient referral management, connects external data feeds, and automates exception handling through configurable workflows.",Historical benchmarking data collected from pilot customers enables risk scoring unavailable through standard ERP systems.,Multi-year integration relationships with incumbent vendors create switching barriers for competing entrants.,Annual platform subscriptions; implementation services; support retainers,Usage-based pricing indexed to transaction activity and storage requirements.,Direct procurement outreach; channel reseller agreements; referral incentives,1075287,4301148,178872,19 months,approved
RedwoodGrid,RedwoodGrid is preparing a commercial platform connected to claims intake within the ecommerce sector and is seeking funding to complete product development and marketing activities.,ecommerce,pre-seed,4763360,AED,"The current environment around claims intake appears difficult for some operators, though quantitative benchmarks are limited.",insurance brokers,Management estimates the market opportunity to be substantial across multiple regions,RedwoodGrid plans to introduce a platform related to claims intake with a combination of automation features and reporting tools for commercial users.,Historical benchmarking data collected from pilot customers enables risk scoring unavailable through standard ERP systems.,The business intends to establish brand recognition following product launch activities.,Usage-based billing; premium analytics modules; integration retainers,Usage-based pricing indexed to transaction activity and storage requirements.,Pilot deployments with anchor customers; sector trade events; executive referrals,6046,35983611,757473,6 months,rejected
BlueCloud,BlueCloud is preparing a commercial platform connected to fleet scheduling within the healthtech sector and is seeking funding to complete product development and marketing activities.,healthtech,series-a,293591,AED,Businesses involved in fleet scheduling often mention administrative inefficiencies but purchasing priorities remain inconsistent.,warehouse operators,Leadership expects long-term expansion as adoption of software tools increases,BlueCloud plans to introduce a platform related to fleet scheduling with a combination of automation features and reporting tools for commercial users.,Historical benchmarking data collected from pilot customers enables risk scoring unavailable through standard ERP systems.,"Several competitors operate in adjacent categories, though management expects demand to expand over time.",Annual platform subscriptions; implementation services; support retainers,Monthly subscription structure combined with one-time deployment charges.,Targeted account-based marketing; implementation partners; compliance webinars,9270,82253889,384497,3 months,rejected
ApexWorks,ApexWorks is preparing a commercial platform connected to cross-border payment reconciliation within the edtech sector and is seeking funding to complete product development and marketing activities.,edtech,idea,5488231,AED,"The current environment around cross-border payment reconciliation appears difficult for some operators, though quantitative benchmarks are limited.",regional freight operators,Leadership expects long-term expansion as adoption of software tools increases,ApexWorks plans to introduce a platform related to cross-border payment reconciliation with a combination of automation features and reporting tools for commercial users.,Deployment architecture supports intermittent connectivity environments common across secondary markets.,"Several competitors operate in adjacent categories, though management expects demand to expand over time.",Usage-based billing; premium analytics modules; integration retainers,Usage-based pricing indexed to transaction activity and storage requirements.,Direct procurement outreach; channel reseller agreements; referral incentives,6084,43491858,853611,4 months,rejected
HarborLabs,HarborLabs develops operational software for retail distributors managing inventory forecasting. The company is raising capital to expand enterprise integrations and scale regional sales operations.,agritech,seed,3875185,EUR,"Independent retail distributors rely on fragmented inventory forecasting workflows, resulting in delayed reporting cycles and unresolved transaction discrepancies.",retail distributors,$15.4B estimated annual addressable spend across 6 national markets,"HarborLabs provides a cloud platform that centralizes inventory forecasting, connects external data feeds, and automates exception handling through configurable workflows.",The platform incorporates sector-specific compliance workflows rarely supported by horizontal software vendors.,The founding team previously managed operational infrastructure within the target industry and secured early reference accounts.,Transaction commissions; enterprise licensing; compliance reporting services,Monthly subscription structure combined with one-time deployment charges.,Pilot deployments with anchor customers; sector trade events; executive referrals,1160689,5803445,173504,13 months,approved
SignalLogic,SignalLogic is preparing a commercial platform connected to credential verification within the saas sector and is seeking funding to complete product development and marketing activities.,saas,idea,5575256,GBP,"The current environment around credential verification appears difficult for some operators, though quantitative benchmarks are limited.",vocational training providers,Internal assumptions suggest broad demand among digital businesses,SignalLogic plans to introduce a platform related to credential verification with a combination of automation features and reporting tools for commercial users.,Historical benchmarking data collected from pilot customers enables risk scoring unavailable through standard ERP systems.,The business intends to establish brand recognition following product launch activities.,Usage-based billing; premium analytics modules; integration retainers,Enterprise licensing agreements negotiated on multi-year procurement cycles.,Pilot deployments with anchor customers; sector trade events; executive referrals,0,20296796,408766,5 months,rejected
PioneerSystems,PioneerSystems develops operational software for mid-sized law firms managing contract review. The company is raising capital to expand enterprise integrations and scale regional sales operations.,agritech,seed,1396635,USD,"Companies handling contract review lack integrated visibility across suppliers, regulators, and internal systems, creating avoidable operational costs.",mid-sized law firms,$11.4B estimated annual addressable spend across 25 national markets,"PioneerSystems provides a cloud platform that centralizes contract review, connects external data feeds, and automates exception handling through configurable workflows.",Native integrations with regional financial and regulatory systems reduce migration friction for enterprise clients.,The founding team previously managed operational infrastructure within the target industry and secured early reference accounts.,Annual platform subscriptions; implementation services; support retainers,Monthly subscription structure combined with one-time deployment charges.,Pilot deployments with anchor customers; sector trade events; executive referrals,1907172,11443032,62180,18 months,approved
OakSync,OakSync develops operational software for vocational training providers managing credential verification. The company is raising capital to expand enterprise integrations and scale regional sales operations.,edtech,seed,1178853,EUR,"vocational training providers continue to manage credential verification through spreadsheets and email coordination, increasing operating losses and compliance exposure.",vocational training providers,$1.0B estimated annual addressable spend across 12 national markets,"OakSync provides a cloud platform that centralizes credential verification, connects external data feeds, and automates exception handling through configurable workflows.",Historical benchmarking data collected from pilot customers enables risk scoring unavailable through standard ERP systems.,Multi-year integration relationships with incumbent vendors create switching barriers for competing entrants.,Annual platform subscriptions; implementation services; support retainers,Monthly subscription structure combined with one-time deployment charges.,Targeted account-based marketing; implementation partners; compliance webinars,1138905,3416715,42296,13 months,approved
NorthPilot,NorthPilot is preparing a commercial platform connected to crop procurement tracking within the saas sector and is seeking funding to complete product development and marketing activities.,saas,idea,2577833,USD,"grain cooperatives face ongoing coordination challenges related to crop procurement tracking, although the scale of the issue varies across regions.",grain cooperatives,Internal assumptions suggest broad demand among digital businesses,NorthPilot plans to introduce a platform related to crop procurement tracking with a combination of automation features and reporting tools for commercial users.,Native integrations with regional financial and regulatory systems reduce migration friction for enterprise clients.,Management believes the market remains open to new entrants without significant barriers.,Transaction commissions; enterprise licensing; compliance reporting services,Tiered annual contracts priced according to active accounts and processing volume.,Direct procurement outreach; channel reseller agreements; referral incentives,0,21382850,544011,4 months,rejected
RedwoodChain,RedwoodChain is preparing a commercial platform connected to credential verification within the saas sector and is seeking funding to complete product development and marketing activities.,saas,idea,2758110,USD,Businesses involved in credential verification often mention administrative inefficiencies but purchasing priorities remain inconsistent.,vocational training providers,Leadership expects long-term expansion as adoption of software tools increases,RedwoodChain plans to introduce a platform related to credential verification with a combination of automation features and reporting tools for commercial users.,Native integrations with regional financial and regulatory systems reduce migration friction for enterprise clients.,"Several competitors operate in adjacent categories, though management expects demand to expand over time.",Usage-based billing; premium analytics modules; integration retainers,Tiered annual contracts priced according to active accounts and processing volume.,Pilot deployments with anchor customers; sector trade events; executive referrals,8068,13780247,763434,3 months,rejected
PeakFlow,PeakFlow is preparing a commercial platform connected to claims intake within the legaltech sector and is seeking funding to complete product development and marketing activities.,legaltech,series-a,5036325,USD,"insurance brokers face ongoing coordination challenges related to claims intake, although the scale of the issue varies across regions.",insurance brokers,Management estimates the market opportunity to be substantial across multiple regions,PeakFlow plans to introduce a platform related to claims intake with a combination of automation features and reporting tools for commercial users.,Historical benchmarking data collected from pilot customers enables risk scoring unavailable through standard ERP systems.,Management believes the market remains open to new entrants without significant barriers.,Subscription contracts; onboarding fees; API access charges,Usage-based pricing indexed to transaction activity and storage requirements.,Direct procurement outreach; channel reseller agreements; referral incentives,0,71879804,534529,8 months,rejected
VectorSync,VectorSync is preparing a commercial platform connected to claims intake within the ecommerce sector and is seeking funding to complete product development and marketing activities.,ecommerce,idea,7825005,EUR,"The current environment around claims intake appears difficult for some operators, though quantitative benchmarks are limited.",insurance brokers,Internal assumptions suggest broad demand among digital businesses,VectorSync plans to introduce a platform related to claims intake with a combination of automation features and reporting tools for commercial users.,Native integrations with regional financial and regulatory systems reduce migration friction for enterprise clients.,The business intends to establish brand recognition following product launch activities.,Transaction commissions; enterprise licensing; compliance reporting services,Tiered annual contracts priced according to active accounts and processing volume.,Targeted account-based marketing; implementation partners; compliance webinars,0,61932815,440930,3 months,rejected
ApexHealth,ApexHealth is preparing a commercial platform connected to inventory forecasting within the edtech sector and is seeking funding to complete product development and marketing activities.,edtech,seed,4192823,SGD,"retail distributors face ongoing coordination challenges related to inventory forecasting, although the scale of the issue varies across regions.",retail distributors,Leadership expects long-term expansion as adoption of software tools increases,ApexHealth plans to introduce a platform related to inventory forecasting with a combination of automation features and reporting tools for commercial users.,Native integrations with regional financial and regulatory systems reduce migration friction for enterprise clients.,"Several competitors operate in adjacent categories, though management expects demand to expand over time.",Usage-based billing; premium analytics modules; integration retainers,Usage-based pricing indexed to transaction activity and storage requirements.,Industry association partnerships; outbound enterprise sales; regional conferences,11808,80567080,675246,6 months,rejected
HarborCloud,HarborCloud is preparing a commercial platform connected to contract review within the agritech sector and is seeking funding to complete product development and marketing activities.,agritech,series-a,5997526,EUR,"The current environment around contract review appears difficult for some operators, though quantitative benchmarks are limited.",mid-sized law firms,The company references a large international customer base without quantified segmentation,HarborCloud plans to introduce a platform related to contract review with a combination of automation features and reporting tools for commercial users.,Deployment architecture supports intermittent connectivity environments common across secondary markets.,Management believes the market remains open to new entrants without significant barriers.,Usage-based billing; premium analytics modules; integration retainers,Monthly subscription structure combined with one-time deployment charges.,Targeted account-based marketing; implementation partners; compliance webinars,6404,28030317,451708,7 months,rejected
HarborCloud,HarborCloud is preparing a commercial platform connected to credential verification within the cleantech sector and is seeking funding to complete product development and marketing activities.,cleantech,series-a,5549464,USD,Businesses involved in credential verification often mention administrative inefficiencies but purchasing priorities remain inconsistent.,vocational training providers,Internal assumptions suggest broad demand among digital businesses,HarborCloud plans to introduce a platform related to credential verification with a combination of automation features and reporting tools for commercial users.,Historical benchmarking data collected from pilot customers enables risk scoring unavailable through standard ERP systems.,The company expects product flexibility to support future differentiation as the market evolves.,Subscription contracts; onboarding fees; API access charges,Usage-based pricing indexed to transaction activity and storage requirements.,Direct procurement outreach; channel reseller agreements; referral incentives,9330,86116680,879281,7 months,rejected
OakGrid,OakGrid is preparing a commercial platform connected to tenant documentation within the saas sector and is seeking funding to complete product development and marketing activities.,saas,series-a,2585801,GBP,"The current environment around tenant documentation appears difficult for some operators, though quantitative benchmarks are limited.",property managers,Leadership expects long-term expansion as adoption of software tools increases,OakGrid plans to introduce a platform related to tenant documentation with a combination of automation features and reporting tools for commercial users.,The platform incorporates sector-specific compliance workflows rarely supported by horizontal software vendors.,"Several competitors operate in adjacent categories, though management expects demand to expand over time.",Usage-based billing; premium analytics modules; integration retainers,Tiered annual contracts priced according to active accounts and processing volume.,Direct procurement outreach; channel reseller agreements; referral incentives,14179,70979748,782423,6 months,rejected
SummitMarkets,SummitMarkets develops operational software for solar installers managing maintenance dispatch. The company is raising capital to expand enterprise integrations and scale regional sales operations.,proptech,seed,7430002,AED,"Independent solar installers rely on fragmented maintenance dispatch workflows, resulting in delayed reporting cycles and unresolved transaction discrepancies.",solar installers,$82.4B estimated annual addressable spend across 20 national markets,"SummitMarkets provides a cloud platform that centralizes maintenance dispatch, connects external data feeds, and automates exception handling through configurable workflows.",Native integrations with regional financial and regulatory systems reduce migration friction for enterprise clients.,Existing distribution agreements with sector operators provide direct access to procurement teams across three countries.,Transaction commissions; enterprise licensing; compliance reporting services,Enterprise licensing agreements negotiated on multi-year procurement cycles.,Pilot deployments with anchor customers; sector trade events; executive referrals,1536044,7680220,37593,30 months,approved
HarborWorks,HarborWorks develops operational software for vocational training providers managing credential verification. The company is raising capital to expand enterprise integrations and scale regional sales operations.,agritech,series-a,3532199,USD,"vocational training providers continue to manage credential verification through spreadsheets and email coordination, increasing operating losses and compliance exposure.",vocational training providers,$26.5B estimated annual addressable spend across 22 national markets,"HarborWorks provides a cloud platform that centralizes credential verification, connects external data feeds, and automates exception handling through configurable workflows.",Historical benchmarking data collected from pilot customers enables risk scoring unavailable through standard ERP systems.,The founding team previously managed operational infrastructure within the target industry and secured early reference accounts.,Transaction commissions; enterprise licensing; compliance reporting services,Tiered annual contracts priced according to active accounts and processing volume.,Direct procurement outreach; channel reseller agreements; referral incentives,2285341,15997387,235425,27 months,approved
ApexMarkets,ApexMarkets is preparing a commercial platform connected to claims intake within the fintech sector and is seeking funding to complete product development and marketing activities.,fintech,pre-seed,2594183,EUR,"insurance brokers face ongoing coordination challenges related to claims intake, although the scale of the issue varies across regions.",insurance brokers,Management estimates the market opportunity to be substantial across multiple regions,ApexMarkets plans to introduce a platform related to claims intake with a combination of automation features and reporting tools for commercial users.,Native integrations with regional financial and regulatory systems reduce migration friction for enterprise clients.,The company expects product flexibility to support future differentiation as the market evolves.,Usage-based billing; premium analytics modules; integration retainers,Usage-based pricing indexed to transaction activity and storage requirements.,Targeted account-based marketing; implementation partners; compliance webinars,0,118292251,263333,3 months,rejected
CobaltMetrics,CobaltMetrics develops operational software for insurance brokers managing claims intake. The company is raising capital to expand enterprise integrations and scale regional sales operations.,legaltech,pre-seed,2558458,USD,"Independent insurance brokers rely on fragmented claims intake workflows, resulting in delayed reporting cycles and unresolved transaction discrepancies.",insurance brokers,$78.8B estimated annual addressable spend across 15 national markets,"CobaltMetrics provides a cloud platform that centralizes claims intake, connects external data feeds, and automates exception handling through configurable workflows.",Native integrations with regional financial and regulatory systems reduce migration friction for enterprise clients.,Multi-year integration relationships with incumbent vendors create switching barriers for competing entrants.,Usage-based billing; premium analytics modules; integration retainers,Tiered annual contracts priced according to active accounts and processing volume.,Targeted account-based marketing; implementation partners; compliance webinars,1096364,7674548,88876,15 months,approved
HarborWorks,HarborWorks is preparing a commercial platform connected to crop procurement tracking within the agritech sector and is seeking funding to complete product development and marketing activities.,agritech,series-a,2429223,SGD,Businesses involved in crop procurement tracking often mention administrative inefficiencies but purchasing priorities remain inconsistent.,grain cooperatives,Leadership expects long-term expansion as adoption of software tools increases,HarborWorks plans to introduce a platform related to crop procurement tracking with a combination of automation features and reporting tools for commercial users.,Deployment architecture supports intermittent connectivity environments common across secondary markets.,"Several competitors operate in adjacent categories, though management expects demand to expand over time.",Subscription contracts; onboarding fees; API access charges,Usage-based pricing indexed to transaction activity and storage requirements.,Direct procurement outreach; channel reseller agreements; referral incentives,0,76891947,807828,6 months,rejected
NorthCapital,NorthCapital is preparing a commercial platform connected to cross-border payment reconciliation within the saas sector and is seeking funding to complete product development and marketing activities.,saas,series-a,6476489,USD,"The current environment around cross-border payment reconciliation appears difficult for some operators, though quantitative benchmarks are limited.",regional freight operators,Management estimates the market opportunity to be substantial across multiple regions,NorthCapital plans to introduce a platform related to cross-border payment reconciliation with a combination of automation features and reporting tools for commercial users.,Deployment architecture supports intermittent connectivity environments common across secondary markets.,The business intends to establish brand recognition following product launch activities.,Transaction commissions; enterprise licensing; compliance reporting services,Enterprise licensing agreements negotiated on multi-year procurement cycles.,Direct procurement outreach; channel reseller agreements; referral incentives,0,49072064,343924,5 months,rejected
ApexMarkets,ApexMarkets is preparing a commercial platform connected to claims intake within the agritech sector and is seeking funding to complete product development and marketing activities.,agritech,seed,6509166,GBP,"insurance brokers face ongoing coordination challenges related to claims intake, although the scale of the issue varies across regions.",insurance brokers,Internal assumptions suggest broad demand among digital businesses,ApexMarkets plans to introduce a platform related to claims intake with a combination of automation features and reporting tools for commercial users.,Deployment architecture supports intermittent connectivity environments common across secondary markets.,The business intends to establish brand recognition following product launch activities.,Subscription contracts; onboarding fees; API access charges,Usage-based pricing indexed to transaction activity and storage requirements.,Direct procurement outreach; channel reseller agreements; referral incentives,0,10374609,829481,7 months,rejected
RedwoodSync,RedwoodSync develops operational software for vocational training providers managing credential verification. The company is raising capital to expand enterprise integrations and scale regional sales operations.,saas,pre-seed,3407351,USD,"Independent vocational training providers rely on fragmented credential verification workflows, resulting in delayed reporting cycles and unresolved transaction discrepancies.",vocational training providers,$43.8B estimated annual addressable spend across 12 national markets,"RedwoodSync provides a cloud platform that centralizes credential verification, connects external data feeds, and automates exception handling through configurable workflows.",Historical benchmarking data collected from pilot customers enables risk scoring unavailable through standard ERP systems.,The founding team previously managed operational infrastructure within the target industry and secured early reference accounts.,Transaction commissions; enterprise licensing; compliance reporting services,Tiered annual contracts priced according to active accounts and processing volume.,Pilot deployments with anchor customers; sector trade events; executive referrals,1539867,6159468,90203,27 months,approved
SummitPilot,SummitPilot is preparing a commercial platform connected to cross-border payment reconciliation within the logistics sector and is seeking funding to complete product development and marketing activities.,logistics,series-a,6144927,AED,"The current environment around cross-border payment reconciliation appears difficult for some operators, though quantitative benchmarks are limited.",regional freight operators,Management estimates the market opportunity to be substantial across multiple regions,SummitPilot plans to introduce a platform related to cross-border payment reconciliation with a combination of automation features and reporting tools for commercial users.,Deployment architecture supports intermittent connectivity environments common across secondary markets.,Management believes the market remains open to new entrants without significant barriers.,Transaction commissions; enterprise licensing; compliance reporting services,Enterprise licensing agreements negotiated on multi-year procurement cycles.,Targeted account-based marketing; implementation partners; compliance webinars,0,71939605,703223,8 months,rejected
StoneDynamics,StoneDynamics develops operational software for property managers managing tenant documentation. The company is raising capital to expand enterprise integrations and scale regional sales operations.,logistics,series-a,6088299,AED,"property managers continue to manage tenant documentation through spreadsheets and email coordination, increasing operating losses and compliance exposure.",property managers,$21.3B estimated annual addressable spend across 5 national markets,"StoneDynamics provides a cloud platform that centralizes tenant documentation, connects external data feeds, and automates exception handling through configurable workflows.",Native integrations with regional financial and regulatory systems reduce migration friction for enterprise clients.,Existing distribution agreements with sector operators provide direct access to procurement teams across three countries.,Usage-based billing; premium analytics modules; integration retainers,Usage-based pricing indexed to transaction activity and storage requirements.,Industry association partnerships; outbound enterprise sales; regional conferences,392342,1177026,106109,13 months,approved
SummitLabs,SummitLabs develops operational software for warehouse operators managing fleet scheduling. The company is raising capital to expand enterprise integrations and scale regional sales operations.,saas,idea,4708932,SGD,"Companies handling fleet scheduling lack integrated visibility across suppliers, regulators, and internal systems, creating avoidable operational costs.",warehouse operators,$44.4B estimated annual addressable spend across 21 national markets,"SummitLabs provides a cloud platform that centralizes fleet scheduling, connects external data feeds, and automates exception handling through configurable workflows.",Historical benchmarking data collected from pilot customers enables risk scoring unavailable through standard ERP systems.,The founding team previously managed operational infrastructure within the target industry and secured early reference accounts.,Usage-based billing; premium analytics modules; integration retainers,Usage-based pricing indexed to transaction activity and storage requirements.,Industry association partnerships; outbound enterprise sales; regional conferences,1575661,4726983,278092,22 months,approved
CobaltMarkets,CobaltMarkets is preparing a commercial platform connected to cross-border payment reconciliation within the proptech sector and is seeking funding to complete product development and marketing activities.,proptech,series-a,6923617,SGD,"regional freight operators face ongoing coordination challenges related to cross-border payment reconciliation, although the scale of the issue varies across regions.",regional freight operators,Leadership expects long-term expansion as adoption of software tools increases,CobaltMarkets plans to introduce a platform related to cross-border payment reconciliation with a combination of automation features and reporting tools for commercial users.,Deployment architecture supports intermittent connectivity environments common across secondary markets.,"Several competitors operate in adjacent categories, though management expects demand to expand over time.",Usage-based billing; premium analytics modules; integration retainers,Monthly subscription structure combined with one-time deployment charges.,Direct procurement outreach; channel reseller agreements; referral incentives,0,29509874,396314,7 months,rejected
PioneerChain,PioneerChain is preparing a commercial platform connected to patient referral management within the agritech sector and is seeking funding to complete product development and marketing activities.,agritech,idea,1306539,USD,Businesses involved in patient referral management often mention administrative inefficiencies but purchasing priorities remain inconsistent.,municipal clinics,Management estimates the market opportunity to be substantial across multiple regions,PioneerChain plans to introduce a platform related to patient referral management with a combination of automation features and reporting tools for commercial users.,Historical benchmarking data collected from pilot customers enables risk scoring unavailable through standard ERP systems.,Management believes the market remains open to new entrants without significant barriers.,Annual platform subscriptions; implementation services; support retainers,Tiered annual contracts priced according to active accounts and processing volume.,Direct procurement outreach; channel reseller agreements; referral incentives,0,20921965,301283,5 months,rejected
VectorPilot,VectorPilot develops operational software for regional freight operators managing cross-border payment reconciliation. The company is raising capital to expand enterprise integrations and scale regional sales operations.,edtech,series-a,4142156,SGD,"Independent regional freight operators rely on fragmented cross-border payment reconciliation workflows, resulting in delayed reporting cycles and unresolved transaction discrepancies.",regional freight operators,$3.0B estimated annual addressable spend across 17 national markets,"VectorPilot provides a cloud platform that centralizes cross-border payment reconciliation, connects external data feeds, and automates exception handling through configurable workflows.",Native integrations with regional financial and regulatory systems reduce migration friction for enterprise clients.,Multi-year integration relationships with incumbent vendors create switching barriers for competing entrants.,Annual platform subscriptions; implementation services; support retainers,Monthly subscription structure combined with one-time deployment charges.,Pilot deployments with anchor customers; sector trade events; executive referrals,527687,1583061,171929,19 months,approved
PioneerPilot,PioneerPilot develops operational software for warehouse operators managing fleet scheduling. The company is raising capital to expand enterprise integrations and scale regional sales operations.,proptech,series-a,6971556,EUR,"Companies handling fleet scheduling lack integrated visibility across suppliers, regulators, and internal systems, creating avoidable operational costs.",warehouse operators,$27.7B estimated annual addressable spend across 20 national markets,"PioneerPilot provides a cloud platform that centralizes fleet scheduling, connects external data feeds, and automates exception handling through configurable workflows.",Historical benchmarking data collected from pilot customers enables risk scoring unavailable through standard ERP systems.,The founding team previously managed operational infrastructure within the target industry and secured early reference accounts.,Subscription contracts; onboarding fees; API access charges,Monthly subscription structure combined with one-time deployment charges.,Industry association partnerships; outbound enterprise sales; regional conferences,1910702,9553510,113695,26 months,approved
ApexBase,ApexBase is preparing a commercial platform connected to inventory forecasting within the legaltech sector and is seeking funding to complete product development and marketing activities.,legaltech,seed,6840836,USD,"The current environment around inventory forecasting appears difficult for some operators, though quantitative benchmarks are limited.",retail distributors,Management estimates the market opportunity to be substantial across multiple regions,ApexBase plans to introduce a platform related to inventory forecasting with a combination of automation features and reporting tools for commercial users.,The platform incorporates sector-specific compliance workflows rarely supported by horizontal software vendors.,The company expects product flexibility to support future differentiation as the market evolves.,Transaction commissions; enterprise licensing; compliance reporting services,Monthly subscription structure combined with one-time deployment charges.,Industry association partnerships; outbound enterprise sales; regional conferences,11281,118676802,826857,3 months,rejected
CobaltChain,CobaltChain develops operational software for vocational training providers managing credential verification. The company is raising capital to expand enterprise integrations and scale regional sales operations.,proptech,pre-seed,4274091,SGD,"Independent vocational training providers rely on fragmented credential verification workflows, resulting in delayed reporting cycles and unresolved transaction discrepancies.",vocational training providers,$1.9B estimated annual addressable spend across 9 national markets,"CobaltChain provides a cloud platform that centralizes credential verification, connects external data feeds, and automates exception handling through configurable workflows.",Historical benchmarking data collected from pilot customers enables risk scoring unavailable through standard ERP systems.,The founding team previously managed operational infrastructure within the target industry and secured early reference accounts.,Annual platform subscriptions; implementation services; support retainers,Enterprise licensing agreements negotiated on multi-year procurement cycles.,Direct procurement outreach; channel reseller agreements; referral incentives,849890,2549670,181043,25 months,approved
OakLedger,OakLedger is preparing a commercial platform connected to inventory forecasting within the edtech sector and is seeking funding to complete product development and marketing activities.,edtech,series-a,5152800,EUR,"The current environment around inventory forecasting appears difficult for some operators, though quantitative benchmarks are limited.",retail distributors,The company references a large international customer base without quantified segmentation,OakLedger plans to introduce a platform related to inventory forecasting with a combination of automation features and reporting tools for commercial users.,Native integrations with regional financial and regulatory systems reduce migration friction for enterprise clients.,Management believes the market remains open to new entrants without significant barriers.,Subscription contracts; onboarding fees; API access charges,Tiered annual contracts priced according to active accounts and processing volume.,Direct procurement outreach; channel reseller agreements; referral incentives,0,72267409,846115,5 months,rejected
CobaltBase,CobaltBase develops operational software for solar installers managing maintenance dispatch. The company is raising capital to expand enterprise integrations and scale regional sales operations.,legaltech,idea,3418341,AED,"solar installers continue to manage maintenance dispatch through spreadsheets and email coordination, increasing operating losses and compliance exposure.",solar installers,$74.2B estimated annual addressable spend across 16 national markets,"CobaltBase provides a cloud platform that centralizes maintenance dispatch, connects external data feeds, and automates exception handling through configurable workflows.",The platform incorporates sector-specific compliance workflows rarely supported by horizontal software vendors.,Exclusive access to proprietary operational datasets improves forecasting accuracy during onboarding.,Subscription contracts; onboarding fees; API access charges,Usage-based pricing indexed to transaction activity and storage requirements.,Pilot deployments with anchor customers; sector trade events; executive referrals,1177529,9420232,206446,24 months,approved
VectorMarkets,VectorMarkets is preparing a commercial platform connected to claims intake within the legaltech sector and is seeking funding to complete product development and marketing activities.,legaltech,series-a,6593437,SGD,"insurance brokers face ongoing coordination challenges related to claims intake, although the scale of the issue varies across regions.",insurance brokers,Internal assumptions suggest broad demand among digital businesses,VectorMarkets plans to introduce a platform related to claims intake with a combination of automation features and reporting tools for commercial users.,Historical benchmarking data collected from pilot customers enables risk scoring unavailable through standard ERP systems.,The business intends to establish brand recognition following product launch activities.,Transaction commissions; enterprise licensing; compliance reporting services,Usage-based pricing indexed to transaction activity and storage requirements.,Industry association partnerships; outbound enterprise sales; regional conferences,7447,14614973,192251,8 months,rejected
SummitMarkets,SummitMarkets is preparing a commercial platform connected to cross-border payment reconciliation within the legaltech sector and is seeking funding to complete product development and marketing activities.,legaltech,seed,7090847,EUR,Businesses involved in cross-border payment reconciliation often mention administrative inefficiencies but purchasing priorities remain inconsistent.,regional freight operators,The company references a large international customer base without quantified segmentation,SummitMarkets plans to introduce a platform related to cross-border payment reconciliation with a combination of automation features and reporting tools for commercial users.,Historical benchmarking data collected from pilot customers enables risk scoring unavailable through standard ERP systems.,Management believes the market remains open to new entrants without significant barriers.,Usage-based billing; premium analytics modules; integration retainers,Usage-based pricing indexed to transaction activity and storage requirements.,Industry association partnerships; outbound enterprise sales; regional conferences,0,43719055,830845,5 months,rejected
LatticeChain,LatticeChain develops operational software for regional freight operators managing cross-border payment reconciliation. The company is raising capital to expand enterprise integrations and scale regional sales operations.,logistics,series-a,5891347,USD,"Independent regional freight operators rely on fragmented cross-border payment reconciliation workflows, resulting in delayed reporting cycles and unresolved transaction discrepancies.",regional freight operators,$16.9B estimated annual addressable spend across 11 national markets,"LatticeChain provides a cloud platform that centralizes cross-border payment reconciliation, connects external data feeds, and automates exception handling through configurable workflows.",Native integrations with regional financial and regulatory systems reduce migration friction for enterprise clients.,The founding team previously managed operational infrastructure within the target industry and secured early reference accounts.,Annual platform subscriptions; implementation services; support retainers,Usage-based pricing indexed to transaction activity and storage requirements.,Targeted account-based marketing; implementation partners; compliance webinars,401213,1604852,167193,27 months,approved
SummitGrid,SummitGrid develops operational software for insurance brokers managing claims intake. The company is raising capital to expand enterprise integrations and scale regional sales operations.,fintech,seed,5888005,AED,"Independent insurance brokers rely on fragmented claims intake workflows, resulting in delayed reporting cycles and unresolved transaction discrepancies.",insurance brokers,$71.7B estimated annual addressable spend across 3 national markets,"SummitGrid provides a cloud platform that centralizes claims intake, connects external data feeds, and automates exception handling through configurable workflows.",Historical benchmarking data collected from pilot customers enables risk scoring unavailable through standard ERP systems.,Existing distribution agreements with sector operators provide direct access to procurement teams across three countries.,Annual platform subscriptions; implementation services; support retainers,Usage-based pricing indexed to transaction activity and storage requirements.,Direct procurement outreach; channel reseller agreements; referral incentives,1286893,9008251,97970,23 months,approved
RedwoodSystems,RedwoodSystems develops operational software for vocational training providers managing credential verification. The company is raising capital to expand enterprise integrations and scale regional sales operations.,cleantech,seed,7389952,EUR,"Independent vocational training providers rely on fragmented credential verification workflows, resulting in delayed reporting cycles and unresolved transaction discrepancies.",vocational training providers,$67.9B estimated annual addressable spend across 8 national markets,"RedwoodSystems provides a cloud platform that centralizes credential verification, connects external data feeds, and automates exception handling through configurable workflows.",Deployment architecture supports intermittent connectivity environments common across secondary markets.,Multi-year integration relationships with incumbent vendors create switching barriers for competing entrants.,Annual platform subscriptions; implementation services; support retainers,Monthly subscription structure combined with one-time deployment charges.,Pilot deployments with anchor customers; sector trade events; executive referrals,2077845,16622760,135603,14 months,approved
ApexCapital,ApexCapital develops operational software for mid-sized law firms managing contract review. The company is raising capital to expand enterprise integrations and scale regional sales operations.,agritech,pre-seed,802821,GBP,"Independent mid-sized law firms rely on fragmented contract review workflows, resulting in delayed reporting cycles and unresolved transaction discrepancies.",mid-sized law firms,$42.1B estimated annual addressable spend across 6 national markets,"ApexCapital provides a cloud platform that centralizes contract review, connects external data feeds, and automates exception handling through configurable workflows.",Deployment architecture supports intermittent connectivity environments common across secondary markets.,Multi-year integration relationships with incumbent vendors create switching barriers for competing entrants.,Usage-based billing; premium analytics modules; integration retainers,Usage-based pricing indexed to transaction activity and storage requirements.,Targeted account-based marketing; implementation partners; compliance webinars,933865,5603190,299800,21 months,approved
SignalAnalytics,SignalAnalytics is preparing a commercial platform connected to inventory forecasting within the saas sector and is seeking funding to complete product development and marketing activities.,saas,series-a,2583403,SGD,Businesses involved in inventory forecasting often mention administrative inefficiencies but purchasing priorities remain inconsistent.,retail distributors,Management estimates the market opportunity to be substantial across multiple regions,SignalAnalytics plans to introduce a platform related to inventory forecasting with a combination of automation features and reporting tools for commercial users.,The platform incorporates sector-specific compliance workflows rarely supported by horizontal software vendors.,The business intends to establish brand recognition following product launch activities.,Annual platform subscriptions; implementation services; support retainers,Usage-based pricing indexed to transaction activity and storage requirements.,Targeted account-based marketing; implementation partners; compliance webinars,4524,31806242,434867,7 months,rejected
PioneerGrid,PioneerGrid develops operational software for property managers managing tenant documentation. The company is raising capital to expand enterprise integrations and scale regional sales operations.,logistics,series-a,3393957,USD,"Companies handling tenant documentation lack integrated visibility across suppliers, regulators, and internal systems, creating avoidable operational costs.",property managers,$56.6B estimated annual addressable spend across 13 national markets,"PioneerGrid provides a cloud platform that centralizes tenant documentation, connects external data feeds, and automates exception handling through configurable workflows.",Native integrations with regional financial and regulatory systems reduce migration friction for enterprise clients.,The founding team previously managed operational infrastructure within the target industry and secured early reference accounts.,Usage-based billing; premium analytics modules; integration retainers,Enterprise licensing agreements negotiated on multi-year procurement cycles.,Industry association partnerships; outbound enterprise sales; regional conferences,531376,1594128,119039,29 months,approved
CobaltFlow,CobaltFlow develops operational software for warehouse operators managing fleet scheduling. The company is raising capital to expand enterprise integrations and scale regional sales operations.,agritech,series-a,4381438,SGD,"warehouse operators continue to manage fleet scheduling through spreadsheets and email coordination, increasing operating losses and compliance exposure.",warehouse operators,$26.9B estimated annual addressable spend across 4 national markets,"CobaltFlow provides a cloud platform that centralizes fleet scheduling, connects external data feeds, and automates exception handling through configurable workflows.",Deployment architecture supports intermittent connectivity environments common across secondary markets.,Exclusive access to proprietary operational datasets improves forecasting accuracy during onboarding.,Transaction commissions; enterprise licensing; compliance reporting services,Enterprise licensing agreements negotiated on multi-year procurement cycles.,Direct procurement outreach; channel reseller agreements; referral incentives,167822,1006932,347078,23 months,approved
VectorSync,VectorSync is preparing a commercial platform connected to claims intake within the cleantech sector and is seeking funding to complete product development and marketing activities.,cleantech,pre-seed,3760464,GBP,Businesses involved in claims intake often mention administrative inefficiencies but purchasing priorities remain inconsistent.,insurance brokers,Internal assumptions suggest broad demand among digital businesses,VectorSync plans to introduce a platform related to claims intake with a combination of automation features and reporting tools for commercial users.,Native integrations with regional financial and regulatory systems reduce migration friction for enterprise clients.,The business intends to establish brand recognition following product launch activities.,Transaction commissions; enterprise licensing; compliance reporting services,Tiered annual contracts priced according to active accounts and processing volume.,Direct procurement outreach; channel reseller agreements; referral incentives,13337,17108187,202064,7 months,rejected
BlueTransit,BlueTransit develops operational software for property managers managing tenant documentation. The company is raising capital to expand enterprise integrations and scale regional sales operations.,proptech,series-a,2478295,AED,"property managers continue to manage tenant documentation through spreadsheets and email coordination, increasing operating losses and compliance exposure.",property managers,$70.9B estimated annual addressable spend across 6 national markets,"BlueTransit provides a cloud platform that centralizes tenant documentation, connects external data feeds, and automates exception handling through configurable workflows.",The platform incorporates sector-specific compliance workflows rarely supported by horizontal software vendors.,The founding team previously managed operational infrastructure within the target industry and secured early reference accounts.,Annual platform subscriptions; implementation services; support retainers,Usage-based pricing indexed to transaction activity and storage requirements.,Industry association partnerships; outbound enterprise sales; regional conferences,191880,959400,182971,26 months,approved
RiverBase,RiverBase is preparing a commercial platform connected to credential verification within the logistics sector and is seeking funding to complete product development and marketing activities.,logistics,series-a,1404632,AED,"The current environment around credential verification appears difficult for some operators, though quantitative benchmarks are limited.",vocational training providers,The company references a large international customer base without quantified segmentation,RiverBase plans to introduce a platform related to credential verification with a combination of automation features and reporting tools for commercial users.,Historical benchmarking data collected from pilot customers enables risk scoring unavailable through standard ERP systems.,The company expects product flexibility to support future differentiation as the market evolves.,Transaction commissions; enterprise licensing; compliance reporting services,Tiered annual contracts priced according to active accounts and processing volume.,Direct procurement outreach; channel reseller agreements; referral incentives,9261,102342780,829703,3 months,rejected
NorthPilot,NorthPilot develops operational software for warehouse operators managing fleet scheduling. The company is raising capital to expand enterprise integrations and scale regional sales operations.,fintech,seed,1572962,SGD,"warehouse operators continue to manage fleet scheduling through spreadsheets and email coordination, increasing operating losses and compliance exposure.",warehouse operators,$42.4B estimated annual addressable spend across 21 national markets,"NorthPilot provides a cloud platform that centralizes fleet scheduling, connects external data feeds, and automates exception handling through configurable workflows.",Deployment architecture supports intermittent connectivity environments common across secondary markets.,Multi-year integration relationships with incumbent vendors create switching barriers for competing entrants.,Usage-based billing; premium analytics modules; integration retainers,Monthly subscription structure combined with one-time deployment charges.,Direct procurement outreach; channel reseller agreements; referral incentives,813616,4881696,118403,17 months,approved
RedwoodTransit,RedwoodTransit develops operational software for warehouse operators managing fleet scheduling. The company is raising capital to expand enterprise integrations and scale regional sales operations.,ecommerce,seed,3161865,SGD,"warehouse operators continue to manage fleet scheduling through spreadsheets and email coordination, increasing operating losses and compliance exposure.",warehouse operators,$18.8B estimated annual addressable spend across 6 national markets,"RedwoodTransit provides a cloud platform that centralizes fleet scheduling, connects external data feeds, and automates exception handling through configurable workflows.",Native integrations with regional financial and regulatory systems reduce migration friction for enterprise clients.,The founding team previously managed operational infrastructure within the target industry and secured early reference accounts.,Annual platform subscriptions; implementation services; support retainers,Tiered annual contracts priced according to active accounts and processing volume.,Industry association partnerships; outbound enterprise sales; regional conferences,426722,1280166,137149,25 months,approved
GraniteDynamics,GraniteDynamics develops operational software for solar installers managing maintenance dispatch. The company is raising capital to expand enterprise integrations and scale regional sales operations.,healthtech,seed,883286,EUR,"solar installers continue to manage maintenance dispatch through spreadsheets and email coordination, increasing operating losses and compliance exposure.",solar installers,$4.8B estimated annual addressable spend across 10 national markets,"GraniteDynamics provides a cloud platform that centralizes maintenance dispatch, connects external data feeds, and automates exception handling through configurable workflows.",Deployment architecture supports intermittent connectivity environments common across secondary markets.,The founding team previously managed operational infrastructure within the target industry and secured early reference accounts.,Transaction commissions; enterprise licensing; compliance reporting services,Usage-based pricing indexed to transaction activity and storage requirements.,Industry association partnerships; outbound enterprise sales; regional conferences,162160,486480,84844,29 months,approved
RiverMarkets,RiverMarkets develops operational software for property managers managing tenant documentation. The company is raising capital to expand enterprise integrations and scale regional sales operations.,edtech,series-a,2663852,SGD,"Companies handling tenant documentation lack integrated visibility across suppliers, regulators, and internal systems, creating avoidable operational costs.",property managers,$77.9B estimated annual addressable spend across 17 national markets,"RiverMarkets provides a cloud platform that centralizes tenant documentation, connects external data feeds, and automates exception handling through configurable workflows.",Historical benchmarking data collected from pilot customers enables risk scoring unavailable through standard ERP systems.,Multi-year integration relationships with incumbent vendors create switching barriers for competing entrants.,Transaction commissions; enterprise licensing; compliance reporting services,Tiered annual contracts priced according to active accounts and processing volume.,Pilot deployments with anchor customers; sector trade events; executive referrals,1067339,5336695,251293,26 months,approved
ApexBase,ApexBase is preparing a commercial platform connected to fleet scheduling within the healthtech sector and is seeking funding to complete product development and marketing activities.,healthtech,seed,2879405,USD,"The current environment around fleet scheduling appears difficult for some operators, though quantitative benchmarks are limited.",warehouse operators,The company references a large international customer base without quantified segmentation,ApexBase plans to introduce a platform related to fleet scheduling with a combination of automation features and reporting tools for commercial users.,The platform incorporates sector-specific compliance workflows rarely supported by horizontal software vendors.,Management believes the market remains open to new entrants without significant barriers.,Transaction commissions; enterprise licensing; compliance reporting services,Tiered annual contracts priced according to active accounts and processing volume.,Direct procurement outreach; channel reseller agreements; referral incentives,0,107523179,535985,8 months,rejected
LatticeCloud,LatticeCloud develops operational software for mid-sized law firms managing contract review. The company is raising capital to expand enterprise integrations and scale regional sales operations.,proptech,series-a,3918062,EUR,"Independent mid-sized law firms rely on fragmented contract review workflows, resulting in delayed reporting cycles and unresolved transaction discrepancies.",mid-sized law firms,$44.1B estimated annual addressable spend across 12 national markets,"LatticeCloud provides a cloud platform that centralizes contract review, connects external data feeds, and automates exception handling through configurable workflows.",Native integrations with regional financial and regulatory systems reduce migration friction for enterprise clients.,The founding team previously managed operational infrastructure within the target industry and secured early reference accounts.,Transaction commissions; enterprise licensing; compliance reporting services,Tiered annual contracts priced according to active accounts and processing volume.,Direct procurement outreach; channel reseller agreements; referral incentives,440810,1763240,183346,28 months,approved
HarborMarkets,HarborMarkets is preparing a commercial platform connected to claims intake within the cleantech sector and is seeking funding to complete product development and marketing activities.,cleantech,idea,7345458,USD,Businesses involved in claims intake often mention administrative inefficiencies but purchasing priorities remain inconsistent.,insurance brokers,Management estimates the market opportunity to be substantial across multiple regions,HarborMarkets plans to introduce a platform related to claims intake with a combination of automation features and reporting tools for commercial users.,Historical benchmarking data collected from pilot customers enables risk scoring unavailable through standard ERP systems.,Management believes the market remains open to new entrants without significant barriers.,Usage-based billing; premium analytics modules; integration retainers,Usage-based pricing indexed to transaction activity and storage requirements.,Pilot deployments with anchor customers; sector trade events; executive referrals,4723,111276067,820823,5 months,rejected
RedwoodBridge,RedwoodBridge develops operational software for vocational training providers managing credential verification. The company is raising capital to expand enterprise integrations and scale regional sales operations.,agritech,pre-seed,2880996,SGD,"vocational training providers continue to manage credential verification through spreadsheets and email coordination, increasing operating losses and compliance exposure.",vocational training providers,$51.7B estimated annual addressable spend across 4 national markets,"RedwoodBridge provides a cloud platform that centralizes credential verification, connects external data feeds, and automates exception handling through configurable workflows.",Deployment architecture supports intermittent connectivity environments common across secondary markets.,Existing distribution agreements with sector operators provide direct access to procurement teams across three countries.,Usage-based billing; premium analytics modules; integration retainers,Tiered annual contracts priced according to active accounts and processing volume.,Direct procurement outreach; channel reseller agreements; referral incentives,1829536,12806752,26859,25 months,approved
RiverSync,RiverSync develops operational software for mid-sized law firms managing contract review. The company is raising capital to expand enterprise integrations and scale regional sales operations.,cleantech,idea,1906978,GBP,"Companies handling contract review lack integrated visibility across suppliers, regulators, and internal systems, creating avoidable operational costs.",mid-sized law firms,$83.9B estimated annual addressable spend across 14 national markets,"RiverSync provides a cloud platform that centralizes contract review, connects external data feeds, and automates exception handling through configurable workflows.",Historical benchmarking data collected from pilot customers enables risk scoring unavailable through standard ERP systems.,Exclusive access to proprietary operational datasets improves forecasting accuracy during onboarding.,Subscription contracts; onboarding fees; API access charges,Usage-based pricing indexed to transaction activity and storage requirements.,Pilot deployments with anchor customers; sector trade events; executive referrals,1538308,9229848,177683,21 months,approved
PioneerWorks,PioneerWorks is preparing a commercial platform connected to claims intake within the proptech sector and is seeking funding to complete product development and marketing activities.,proptech,idea,7535784,AED,Businesses involved in claims intake often mention administrative inefficiencies but purchasing priorities remain inconsistent.,insurance brokers,Internal assumptions suggest broad demand among digital businesses,PioneerWorks plans to introduce a platform related to claims intake with a combination of automation features and reporting tools for commercial users.,Native integrations with regional financial and regulatory systems reduce migration friction for enterprise clients.,"Several competitors operate in adjacent categories, though management expects demand to expand over time.",Usage-based billing; premium analytics modules; integration retainers,Usage-based pricing indexed to transaction activity and storage requirements.,Industry association partnerships; outbound enterprise sales; regional conferences,6039,85297820,268938,8 months,rejected
VectorCloud,VectorCloud is preparing a commercial platform connected to fleet scheduling within the legaltech sector and is seeking funding to complete product development and marketing activities.,legaltech,seed,2671093,USD,"warehouse operators face ongoing coordination challenges related to fleet scheduling, although the scale of the issue varies across regions.",warehouse operators,Internal assumptions suggest broad demand among digital businesses,VectorCloud plans to introduce a platform related to fleet scheduling with a combination of automation features and reporting tools for commercial users.,Historical benchmarking data collected from pilot customers enables risk scoring unavailable through standard ERP systems.,The company expects product flexibility to support future differentiation as the market evolves.,Subscription contracts; onboarding fees; API access charges,Enterprise licensing agreements negotiated on multi-year procurement cycles.,Direct procurement outreach; channel reseller agreements; referral incentives,0,71485054,623003,2 months,rejected
CobaltLedger,CobaltLedger is preparing a commercial platform connected to inventory forecasting within the ecommerce sector and is seeking funding to complete product development and marketing activities.,ecommerce,series-a,1413252,EUR,"The current environment around inventory forecasting appears difficult for some operators, though quantitative benchmarks are limited.",retail distributors,The company references a large international customer base without quantified segmentation,CobaltLedger plans to introduce a platform related to inventory forecasting with a combination of automation features and reporting tools for commercial users.,Deployment architecture supports intermittent connectivity environments common across secondary markets.,The company expects product flexibility to support future differentiation as the market evolves.,Transaction commissions; enterprise licensing; compliance reporting services,Tiered annual contracts priced according to active accounts and processing volume.,Direct procurement outreach; channel reseller agreements; referral incentives,4334,84609534,718792,8 months,rejected
RedwoodBridge,RedwoodBridge is preparing a commercial platform connected to patient referral management within the agritech sector and is seeking funding to complete product development and marketing activities.,agritech,pre-seed,5689614,USD,"The current environment around patient referral management appears difficult for some operators, though quantitative benchmarks are limited.",municipal clinics,Management estimates the market opportunity to be substantial across multiple regions,RedwoodBridge plans to introduce a platform related to patient referral management with a combination of automation features and reporting tools for commercial users.,Native integrations with regional financial and regulatory systems reduce migration friction for enterprise clients.,Management believes the market remains open to new entrants without significant barriers.,Subscription contracts; onboarding fees; API access charges,Tiered annual contracts priced according to active accounts and processing volume.,Targeted account-based marketing; implementation partners; compliance webinars,0,10261149,536424,3 months,rejected
HarborDynamics,HarborDynamics develops operational software for regional freight operators managing cross-border payment reconciliation. The company is raising capital to expand enterprise integrations and scale regional sales operations.,logistics,pre-seed,6683252,AED,"Independent regional freight operators rely on fragmented cross-border payment reconciliation workflows, resulting in delayed reporting cycles and unresolved transaction discrepancies.",regional freight operators,$32.3B estimated annual addressable spend across 15 national markets,"HarborDynamics provides a cloud platform that centralizes cross-border payment reconciliation, connects external data feeds, and automates exception handling through configurable workflows.",Deployment architecture supports intermittent connectivity environments common across secondary markets.,Multi-year integration relationships with incumbent vendors create switching barriers for competing entrants.,Annual platform subscriptions; implementation services; support retainers,Enterprise licensing agreements negotiated on multi-year procurement cycles.,Direct procurement outreach; channel reseller agreements; referral incentives,320620,1923720,220458,25 months,approved
SummitFlow,SummitFlow is preparing a commercial platform connected to maintenance dispatch within the legaltech sector and is seeking funding to complete product development and marketing activities.,legaltech,pre-seed,1145546,GBP,"solar installers face ongoing coordination challenges related to maintenance dispatch, although the scale of the issue varies across regions.",solar installers,Internal assumptions suggest broad demand among digital businesses,SummitFlow plans to introduce a platform related to maintenance dispatch with a combination of automation features and reporting tools for commercial users.,Historical benchmarking data collected from pilot customers enables risk scoring unavailable through standard ERP systems.,Management believes the market remains open to new entrants without significant barriers.,Annual platform subscriptions; implementation services; support retainers,Enterprise licensing agreements negotiated on multi-year procurement cycles.,Targeted account-based marketing; implementation partners; compliance webinars,0,106519969,693269,5 months,rejected
CobaltTransit,CobaltTransit is preparing a commercial platform connected to credential verification within the logistics sector and is seeking funding to complete product development and marketing activities.,logistics,seed,6949993,SGD,"The current environment around credential verification appears difficult for some operators, though quantitative benchmarks are limited.",vocational training providers,Internal assumptions suggest broad demand among digital businesses,CobaltTransit plans to introduce a platform related to credential verification with a combination of automation features and reporting tools for commercial users.,Historical benchmarking data collected from pilot customers enables risk scoring unavailable through standard ERP systems.,"Several competitors operate in adjacent categories, though management expects demand to expand over time.",Transaction commissions; enterprise licensing; compliance reporting services,Tiered annual contracts priced according to active accounts and processing volume.,Industry association partnerships; outbound enterprise sales; regional conferences,0,93126845,284397,7 months,rejected
GraniteTransit,GraniteTransit is preparing a commercial platform connected to maintenance dispatch within the edtech sector and is seeking funding to complete product development and marketing activities.,edtech,seed,3938528,SGD,"solar installers face ongoing coordination challenges related to maintenance dispatch, although the scale of the issue varies across regions.",solar installers,Management estimates the market opportunity to be substantial across multiple regions,GraniteTransit plans to introduce a platform related to maintenance dispatch with a combination of automation features and reporting tools for commercial users.,The platform incorporates sector-specific compliance workflows rarely supported by horizontal software vendors.,The company expects product flexibility to support future differentiation as the market evolves.,Transaction commissions; enterprise licensing; compliance reporting services,Tiered annual contracts priced according to active accounts and processing volume.,Direct procurement outreach; channel reseller agreements; referral incentives,0,89462078,276980,8 months,rejected
PeakPilot,PeakPilot develops operational software for municipal clinics managing patient referral management. The company is raising capital to expand enterprise integrations and scale regional sales operations.,agritech,pre-seed,7043588,AED,"Independent municipal clinics rely on fragmented patient referral management workflows, resulting in delayed reporting cycles and unresolved transaction discrepancies.",municipal clinics,$77.0B estimated annual addressable spend across 5 national markets,"PeakPilot provides a cloud platform that centralizes patient referral management, connects external data feeds, and automates exception handling through configurable workflows.",Native integrations with regional financial and regulatory systems reduce migration friction for enterprise clients.,The founding team previously managed operational infrastructure within the target industry and secured early reference accounts.,Subscription contracts; onboarding fees; API access charges,Tiered annual contracts priced according to active accounts and processing volume.,Pilot deployments with anchor customers; sector trade events; executive referrals,2260706,6782118,280530,14 months,approved
HarborBase,HarborBase is preparing a commercial platform connected to fleet scheduling within the cleantech sector and is seeking funding to complete product development and marketing activities.,cleantech,series-a,7046310,USD,"The current environment around fleet scheduling appears difficult for some operators, though quantitative benchmarks are limited.",warehouse operators,Leadership expects long-term expansion as adoption of software tools increases,HarborBase plans to introduce a platform related to fleet scheduling with a combination of automation features and reporting tools for commercial users.,Native integrations with regional financial and regulatory systems reduce migration friction for enterprise clients.,"Several competitors operate in adjacent categories, though management expects demand to expand over time.",Subscription contracts; onboarding fees; API access charges,Enterprise licensing agreements negotiated on multi-year procurement cycles.,Pilot deployments with anchor customers; sector trade events; executive referrals,0,42390771,258138,2 months,rejected
StoneLedger,StoneLedger is preparing a commercial platform connected to patient referral management within the saas sector and is seeking funding to complete product development and marketing activities.,saas,seed,2131960,SGD,"municipal clinics face ongoing coordination challenges related to patient referral management, although the scale of the issue varies across regions.",municipal clinics,Leadership expects long-term expansion as adoption of software tools increases,StoneLedger plans to introduce a platform related to patient referral management with a combination of automation features and reporting tools for commercial users.,Deployment architecture supports intermittent connectivity environments common across secondary markets.,Management believes the market remains open to new entrants without significant barriers.,Usage-based billing; premium analytics modules; integration retainers,Monthly subscription structure combined with one-time deployment charges.,Industry association partnerships; outbound enterprise sales; regional conferences,0,9630683,189494,5 months,rejected
HarborFlow,HarborFlow is preparing a commercial platform connected to tenant documentation within the cleantech sector and is seeking funding to complete product development and marketing activities.,cleantech,pre-seed,2410655,GBP,"property managers face ongoing coordination challenges related to tenant documentation, although the scale of the issue varies across regions.",property managers,Management estimates the market opportunity to be substantial across multiple regions,HarborFlow plans to introduce a platform related to tenant documentation with a combination of automation features and reporting tools for commercial users.,Native integrations with regional financial and regulatory systems reduce migration friction for enterprise clients.,Management believes the market remains open to new entrants without significant barriers.,Annual platform subscriptions; implementation services; support retainers,Enterprise licensing agreements negotiated on multi-year procurement cycles.,Direct procurement outreach; channel reseller agreements; referral incentives,0,113559054,865673,5 months,rejected
VectorMarkets,VectorMarkets develops operational software for vocational training providers managing credential verification. The company is raising capital to expand enterprise integrations and scale regional sales operations.,proptech,idea,5314275,AED,"vocational training providers continue to manage credential verification through spreadsheets and email coordination, increasing operating losses and compliance exposure.",vocational training providers,$76.2B estimated annual addressable spend across 17 national markets,"VectorMarkets provides a cloud platform that centralizes credential verification, connects external data feeds, and automates exception handling through configurable workflows.",Historical benchmarking data collected from pilot customers enables risk scoring unavailable through standard ERP systems.,Multi-year integration relationships with incumbent vendors create switching barriers for competing entrants.,Subscription contracts; onboarding fees; API access charges,Enterprise licensing agreements negotiated on multi-year procurement cycles.,Direct procurement outreach; channel reseller agreements; referral incentives,605567,4844536,238864,13 months,approved
PeakBridge,PeakBridge is preparing a commercial platform connected to inventory forecasting within the edtech sector and is seeking funding to complete product development and marketing activities.,edtech,idea,940635,SGD,"The current environment around inventory forecasting appears difficult for some operators, though quantitative benchmarks are limited.",retail distributors,Management estimates the market opportunity to be substantial across multiple regions,PeakBridge plans to introduce a platform related to inventory forecasting with a combination of automation features and reporting tools for commercial users.,The platform incorporates sector-specific compliance workflows rarely supported by horizontal software vendors.,The company expects product flexibility to support future differentiation as the market evolves.,Transaction commissions; enterprise licensing; compliance reporting services,Tiered annual contracts priced according to active accounts and processing volume.,Pilot deployments with anchor customers; sector trade events; executive referrals,11479,9593300,171373,2 months,rejected
GraniteLogic,GraniteLogic develops operational software for insurance brokers managing claims intake. The company is raising capital to expand enterprise integrations and scale regional sales operations.,edtech,pre-seed,5436361,GBP,"Independent insurance brokers rely on fragmented claims intake workflows, resulting in delayed reporting cycles and unresolved transaction discrepancies.",insurance brokers,$47.2B estimated annual addressable spend across 18 national markets,"GraniteLogic provides a cloud platform that centralizes claims intake, connects external data feeds, and automates exception handling through configurable workflows.",Historical benchmarking data collected from pilot customers enables risk scoring unavailable through standard ERP systems.,Existing distribution agreements with sector operators provide direct access to procurement teams across three countries.,Usage-based billing; premium analytics modules; integration retainers,Enterprise licensing agreements negotiated on multi-year procurement cycles.,Direct procurement outreach; channel reseller agreements; referral incentives,1283733,8986131,105084,18 months,approved
NorthFlow,NorthFlow is preparing a commercial platform connected to maintenance dispatch within the logistics sector and is seeking funding to complete product development and marketing activities.,logistics,idea,2411520,EUR,Businesses involved in maintenance dispatch often mention administrative inefficiencies but purchasing priorities remain inconsistent.,solar installers,Management estimates the market opportunity to be substantial across multiple regions,NorthFlow plans to introduce a platform related to maintenance dispatch with a combination of automation features and reporting tools for commercial users.,The platform incorporates sector-specific compliance workflows rarely supported by horizontal software vendors.,"Several competitors operate in adjacent categories, though management expects demand to expand over time.",Usage-based billing; premium analytics modules; integration retainers,Monthly subscription structure combined with one-time deployment charges.,Pilot deployments with anchor customers; sector trade events; executive referrals,0,48070279,687705,3 months,rejected
LatticeGrid,LatticeGrid develops operational software for insurance brokers managing claims intake. The company is raising capital to expand enterprise integrations and scale regional sales operations.,healthtech,seed,1629865,SGD,"Independent insurance brokers rely on fragmented claims intake workflows, resulting in delayed reporting cycles and unresolved transaction discrepancies.",insurance brokers,$24.4B estimated annual addressable spend across 16 national markets,"LatticeGrid provides a cloud platform that centralizes claims intake, connects external data feeds, and automates exception handling through configurable workflows.",Historical benchmarking data collected from pilot customers enables risk scoring unavailable through standard ERP systems.,The founding team previously managed operational infrastructure within the target industry and secured early reference accounts.,Transaction commissions; enterprise licensing; compliance reporting services,Usage-based pricing indexed to transaction activity and storage requirements.,Targeted account-based marketing; implementation partners; compliance webinars,2222173,15555211,225220,26 months,approved
RiverLabs,RiverLabs develops operational software for mid-sized law firms managing contract review. The company is raising capital to expand enterprise integrations and scale regional sales operations.,agritech,seed,3733496,SGD,"Independent mid-sized law firms rely on fragmented contract review workflows, resulting in delayed reporting cycles and unresolved transaction discrepancies.",mid-sized law firms,$18.6B estimated annual addressable spend across 24 national markets,"RiverLabs provides a cloud platform that centralizes contract review, connects external data feeds, and automates exception handling through configurable workflows.",Historical benchmarking data collected from pilot customers enables risk scoring unavailable through standard ERP systems.,Multi-year integration relationships with incumbent vendors create switching barriers for competing entrants.,Transaction commissions; enterprise licensing; compliance reporting services,Enterprise licensing agreements negotiated on multi-year procurement cycles.,Pilot deployments with anchor customers; sector trade events; executive referrals,501181,2004724,215821,18 months,approved
LatticeChain,LatticeChain is preparing a commercial platform connected to cross-border payment reconciliation within the healthtech sector and is seeking funding to complete product development and marketing activities.,healthtech,pre-seed,4695583,GBP,"regional freight operators face ongoing coordination challenges related to cross-border payment reconciliation, although the scale of the issue varies across regions.",regional freight operators,The company references a large international customer base without quantified segmentation,LatticeChain plans to introduce a platform related to cross-border payment reconciliation with a combination of automation features and reporting tools for commercial users.,Native integrations with regional financial and regulatory systems reduce migration friction for enterprise clients.,The business intends to establish brand recognition following product launch activities.,Usage-based billing; premium analytics modules; integration retainers,Enterprise licensing agreements negotiated on multi-year procurement cycles.,Pilot deployments with anchor customers; sector trade events; executive referrals,12638,24695468,377124,4 months,rejected
RiverCloud,RiverCloud develops operational software for property managers managing tenant documentation. The company is raising capital to expand enterprise integrations and scale regional sales operations.,logistics,pre-seed,6247998,AED,"Companies handling tenant documentation lack integrated visibility across suppliers, regulators, and internal systems, creating avoidable operational costs.",property managers,$39.0B estimated annual addressable spend across 20 national markets,"RiverCloud provides a cloud platform that centralizes tenant documentation, connects external data feeds, and automates exception handling through configurable workflows.",Deployment architecture supports intermittent connectivity environments common across secondary markets.,Exclusive access to proprietary operational datasets improves forecasting accuracy during onboarding.,Subscription contracts; onboarding fees; API access charges,Enterprise licensing agreements negotiated on multi-year procurement cycles.,Direct procurement outreach; channel reseller agreements; referral incentives,1307218,7843308,30228,12 months,approved
OakPilot,OakPilot is preparing a commercial platform connected to patient referral management within the proptech sector and is seeking funding to complete product development and marketing activities.,proptech,series-a,7521798,SGD,Businesses involved in patient referral management often mention administrative inefficiencies but purchasing priorities remain inconsistent.,municipal clinics,Internal assumptions suggest broad demand among digital businesses,OakPilot plans to introduce a platform related to patient referral management with a combination of automation features and reporting tools for commercial users.,Deployment architecture supports intermittent connectivity environments common across secondary markets.,The company expects product flexibility to support future differentiation as the market evolves.,Usage-based billing; premium analytics modules; integration retainers,Usage-based pricing indexed to transaction activity and storage requirements.,Targeted account-based marketing; implementation partners; compliance webinars,0,99012313,521487,6 months,rejected
ApexMarkets,ApexMarkets is preparing a commercial platform connected to contract review within the legaltech sector and is seeking funding to complete product development and marketing activities.,legaltech,idea,6895740,USD,Businesses involved in contract review often mention administrative inefficiencies but purchasing priorities remain inconsistent.,mid-sized law firms,Management estimates the market opportunity to be substantial across multiple regions,ApexMarkets plans to introduce a platform related to contract review with a combination of automation features and reporting tools for commercial users.,The platform incorporates sector-specific compliance workflows rarely supported by horizontal software vendors.,The business intends to establish brand recognition following product launch activities.,Subscription contracts; onboarding fees; API access charges,Monthly subscription structure combined with one-time deployment charges.,Direct procurement outreach; channel reseller agreements; referral incentives,0,19846730,256246,3 months,rejected
IronCloud,IronCloud develops operational software for regional freight operators managing cross-border payment reconciliation. The company is raising capital to expand enterprise integrations and scale regional sales operations.,saas,series-a,6216299,AED,"Companies handling cross-border payment reconciliation lack integrated visibility across suppliers, regulators, and internal systems, creating avoidable operational costs.",regional freight operators,$51.6B estimated annual addressable spend across 21 national markets,"IronCloud provides a cloud platform that centralizes cross-border payment reconciliation, connects external data feeds, and automates exception handling through configurable workflows.",Historical benchmarking data collected from pilot customers enables risk scoring unavailable through standard ERP systems.,Exclusive access to proprietary operational datasets improves forecasting accuracy during onboarding.,Annual platform subscriptions; implementation services; support retainers,Tiered annual contracts priced according to active accounts and processing volume.,Pilot deployments with anchor customers; sector trade events; executive referrals,1859017,9295085,186261,19 months,approved
HarborFlow,HarborFlow develops operational software for grain cooperatives managing crop procurement tracking. The company is raising capital to expand enterprise integrations and scale regional sales operations.,cleantech,seed,5176007,EUR,"Companies handling crop procurement tracking lack integrated visibility across suppliers, regulators, and internal systems, creating avoidable operational costs.",grain cooperatives,$90.0B estimated annual addressable spend across 11 national markets,"HarborFlow provides a cloud platform that centralizes crop procurement tracking, connects external data feeds, and automates exception handling through configurable workflows.",The platform incorporates sector-specific compliance workflows rarely supported by horizontal software vendors.,The founding team previously managed operational infrastructure within the target industry and secured early reference accounts.,Transaction commissions; enterprise licensing; compliance reporting services,Tiered annual contracts priced according to active accounts and processing volume.,Direct procurement outreach; channel reseller agreements; referral incentives,1378633,11029064,194169,20 months,approved
PeakAnalytics,PeakAnalytics develops operational software for property managers managing tenant documentation. The company is raising capital to expand enterprise integrations and scale regional sales operations.,ecommerce,idea,7927217,GBP,"Independent property managers rely on fragmented tenant documentation workflows, resulting in delayed reporting cycles and unresolved transaction discrepancies.",property managers,$32.8B estimated annual addressable spend across 16 national markets,"PeakAnalytics provides a cloud platform that centralizes tenant documentation, connects external data feeds, and automates exception handling through configurable workflows.",Native integrations with regional financial and regulatory systems reduce migration friction for enterprise clients.,Exclusive access to proprietary operational datasets improves forecasting accuracy during onboarding.,Transaction commissions; enterprise licensing; compliance reporting services,Enterprise licensing agreements negotiated on multi-year procurement cycles.,Direct procurement outreach; channel reseller agreements; referral incentives,1972175,7888700,220867,12 months,approved
StoneCapital,StoneCapital is preparing a commercial platform connected to inventory forecasting within the legaltech sector and is seeking funding to complete product development and marketing activities.,legaltech,seed,5638898,EUR,Businesses involved in inventory forecasting often mention administrative inefficiencies but purchasing priorities remain inconsistent.,retail distributors,Management estimates the market opportunity to be substantial across multiple regions,StoneCapital plans to introduce a platform related to inventory forecasting with a combination of automation features and reporting tools for commercial users.,Historical benchmarking data collected from pilot customers enables risk scoring unavailable through standard ERP systems.,The company expects product flexibility to support future differentiation as the market evolves.,Annual platform subscriptions; implementation services; support retainers,Monthly subscription structure combined with one-time deployment charges.,Direct procurement outreach; channel reseller agreements; referral incentives,0,64717779,155761,7 months,rejected
LatticeMetrics,LatticeMetrics is preparing a commercial platform connected to contract review within the proptech sector and is seeking funding to complete product development and marketing activities.,proptech,seed,3801180,AED,"mid-sized law firms face ongoing coordination challenges related to contract review, although the scale of the issue varies across regions.",mid-sized law firms,Leadership expects long-term expansion as adoption of software tools increases,LatticeMetrics plans to introduce a platform related to contract review with a combination of automation features and reporting tools for commercial users.,Native integrations with regional financial and regulatory systems reduce migration friction for enterprise clients.,The business intends to establish brand recognition following product launch activities.,Subscription contracts; onboarding fees; API access charges,Monthly subscription structure combined with one-time deployment charges.,Direct procurement outreach; channel reseller agreements; referral incentives,10656,85639460,335492,4 months,rejected
AtlasCapital,AtlasCapital is preparing a commercial platform connected to tenant documentation within the ecommerce sector and is seeking funding to complete product development and marketing activities.,ecommerce,idea,3216581,SGD,"property managers face ongoing coordination challenges related to tenant documentation, although the scale of the issue varies across regions.",property managers,Leadership expects long-term expansion as adoption of software tools increases,AtlasCapital plans to introduce a platform related to tenant documentation with a combination of automation features and reporting tools for commercial users.,Native integrations with regional financial and regulatory systems reduce migration friction for enterprise clients.,The company expects product flexibility to support future differentiation as the market evolves.,Transaction commissions; enterprise licensing; compliance reporting services,Monthly subscription structure combined with one-time deployment charges.,Pilot deployments with anchor customers; sector trade events; executive referrals,0,53434879,260993,5 months,rejected
OakChain,OakChain is preparing a commercial platform connected to fleet scheduling within the healthtech sector and is seeking funding to complete product development and marketing activities.,healthtech,seed,5592880,USD,"The current environment around fleet scheduling appears difficult for some operators, though quantitative benchmarks are limited.",warehouse operators,Internal assumptions suggest broad demand among digital businesses,OakChain plans to introduce a platform related to fleet scheduling with a combination of automation features and reporting tools for commercial users.,Historical benchmarking data collected from pilot customers enables risk scoring unavailable through standard ERP systems.,Management believes the market remains open to new entrants without significant barriers.,Subscription contracts; onboarding fees; API access charges,Monthly subscription structure combined with one-time deployment charges.,Industry association partnerships; outbound enterprise sales; regional conferences,0,67358730,704186,7 months,rejected
PeakCapital,PeakCapital develops operational software for retail distributors managing inventory forecasting. The company is raising capital to expand enterprise integrations and scale regional sales operations.,healthtech,pre-seed,4777164,AED,"Independent retail distributors rely on fragmented inventory forecasting workflows, resulting in delayed reporting cycles and unresolved transaction discrepancies.",retail distributors,$6.1B estimated annual addressable spend across 4 national markets,"PeakCapital provides a cloud platform that centralizes inventory forecasting, connects external data feeds, and automates exception handling through configurable workflows.",Historical benchmarking data collected from pilot customers enables risk scoring unavailable through standard ERP systems.,Existing distribution agreements with sector operators provide direct access to procurement teams across three countries.,Transaction commissions; enterprise licensing; compliance reporting services,Enterprise licensing agreements negotiated on multi-year procurement cycles.,Industry association partnerships; outbound enterprise sales; regional conferences,2327212,6981636,222958,16 months,approved
CobaltSystems,CobaltSystems develops operational software for solar installers managing maintenance dispatch. The company is raising capital to expand enterprise integrations and scale regional sales operations.,edtech,series-a,1447306,USD,"Independent solar installers rely on fragmented maintenance dispatch workflows, resulting in delayed reporting cycles and unresolved transaction discrepancies.",solar installers,$88.1B estimated annual addressable spend across 14 national markets,"CobaltSystems provides a cloud platform that centralizes maintenance dispatch, connects external data feeds, and automates exception handling through configurable workflows.",Native integrations with regional financial and regulatory systems reduce migration friction for enterprise clients.,Existing distribution agreements with sector operators provide direct access to procurement teams across three countries.,Transaction commissions; enterprise licensing; compliance reporting services,Enterprise licensing agreements negotiated on multi-year procurement cycles.,Direct procurement outreach; channel reseller agreements; referral incentives,2394454,14366724,120097,27 months,approved
PeakHealth,PeakHealth is preparing a commercial platform connected to cross-border payment reconciliation within the agritech sector and is seeking funding to complete product development and marketing activities.,agritech,pre-seed,4752915,USD,"The current environment around cross-border payment reconciliation appears difficult for some operators, though quantitative benchmarks are limited.",regional freight operators,Management estimates the market opportunity to be substantial across multiple regions,PeakHealth plans to introduce a platform related to cross-border payment reconciliation with a combination of automation features and reporting tools for commercial users.,Historical benchmarking data collected from pilot customers enables risk scoring unavailable through standard ERP systems.,Management believes the market remains open to new entrants without significant barriers.,Subscription contracts; onboarding fees; API access charges,Enterprise licensing agreements negotiated on multi-year procurement cycles.,Pilot deployments with anchor customers; sector trade events; executive referrals,0,38920627,342921,5 months,rejected
LatticeLogic,LatticeLogic is preparing a commercial platform connected to fleet scheduling within the agritech sector and is seeking funding to complete product development and marketing activities.,agritech,idea,3925673,GBP,"warehouse operators face ongoing coordination challenges related to fleet scheduling, although the scale of the issue varies across regions.",warehouse operators,Leadership expects long-term expansion as adoption of software tools increases,LatticeLogic plans to introduce a platform related to fleet scheduling with a combination of automation features and reporting tools for commercial users.,Deployment architecture supports intermittent connectivity environments common across secondary markets.,The company expects product flexibility to support future differentiation as the market evolves.,Usage-based billing; premium analytics modules; integration retainers,Enterprise licensing agreements negotiated on multi-year procurement cycles.,Pilot deployments with anchor customers; sector trade events; executive referrals,0,70095934,728259,5 months,rejected
RedwoodTransit,RedwoodTransit develops operational software for insurance brokers managing claims intake. The company is raising capital to expand enterprise integrations and scale regional sales operations.,cleantech,idea,7272216,AED,"insurance brokers continue to manage claims intake through spreadsheets and email coordination, increasing operating losses and compliance exposure.",insurance brokers,$40.7B estimated annual addressable spend across 21 national markets,"RedwoodTransit provides a cloud platform that centralizes claims intake, connects external data feeds, and automates exception handling through configurable workflows.",Historical benchmarking data collected from pilot customers enables risk scoring unavailable through standard ERP systems.,Exclusive access to proprietary operational datasets improves forecasting accuracy during onboarding.,Annual platform subscriptions; implementation services; support retainers,Usage-based pricing indexed to transaction activity and storage requirements.,Direct procurement outreach; channel reseller agreements; referral incentives,587145,2348580,28445,26 months,approved
IronBridge,IronBridge develops operational software for grain cooperatives managing crop procurement tracking. The company is raising capital to expand enterprise integrations and scale regional sales operations.,cleantech,series-a,2099461,EUR,"grain cooperatives continue to manage crop procurement tracking through spreadsheets and email coordination, increasing operating losses and compliance exposure.",grain cooperatives,$10.2B estimated annual addressable spend across 20 national markets,"IronBridge provides a cloud platform that centralizes crop procurement tracking, connects external data feeds, and automates exception handling through configurable workflows.",Deployment architecture supports intermittent connectivity environments common across secondary markets.,Multi-year integration relationships with incumbent vendors create switching barriers for competing entrants.,Transaction commissions; enterprise licensing; compliance reporting services,Tiered annual contracts priced according to active accounts and processing volume.,Industry association partnerships; outbound enterprise sales; regional conferences,903226,3612904,238610,28 months,approved
PioneerSync,PioneerSync is preparing a commercial platform connected to tenant documentation within the agritech sector and is seeking funding to complete product development and marketing activities.,agritech,seed,2970606,SGD,"property managers face ongoing coordination challenges related to tenant documentation, although the scale of the issue varies across regions.",property managers,Management estimates the market opportunity to be substantial across multiple regions,PioneerSync plans to introduce a platform related to tenant documentation with a combination of automation features and reporting tools for commercial users.,Historical benchmarking data collected from pilot customers enables risk scoring unavailable through standard ERP systems.,"Several competitors operate in adjacent categories, though management expects demand to expand over time.",Transaction commissions; enterprise licensing; compliance reporting services,Tiered annual contracts priced according to active accounts and processing volume.,Targeted account-based marketing; implementation partners; compliance webinars,0,72950934,619974,7 months,rejected
NorthSync,NorthSync develops operational software for warehouse operators managing fleet scheduling. The company is raising capital to expand enterprise integrations and scale regional sales operations.,logistics,pre-seed,2475955,GBP,"Companies handling fleet scheduling lack integrated visibility across suppliers, regulators, and internal systems, creating avoidable operational costs.",warehouse operators,$83.3B estimated annual addressable spend across 24 national markets,"NorthSync provides a cloud platform that centralizes fleet scheduling, connects external data feeds, and automates exception handling through configurable workflows.",Deployment architecture supports intermittent connectivity environments common across secondary markets.,Existing distribution agreements with sector operators provide direct access to procurement teams across three countries.,Transaction commissions; enterprise licensing; compliance reporting services,Usage-based pricing indexed to transaction activity and storage requirements.,Direct procurement outreach; channel reseller agreements; referral incentives,1267557,3802671,149046,20 months,approved
LatticeBridge,LatticeBridge develops operational software for grain cooperatives managing crop procurement tracking. The company is raising capital to expand enterprise integrations and scale regional sales operations.,healthtech,idea,6010284,AED,"Companies handling crop procurement tracking lack integrated visibility across suppliers, regulators, and internal systems, creating avoidable operational costs.",grain cooperatives,$11.0B estimated annual addressable spend across 21 national markets,"LatticeBridge provides a cloud platform that centralizes crop procurement tracking, connects external data feeds, and automates exception handling through configurable workflows.",Deployment architecture supports intermittent connectivity environments common across secondary markets.,Exclusive access to proprietary operational datasets improves forecasting accuracy during onboarding.,Subscription contracts; onboarding fees; API access charges,Monthly subscription structure combined with one-time deployment charges.,Pilot deployments with anchor customers; sector trade events; executive referrals,1884020,15072160,52291,20 months,approved
IronLedger,IronLedger develops operational software for property managers managing tenant documentation. The company is raising capital to expand enterprise integrations and scale regional sales operations.,legaltech,seed,6844753,EUR,"Companies handling tenant documentation lack integrated visibility across suppliers, regulators, and internal systems, creating avoidable operational costs.",property managers,$39.4B estimated annual addressable spend across 5 national markets,"IronLedger provides a cloud platform that centralizes tenant documentation, connects external data feeds, and automates exception handling through configurable workflows.",Historical benchmarking data collected from pilot customers enables risk scoring unavailable through standard ERP systems.,Multi-year integration relationships with incumbent vendors create switching barriers for competing entrants.,Usage-based billing; premium analytics modules; integration retainers,Usage-based pricing indexed to transaction activity and storage requirements.,Industry association partnerships; outbound enterprise sales; regional conferences,1362906,6814530,70220,20 months,approved
OakBase,OakBase is preparing a commercial platform connected to contract review within the logistics sector and is seeking funding to complete product development and marketing activities.,logistics,seed,2909476,EUR,"mid-sized law firms face ongoing coordination challenges related to contract review, although the scale of the issue varies across regions.",mid-sized law firms,Internal assumptions suggest broad demand among digital businesses,OakBase plans to introduce a platform related to contract review with a combination of automation features and reporting tools for commercial users.,Native integrations with regional financial and regulatory systems reduce migration friction for enterprise clients.,The company expects product flexibility to support future differentiation as the market evolves.,Usage-based billing; premium analytics modules; integration retainers,Tiered annual contracts priced according to active accounts and processing volume.,Direct procurement outreach; channel reseller agreements; referral incentives,9626,38850013,268049,3 months,rejected
PioneerLogic,PioneerLogic is preparing a commercial platform connected to credential verification within the healthtech sector and is seeking funding to complete product development and marketing activities.,healthtech,pre-seed,6340961,EUR,Businesses involved in credential verification often mention administrative inefficiencies but purchasing priorities remain inconsistent.,vocational training providers,The company references a large international customer base without quantified segmentation,PioneerLogic plans to introduce a platform related to credential verification with a combination of automation features and reporting tools for commercial users.,Historical benchmarking data collected from pilot customers enables risk scoring unavailable through standard ERP systems.,The business intends to establish brand recognition following product launch activities.,Subscription contracts; onboarding fees; API access charges,Monthly subscription structure combined with one-time deployment charges.,Targeted account-based marketing; implementation partners; compliance webinars,0,40081149,856479,4 months,rejected
SummitAnalytics,SummitAnalytics develops operational software for municipal clinics managing patient referral management. The company is raising capital to expand enterprise integrations and scale regional sales operations.,healthtech,series-a,1712590,USD,"Independent municipal clinics rely on fragmented patient referral management workflows, resulting in delayed reporting cycles and unresolved transaction discrepancies.",municipal clinics,$72.7B estimated annual addressable spend across 7 national markets,"SummitAnalytics provides a cloud platform that centralizes patient referral management, connects external data feeds, and automates exception handling through configurable workflows.",Deployment architecture supports intermittent connectivity environments common across secondary markets.,The founding team previously managed operational infrastructure within the target industry and secured early reference accounts.,Transaction commissions; enterprise licensing; compliance reporting services,Usage-based pricing indexed to transaction activity and storage requirements.,Industry association partnerships; outbound enterprise sales; regional conferences,1202344,7214064,145043,15 months,approved
AtlasFlow,AtlasFlow is preparing a commercial platform connected to contract review within the legaltech sector and is seeking funding to complete product development and marketing activities.,legaltech,series-a,3519981,GBP,"mid-sized law firms face ongoing coordination challenges related to contract review, although the scale of the issue varies across regions.",mid-sized law firms,Leadership expects long-term expansion as adoption of software tools increases,AtlasFlow plans to introduce a platform related to contract review with a combination of automation features and reporting tools for commercial users.,The platform incorporates sector-specific compliance workflows rarely supported by horizontal software vendors.,"Several competitors operate in adjacent categories, though management expects demand to expand over time.",Transaction commissions; enterprise licensing; compliance reporting services,Monthly subscription structure combined with one-time deployment charges.,Pilot deployments with anchor customers; sector trade events; executive referrals,5733,103210665,805760,6 months,rejected
PioneerLedger,PioneerLedger is preparing a commercial platform connected to credential verification within the ecommerce sector and is seeking funding to complete product development and marketing activities.,ecommerce,seed,6291862,GBP,"The current environment around credential verification appears difficult for some operators, though quantitative benchmarks are limited.",vocational training providers,The company references a large international customer base without quantified segmentation,PioneerLedger plans to introduce a platform related to credential verification with a combination of automation features and reporting tools for commercial users.,The platform incorporates sector-specific compliance workflows rarely supported by horizontal software vendors.,Management believes the market remains open to new entrants without significant barriers.,Subscription contracts; onboarding fees; API access charges,Tiered annual contracts priced according to active accounts and processing volume.,Industry association partnerships; outbound enterprise sales; regional conferences,6077,52642564,489443,7 months,rejected
OakCapital,OakCapital is preparing a commercial platform connected to contract review within the cleantech sector and is seeking funding to complete product development and marketing activities.,cleantech,idea,4280756,GBP,"mid-sized law firms face ongoing coordination challenges related to contract review, although the scale of the issue varies across regions.",mid-sized law firms,Leadership expects long-term expansion as adoption of software tools increases,OakCapital plans to introduce a platform related to contract review with a combination of automation features and reporting tools for commercial users.,Historical benchmarking data collected from pilot customers enables risk scoring unavailable through standard ERP systems.,"Several competitors operate in adjacent categories, though management expects demand to expand over time.",Subscription contracts; onboarding fees; API access charges,Monthly subscription structure combined with one-time deployment charges.,Targeted account-based marketing; implementation partners; compliance webinars,0,73897258,898257,5 months,rejected
DeltaHealth,DeltaHealth is preparing a commercial platform connected to patient referral management within the saas sector and is seeking funding to complete product development and marketing activities.,saas,idea,1987845,AED,"The current environment around patient referral management appears difficult for some operators, though quantitative benchmarks are limited.",municipal clinics,Internal assumptions suggest broad demand among digital businesses,DeltaHealth plans to introduce a platform related to patient referral management with a combination of automation features and reporting tools for commercial users.,Deployment architecture supports intermittent connectivity environments common across secondary markets.,"Several competitors operate in adjacent categories, though management expects demand to expand over time.",Annual platform subscriptions; implementation services; support retainers,Enterprise licensing agreements negotiated on multi-year procurement cycles.,Targeted account-based marketing; implementation partners; compliance webinars,0,95797994,379742,5 months,rejected
SignalPilot,SignalPilot is preparing a commercial platform connected to fleet scheduling within the agritech sector and is seeking funding to complete product development and marketing activities.,agritech,idea,4433524,GBP,"The current environment around fleet scheduling appears difficult for some operators, though quantitative benchmarks are limited.",warehouse operators,Internal assumptions suggest broad demand among digital businesses,SignalPilot plans to introduce a platform related to fleet scheduling with a combination of automation features and reporting tools for commercial users.,The platform incorporates sector-specific compliance workflows rarely supported by horizontal software vendors.,Management believes the market remains open to new entrants without significant barriers.,Transaction commissions; enterprise licensing; compliance reporting services,Enterprise licensing agreements negotiated on multi-year procurement cycles.,Direct procurement outreach; channel reseller agreements; referral incentives,14763,13356563,552419,3 months,rejected
PioneerLabs,PioneerLabs develops operational software for municipal clinics managing patient referral management. The company is raising capital to expand enterprise integrations and scale regional sales operations.,agritech,idea,6042164,EUR,"municipal clinics continue to manage patient referral management through spreadsheets and email coordination, increasing operating losses and compliance exposure.",municipal clinics,$64.1B estimated annual addressable spend across 8 national markets,"PioneerLabs provides a cloud platform that centralizes patient referral management, connects external data feeds, and automates exception handling through configurable workflows.",Native integrations with regional financial and regulatory systems reduce migration friction for enterprise clients.,Exclusive access to proprietary operational datasets improves forecasting accuracy during onboarding.,Transaction commissions; enterprise licensing; compliance reporting services,Usage-based pricing indexed to transaction activity and storage requirements.,Industry association partnerships; outbound enterprise sales; regional conferences,2011614,14081298,321303,28 months,approved
GraniteMetrics,GraniteMetrics is preparing a commercial platform connected to maintenance dispatch within the proptech sector and is seeking funding to complete product development and marketing activities.,proptech,pre-seed,6567297,USD,"The current environment around maintenance dispatch appears difficult for some operators, though quantitative benchmarks are limited.",solar installers,Internal assumptions suggest broad demand among digital businesses,GraniteMetrics plans to introduce a platform related to maintenance dispatch with a combination of automation features and reporting tools for commercial users.,Native integrations with regional financial and regulatory systems reduce migration friction for enterprise clients.,The business intends to establish brand recognition following product launch activities.,Transaction commissions; enterprise licensing; compliance reporting services,Monthly subscription structure combined with one-time deployment charges.,Direct procurement outreach; channel reseller agreements; referral incentives,0,49737058,526975,2 months,rejected
IronTransit,IronTransit develops operational software for vocational training providers managing credential verification. The company is raising capital to expand enterprise integrations and scale regional sales operations.,logistics,pre-seed,6637078,SGD,"Companies handling credential verification lack integrated visibility across suppliers, regulators, and internal systems, creating avoidable operational costs.",vocational training providers,$10.4B estimated annual addressable spend across 11 national markets,"IronTransit provides a cloud platform that centralizes credential verification, connects external data feeds, and automates exception handling through configurable workflows.",Deployment architecture supports intermittent connectivity environments common across secondary markets.,Multi-year integration relationships with incumbent vendors create switching barriers for competing entrants.,Usage-based billing; premium analytics modules; integration retainers,Monthly subscription structure combined with one-time deployment charges.,Industry association partnerships; outbound enterprise sales; regional conferences,2168094,8672376,138704,12 months,approved
AtlasSystems,AtlasSystems develops operational software for solar installers managing maintenance dispatch. The company is raising capital to expand enterprise integrations and scale regional sales operations.,healthtech,pre-seed,4033107,GBP,"Independent solar installers rely on fragmented maintenance dispatch workflows, resulting in delayed reporting cycles and unresolved transaction discrepancies.",solar installers,$80.2B estimated annual addressable spend across 23 national markets,"AtlasSystems provides a cloud platform that centralizes maintenance dispatch, connects external data feeds, and automates exception handling through configurable workflows.",Deployment architecture supports intermittent connectivity environments common across secondary markets.,Exclusive access to proprietary operational datasets improves forecasting accuracy during onboarding.,Usage-based billing; premium analytics modules; integration retainers,Monthly subscription structure combined with one-time deployment charges.,Industry association partnerships; outbound enterprise sales; regional conferences,1327033,3981099,233167,18 months,approved
AtlasWorks,AtlasWorks is preparing a commercial platform connected to patient referral management within the ecommerce sector and is seeking funding to complete product development and marketing activities.,ecommerce,seed,5020142,USD,"The current environment around patient referral management appears difficult for some operators, though quantitative benchmarks are limited.",municipal clinics,Leadership expects long-term expansion as adoption of software tools increases,AtlasWorks plans to introduce a platform related to patient referral management with a combination of automation features and reporting tools for commercial users.,Deployment architecture supports intermittent connectivity environments common across secondary markets.,The business intends to establish brand recognition following product launch activities.,Usage-based billing; premium analytics modules; integration retainers,Enterprise licensing agreements negotiated on multi-year procurement cycles.,Pilot deployments with anchor customers; sector trade events; executive referrals,0,44844219,832855,3 months,rejected
PioneerCloud,PioneerCloud is preparing a commercial platform connected to crop procurement tracking within the legaltech sector and is seeking funding to complete product development and marketing activities.,legaltech,idea,7229829,USD,Businesses involved in crop procurement tracking often mention administrative inefficiencies but purchasing priorities remain inconsistent.,grain cooperatives,Management estimates the market opportunity to be substantial across multiple regions,PioneerCloud plans to introduce a platform related to crop procurement tracking with a combination of automation features and reporting tools for commercial users.,Historical benchmarking data collected from pilot customers enables risk scoring unavailable through standard ERP systems.,The business intends to establish brand recognition following product launch activities.,Transaction commissions; enterprise licensing; compliance reporting services,Monthly subscription structure combined with one-time deployment charges.,Direct procurement outreach; channel reseller agreements; referral incentives,0,86369735,224763,6 months,rejected
GraniteSystems,GraniteSystems is preparing a commercial platform connected to inventory forecasting within the edtech sector and is seeking funding to complete product development and marketing activities.,edtech,idea,157676,USD,"retail distributors face ongoing coordination challenges related to inventory forecasting, although the scale of the issue varies across regions.",retail distributors,The company references a large international customer base without quantified segmentation,GraniteSystems plans to introduce a platform related to inventory forecasting with a combination of automation features and reporting tools for commercial users.,Deployment architecture supports intermittent connectivity environments common across secondary markets.,"Several competitors operate in adjacent categories, though management expects demand to expand over time.",Subscription contracts; onboarding fees; API access charges,Enterprise licensing agreements negotiated on multi-year procurement cycles.,Industry association partnerships; outbound enterprise sales; regional conferences,12149,21019311,566328,5 months,rejected
LatticeBridge,LatticeBridge develops operational software for grain cooperatives managing crop procurement tracking. The company is raising capital to expand enterprise integrations and scale regional sales operations.,saas,series-a,3478942,SGD,"grain cooperatives continue to manage crop procurement tracking through spreadsheets and email coordination, increasing operating losses and compliance exposure.",grain cooperatives,$51.5B estimated annual addressable spend across 10 national markets,"LatticeBridge provides a cloud platform that centralizes crop procurement tracking, connects external data feeds, and automates exception handling through configurable workflows.",The platform incorporates sector-specific compliance workflows rarely supported by horizontal software vendors.,Multi-year integration relationships with incumbent vendors create switching barriers for competing entrants.,Annual platform subscriptions; implementation services; support retainers,Monthly subscription structure combined with one-time deployment charges.,Targeted account-based marketing; implementation partners; compliance webinars,1127683,5638415,152748,22 months,approved
ApexMetrics,ApexMetrics is preparing a commercial platform connected to maintenance dispatch within the agritech sector and is seeking funding to complete product development and marketing activities.,agritech,pre-seed,4371220,SGD,"The current environment around maintenance dispatch appears difficult for some operators, though quantitative benchmarks are limited.",solar installers,Management estimates the market opportunity to be substantial across multiple regions,ApexMetrics plans to introduce a platform related to maintenance dispatch with a combination of automation features and reporting tools for commercial users.,The platform incorporates sector-specific compliance workflows rarely supported by horizontal software vendors.,Management believes the market remains open to new entrants without significant barriers.,Usage-based billing; premium analytics modules; integration retainers,Enterprise licensing agreements negotiated on multi-year procurement cycles.,Pilot deployments with anchor customers; sector trade events; executive referrals,11182,76662485,539506,4 months,rejected
DeltaLabs,DeltaLabs develops operational software for warehouse operators managing fleet scheduling. The company is raising capital to expand enterprise integrations and scale regional sales operations.,logistics,idea,637168,SGD,"Companies handling fleet scheduling lack integrated visibility across suppliers, regulators, and internal systems, creating avoidable operational costs.",warehouse operators,$63.1B estimated annual addressable spend across 9 national markets,"DeltaLabs provides a cloud platform that centralizes fleet scheduling, connects external data feeds, and automates exception handling through configurable workflows.",Deployment architecture supports intermittent connectivity environments common across secondary markets.,Multi-year integration relationships with incumbent vendors create switching barriers for competing entrants.,Subscription contracts; onboarding fees; API access charges,Tiered annual contracts priced according to active accounts and processing volume.,Industry association partnerships; outbound enterprise sales; regional conferences,554107,2216428,249086,23 months,approved
SummitAnalytics,SummitAnalytics develops operational software for vocational training providers managing credential verification. The company is raising capital to expand enterprise integrations and scale regional sales operations.,agritech,series-a,7973324,SGD,"vocational training providers continue to manage credential verification through spreadsheets and email coordination, increasing operating losses and compliance exposure.",vocational training providers,$22.9B estimated annual addressable spend across 14 national markets,"SummitAnalytics provides a cloud platform that centralizes credential verification, connects external data feeds, and automates exception handling through configurable workflows.",Deployment architecture supports intermittent connectivity environments common across secondary markets.,Existing distribution agreements with sector operators provide direct access to procurement teams across three countries.,Transaction commissions; enterprise licensing; compliance reporting services,Tiered annual contracts priced according to active accounts and processing volume.,Direct procurement outreach; channel reseller agreements; referral incentives,1011956,3035868,324625,17 months,approved
LatticeFlow,LatticeFlow develops operational software for property managers managing tenant documentation. The company is raising capital to expand enterprise integrations and scale regional sales operations.,saas,seed,2878745,USD,"Companies handling tenant documentation lack integrated visibility across suppliers, regulators, and internal systems, creating avoidable operational costs.",property managers,$49.5B estimated annual addressable spend across 12 national markets,"LatticeFlow provides a cloud platform that centralizes tenant documentation, connects external data feeds, and automates exception handling through configurable workflows.",Native integrations with regional financial and regulatory systems reduce migration friction for enterprise clients.,The founding team previously managed operational infrastructure within the target industry and secured early reference accounts.,Subscription contracts; onboarding fees; API access charges,Monthly subscription structure combined with one-time deployment charges.,Targeted account-based marketing; implementation partners; compliance webinars,1078069,8624552,70092,23 months,approved
CobaltFlow,CobaltFlow is preparing a commercial platform connected to fleet scheduling within the legaltech sector and is seeking funding to complete product development and marketing activities.,legaltech,pre-seed,6349532,SGD,"The current environment around fleet scheduling appears difficult for some operators, though quantitative benchmarks are limited.",warehouse operators,The company references a large international customer base without quantified segmentation,CobaltFlow plans to introduce a platform related to fleet scheduling with a combination of automation features and reporting tools for commercial users.,Deployment architecture supports intermittent connectivity environments common across secondary markets.,"Several competitors operate in adjacent categories, though management expects demand to expand over time.",Annual platform subscriptions; implementation services; support retainers,Tiered annual contracts priced according to active accounts and processing volume.,Pilot deployments with anchor customers; sector trade events; executive referrals,0,103664961,879493,4 months,rejected
NorthAnalytics,NorthAnalytics develops operational software for regional freight operators managing cross-border payment reconciliation. The company is raising capital to expand enterprise integrations and scale regional sales operations.,saas,pre-seed,5940411,EUR,"regional freight operators continue to manage cross-border payment reconciliation through spreadsheets and email coordination, increasing operating losses and compliance exposure.",regional freight operators,$37.1B estimated annual addressable spend across 17 national markets,"NorthAnalytics provides a cloud platform that centralizes cross-border payment reconciliation, connects external data feeds, and automates exception handling through configurable workflows.",Native integrations with regional financial and regulatory systems reduce migration friction for enterprise clients.,Existing distribution agreements with sector operators provide direct access to procurement teams across three countries.,Transaction commissions; enterprise licensing; compliance reporting services,Enterprise licensing agreements negotiated on multi-year procurement cycles.,Pilot deployments with anchor customers; sector trade events; executive referrals,2126901,10634505,77705,14 months,approved
VectorHealth,VectorHealth develops operational software for insurance brokers managing claims intake. The company is raising capital to expand enterprise integrations and scale regional sales operations.,proptech,seed,3737612,GBP,"Independent insurance brokers rely on fragmented claims intake workflows, resulting in delayed reporting cycles and unresolved transaction discrepancies.",insurance brokers,$35.4B estimated annual addressable spend across 7 national markets,"VectorHealth provides a cloud platform that centralizes claims intake, connects external data feeds, and automates exception handling through configurable workflows.",Historical benchmarking data collected from pilot customers enables risk scoring unavailable through standard ERP systems.,Existing distribution agreements with sector operators provide direct access to procurement teams across three countries.,Subscription contracts; onboarding fees; API access charges,Usage-based pricing indexed to transaction activity and storage requirements.,Pilot deployments with anchor customers; sector trade events; executive referrals,741396,4448376,344682,29 months,approved
BlueWorks,BlueWorks develops operational software for retail distributors managing inventory forecasting. The company is raising capital to expand enterprise integrations and scale regional sales operations.,logistics,series-a,3164005,USD,"Independent retail distributors rely on fragmented inventory forecasting workflows, resulting in delayed reporting cycles and unresolved transaction discrepancies.",retail distributors,$63.4B estimated annual addressable spend across 6 national markets,"BlueWorks provides a cloud platform that centralizes inventory forecasting, connects external data feeds, and automates exception handling through configurable workflows.",The platform incorporates sector-specific compliance workflows rarely supported by horizontal software vendors.,Multi-year integration relationships with incumbent vendors create switching barriers for competing entrants.,Subscription contracts; onboarding fees; API access charges,Monthly subscription structure combined with one-time deployment charges.,Industry association partnerships; outbound enterprise sales; regional conferences,644320,4510240,271387,14 months,approved
HarborChain,HarborChain develops operational software for municipal clinics managing patient referral management. The company is raising capital to expand enterprise integrations and scale regional sales operations.,saas,idea,6778490,AED,"Companies handling patient referral management lack integrated visibility across suppliers, regulators, and internal systems, creating avoidable operational costs.",municipal clinics,$70.3B estimated annual addressable spend across 13 national markets,"HarborChain provides a cloud platform that centralizes patient referral management, connects external data feeds, and automates exception handling through configurable workflows.",Deployment architecture supports intermittent connectivity environments common across secondary markets.,Exclusive access to proprietary operational datasets improves forecasting accuracy during onboarding.,Subscription contracts; onboarding fees; API access charges,Enterprise licensing agreements negotiated on multi-year procurement cycles.,Pilot deployments with anchor customers; sector trade events; executive referrals,2354215,11771075,146652,18 months,approved
DeltaWorks,DeltaWorks develops operational software for solar installers managing maintenance dispatch. The company is raising capital to expand enterprise integrations and scale regional sales operations.,healthtech,seed,5110425,USD,"solar installers continue to manage maintenance dispatch through spreadsheets and email coordination, increasing operating losses and compliance exposure.",solar installers,$52.3B estimated annual addressable spend across 17 national markets,"DeltaWorks provides a cloud platform that centralizes maintenance dispatch, connects external data feeds, and automates exception handling through configurable workflows.",The platform incorporates sector-specific compliance workflows rarely supported by horizontal software vendors.,Existing distribution agreements with sector operators provide direct access to procurement teams across three countries.,Transaction commissions; enterprise licensing; compliance reporting services,Tiered annual contracts priced according to active accounts and processing volume.,Targeted account-based marketing; implementation partners; compliance webinars,1856872,7427488,58084,18 months,approved
GraniteGrid,GraniteGrid is preparing a commercial platform connected to maintenance dispatch within the logistics sector and is seeking funding to complete product development and marketing activities.,logistics,pre-seed,3711613,EUR,Businesses involved in maintenance dispatch often mention administrative inefficiencies but purchasing priorities remain inconsistent.,solar installers,Leadership expects long-term expansion as adoption of software tools increases,GraniteGrid plans to introduce a platform related to maintenance dispatch with a combination of automation features and reporting tools for commercial users.,Native integrations with regional financial and regulatory systems reduce migration friction for enterprise clients.,Management believes the market remains open to new entrants without significant barriers.,Usage-based billing; premium analytics modules; integration retainers,Monthly subscription structure combined with one-time deployment charges.,Direct procurement outreach; channel reseller agreements; referral incentives,0,33590658,655301,7 months,rejected
OakMetrics,OakMetrics is preparing a commercial platform connected to contract review within the proptech sector and is seeking funding to complete product development and marketing activities.,proptech,series-a,5530772,USD,"The current environment around contract review appears difficult for some operators, though quantitative benchmarks are limited.",mid-sized law firms,Internal assumptions suggest broad demand among digital businesses,OakMetrics plans to introduce a platform related to contract review with a combination of automation features and reporting tools for commercial users.,The platform incorporates sector-specific compliance workflows rarely supported by horizontal software vendors.,"Several competitors operate in adjacent categories, though management expects demand to expand over time.",Transaction commissions; enterprise licensing; compliance reporting services,Monthly subscription structure combined with one-time deployment charges.,Direct procurement outreach; channel reseller agreements; referral incentives,0,30872144,338146,2 months,rejected
IronSync,IronSync is preparing a commercial platform connected to credential verification within the legaltech sector and is seeking funding to complete product development and marketing activities.,legaltech,series-a,3685584,USD,Businesses involved in credential verification often mention administrative inefficiencies but purchasing priorities remain inconsistent.,vocational training providers,Leadership expects long-term expansion as adoption of software tools increases,IronSync plans to introduce a platform related to credential verification with a combination of automation features and reporting tools for commercial users.,Historical benchmarking data collected from pilot customers enables risk scoring unavailable through standard ERP systems.,"Several competitors operate in adjacent categories, though management expects demand to expand over time.",Transaction commissions; enterprise licensing; compliance reporting services,Tiered annual contracts priced according to active accounts and processing volume.,Industry association partnerships; outbound enterprise sales; regional conferences,0,73954084,311685,3 months,rejected
NorthLogic,NorthLogic is preparing a commercial platform connected to crop procurement tracking within the legaltech sector and is seeking funding to complete product development and marketing activities.,legaltech,idea,1433980,AED,"grain cooperatives face ongoing coordination challenges related to crop procurement tracking, although the scale of the issue varies across regions.",grain cooperatives,Management estimates the market opportunity to be substantial across multiple regions,NorthLogic plans to introduce a platform related to crop procurement tracking with a combination of automation features and reporting tools for commercial users.,Historical benchmarking data collected from pilot customers enables risk scoring unavailable through standard ERP systems.,The business intends to establish brand recognition following product launch activities.,Usage-based billing; premium analytics modules; integration retainers,Monthly subscription structure combined with one-time deployment charges.,Pilot deployments with anchor customers; sector trade events; executive referrals,0,52528772,371341,8 months,rejected
StoneLogic,StoneLogic develops operational software for warehouse operators managing fleet scheduling. The company is raising capital to expand enterprise integrations and scale regional sales operations.,cleantech,idea,4845659,SGD,"Companies handling fleet scheduling lack integrated visibility across suppliers, regulators, and internal systems, creating avoidable operational costs.",warehouse operators,$46.5B estimated annual addressable spend across 24 national markets,"StoneLogic provides a cloud platform that centralizes fleet scheduling, connects external data feeds, and automates exception handling through configurable workflows.",Native integrations with regional financial and regulatory systems reduce migration friction for enterprise clients.,Existing distribution agreements with sector operators provide direct access to procurement teams across three countries.,Subscription contracts; onboarding fees; API access charges,Monthly subscription structure combined with one-time deployment charges.,Industry association partnerships; outbound enterprise sales; regional conferences,2040039,8160156,239118,15 months,approved
NorthTransit,NorthTransit is preparing a commercial platform connected to inventory forecasting within the logistics sector and is seeking funding to complete product development and marketing activities.,logistics,pre-seed,523237,EUR,Businesses involved in inventory forecasting often mention administrative inefficiencies but purchasing priorities remain inconsistent.,retail distributors,Management estimates the market opportunity to be substantial across multiple regions,NorthTransit plans to introduce a platform related to inventory forecasting with a combination of automation features and reporting tools for commercial users.,Historical benchmarking data collected from pilot customers enables risk scoring unavailable through standard ERP systems.,Management believes the market remains open to new entrants without significant barriers.,Annual platform subscriptions; implementation services; support retainers,Tiered annual contracts priced according to active accounts and processing volume.,Direct procurement outreach; channel reseller agreements; referral incentives,0,94162451,200680,5 months,rejected
PeakGrid,PeakGrid is preparing a commercial platform connected to patient referral management within the proptech sector and is seeking funding to complete product development and marketing activities.,proptech,pre-seed,3479189,GBP,"The current environment around patient referral management appears difficult for some operators, though quantitative benchmarks are limited.",municipal clinics,Management estimates the market opportunity to be substantial across multiple regions,PeakGrid plans to introduce a platform related to patient referral management with a combination of automation features and reporting tools for commercial users.,Historical benchmarking data collected from pilot customers enables risk scoring unavailable through standard ERP systems.,Management believes the market remains open to new entrants without significant barriers.,Transaction commissions; enterprise licensing; compliance reporting services,Tiered annual contracts priced according to active accounts and processing volume.,Pilot deployments with anchor customers; sector trade events; executive referrals,0,93644556,464045,7 months,rejected
OakPilot,OakPilot develops operational software for warehouse operators managing fleet scheduling. The company is raising capital to expand enterprise integrations and scale regional sales operations.,ecommerce,pre-seed,1311207,USD,"warehouse operators continue to manage fleet scheduling through spreadsheets and email coordination, increasing operating losses and compliance exposure.",warehouse operators,$53.6B estimated annual addressable spend across 23 national markets,"OakPilot provides a cloud platform that centralizes fleet scheduling, connects external data feeds, and automates exception handling through configurable workflows.",Historical benchmarking data collected from pilot customers enables risk scoring unavailable through standard ERP systems.,Multi-year integration relationships with incumbent vendors create switching barriers for competing entrants.,Transaction commissions; enterprise licensing; compliance reporting services,Enterprise licensing agreements negotiated on multi-year procurement cycles.,Targeted account-based marketing; implementation partners; compliance webinars,2040844,16326752,147931,26 months,approved
SignalChain,SignalChain is preparing a commercial platform connected to cross-border payment reconciliation within the ecommerce sector and is seeking funding to complete product development and marketing activities.,ecommerce,idea,828237,SGD,Businesses involved in cross-border payment reconciliation often mention administrative inefficiencies but purchasing priorities remain inconsistent.,regional freight operators,The company references a large international customer base without quantified segmentation,SignalChain plans to introduce a platform related to cross-border payment reconciliation with a combination of automation features and reporting tools for commercial users.,The platform incorporates sector-specific compliance workflows rarely supported by horizontal software vendors.,Management believes the market remains open to new entrants without significant barriers.,Annual platform subscriptions; implementation services; support retainers,Usage-based pricing indexed to transaction activity and storage requirements.,Pilot deployments with anchor customers; sector trade events; executive referrals,0,59730727,276148,5 months,rejected
PeakTransit,PeakTransit is preparing a commercial platform connected to maintenance dispatch within the ecommerce sector and is seeking funding to complete product development and marketing activities.,ecommerce,seed,1318634,GBP,"The current environment around maintenance dispatch appears difficult for some operators, though quantitative benchmarks are limited.",solar installers,Internal assumptions suggest broad demand among digital businesses,PeakTransit plans to introduce a platform related to maintenance dispatch with a combination of automation features and reporting tools for commercial users.,Native integrations with regional financial and regulatory systems reduce migration friction for enterprise clients.,Management believes the market remains open to new entrants without significant barriers.,Annual platform subscriptions; implementation services; support retainers,Monthly subscription structure combined with one-time deployment charges.,Industry association partnerships; outbound enterprise sales; regional conferences,0,22106630,594501,2 months,rejected
CinderWorks,CinderWorks develops operational software for insurance brokers managing claims intake. The company is raising capital to expand enterprise integrations and scale regional sales operations.,healthtech,pre-seed,479778,USD,"Companies handling claims intake lack integrated visibility across suppliers, regulators, and internal systems, creating avoidable operational costs.",insurance brokers,$22.1B estimated annual addressable spend across 17 national markets,"CinderWorks provides a cloud platform that centralizes claims intake, connects external data feeds, and automates exception handling through configurable workflows.",Deployment architecture supports intermittent connectivity environments common across secondary markets.,Existing distribution agreements with sector operators provide direct access to procurement teams across three countries.,Transaction commissions; enterprise licensing; compliance reporting services,Usage-based pricing indexed to transaction activity and storage requirements.,Direct procurement outreach; channel reseller agreements; referral incentives,1931872,7727488,129778,17 months,approved
SignalLedger,SignalLedger is preparing a commercial platform connected to fleet scheduling within the fintech sector and is seeking funding to complete product development and marketing activities.,fintech,seed,3447905,EUR,"The current environment around fleet scheduling appears difficult for some operators, though quantitative benchmarks are limited.",warehouse operators,Leadership expects long-term expansion as adoption of software tools increases,SignalLedger plans to introduce a platform related to fleet scheduling with a combination of automation features and reporting tools for commercial users.,The platform incorporates sector-specific compliance workflows rarely supported by horizontal software vendors.,"Several competitors operate in adjacent categories, though management expects demand to expand over time.",Transaction commissions; enterprise licensing; compliance reporting services,Tiered annual contracts priced according to active accounts and processing volume.,Targeted account-based marketing; implementation partners; compliance webinars,0,103794850,311635,4 months,rejected
AtlasBase,AtlasBase is preparing a commercial platform connected to tenant documentation within the cleantech sector and is seeking funding to complete product development and marketing activities.,cleantech,pre-seed,3271356,GBP,"property managers face ongoing coordination challenges related to tenant documentation, although the scale of the issue varies across regions.",property managers,The company references a large international customer base without quantified segmentation,AtlasBase plans to introduce a platform related to tenant documentation with a combination of automation features and reporting tools for commercial users.,Historical benchmarking data collected from pilot customers enables risk scoring unavailable through standard ERP systems.,The business intends to establish brand recognition following product launch activities.,Transaction commissions; enterprise licensing; compliance reporting services,Tiered annual contracts priced according to active accounts and processing volume.,Industry association partnerships; outbound enterprise sales; regional conferences,8947,11720345,282242,6 months,rejected
CobaltChain,CobaltChain is preparing a commercial platform connected to maintenance dispatch within the legaltech sector and is seeking funding to complete product development and marketing activities.,legaltech,idea,6943872,AED,Businesses involved in maintenance dispatch often mention administrative inefficiencies but purchasing priorities remain inconsistent.,solar installers,The company references a large international customer base without quantified segmentation,CobaltChain plans to introduce a platform related to maintenance dispatch with a combination of automation features and reporting tools for commercial users.,Historical benchmarking data collected from pilot customers enables risk scoring unavailable through standard ERP systems.,Management believes the market remains open to new entrants without significant barriers.,Annual platform subscriptions; implementation services; support retainers,Monthly subscription structure combined with one-time deployment charges.,Industry association partnerships; outbound enterprise sales; regional conferences,0,50976369,859072,7 months,rejected
VectorMarkets,VectorMarkets is preparing a commercial platform connected to patient referral management within the logistics sector and is seeking funding to complete product development and marketing activities.,logistics,series-a,3681732,GBP,Businesses involved in patient referral management often mention administrative inefficiencies but purchasing priorities remain inconsistent.,municipal clinics,Leadership expects long-term expansion as adoption of software tools increases,VectorMarkets plans to introduce a platform related to patient referral management with a combination of automation features and reporting tools for commercial users.,The platform incorporates sector-specific compliance workflows rarely supported by horizontal software vendors.,"Several competitors operate in adjacent categories, though management expects demand to expand over time.",Usage-based billing; premium analytics modules; integration retainers,Tiered annual contracts priced according to active accounts and processing volume.,Industry association partnerships; outbound enterprise sales; regional conferences,0,51635538,794389,6 months,rejected
GraniteDynamics,GraniteDynamics develops operational software for warehouse operators managing fleet scheduling. The company is raising capital to expand enterprise integrations and scale regional sales operations.,logistics,seed,836647,AED,"Companies handling fleet scheduling lack integrated visibility across suppliers, regulators, and internal systems, creating avoidable operational costs.",warehouse operators,$54.5B estimated annual addressable spend across 3 national markets,"GraniteDynamics provides a cloud platform that centralizes fleet scheduling, connects external data feeds, and automates exception handling through configurable workflows.",Historical benchmarking data collected from pilot customers enables risk scoring unavailable through standard ERP systems.,The founding team previously managed operational infrastructure within the target industry and secured early reference accounts.,Transaction commissions; enterprise licensing; compliance reporting services,Enterprise licensing agreements negotiated on multi-year procurement cycles.,Targeted account-based marketing; implementation partners; compliance webinars,2152180,10760900,73126,30 months,approved
NorthHealth,NorthHealth is preparing a commercial platform connected to tenant documentation within the edtech sector and is seeking funding to complete product development and marketing activities.,edtech,idea,4919874,AED,"The current environment around tenant documentation appears difficult for some operators, though quantitative benchmarks are limited.",property managers,Internal assumptions suggest broad demand among digital businesses,NorthHealth plans to introduce a platform related to tenant documentation with a combination of automation features and reporting tools for commercial users.,Native integrations with regional financial and regulatory systems reduce migration friction for enterprise clients.,The business intends to establish brand recognition following product launch activities.,Transaction commissions; enterprise licensing; compliance reporting services,Tiered annual contracts priced according to active accounts and processing volume.,Pilot deployments with anchor customers; sector trade events; executive referrals,0,105162560,457242,4 months,rejected
OakLedger,OakLedger is preparing a commercial platform connected to credential verification within the proptech sector and is seeking funding to complete product development and marketing activities.,proptech,series-a,2362101,GBP,"The current environment around credential verification appears difficult for some operators, though quantitative benchmarks are limited.",vocational training providers,Internal assumptions suggest broad demand among digital businesses,OakLedger plans to introduce a platform related to credential verification with a combination of automation features and reporting tools for commercial users.,Historical benchmarking data collected from pilot customers enables risk scoring unavailable through standard ERP systems.,Management believes the market remains open to new entrants without significant barriers.,Usage-based billing; premium analytics modules; integration retainers,Monthly subscription structure combined with one-time deployment charges.,Direct procurement outreach; channel reseller agreements; referral incentives,0,106703722,753936,7 months,rejected
RiverMarkets,RiverMarkets is preparing a commercial platform connected to contract review within the legaltech sector and is seeking funding to complete product development and marketing activities.,legaltech,pre-seed,806157,EUR,"mid-sized law firms face ongoing coordination challenges related to contract review, although the scale of the issue varies across regions.",mid-sized law firms,The company references a large international customer base without quantified segmentation,RiverMarkets plans to introduce a platform related to contract review with a combination of automation features and reporting tools for commercial users.,Native integrations with regional financial and regulatory systems reduce migration friction for enterprise clients.,"Several competitors operate in adjacent categories, though management expects demand to expand over time.",Transaction commissions; enterprise licensing; compliance reporting services,Usage-based pricing indexed to transaction activity and storage requirements.,Industry association partnerships; outbound enterprise sales; regional conferences,11604,10658019,853876,3 months,rejected
OakLogic,OakLogic develops operational software for vocational training providers managing credential verification. The company is raising capital to expand enterprise integrations and scale regional sales operations.,ecommerce,seed,6850353,USD,"vocational training providers continue to manage credential verification through spreadsheets and email coordination, increasing operating losses and compliance exposure.",vocational training providers,$3.1B estimated annual addressable spend across 11 national markets,"OakLogic provides a cloud platform that centralizes credential verification, connects external data feeds, and automates exception handling through configurable workflows.",Deployment architecture supports intermittent connectivity environments common across secondary markets.,Existing distribution agreements with sector operators provide direct access to procurement teams across three countries.,Subscription contracts; onboarding fees; API access charges,Enterprise licensing agreements negotiated on multi-year procurement cycles.,Pilot deployments with anchor customers; sector trade events; executive referrals,1903155,5709465,149995,25 months,approved
NorthMetrics,NorthMetrics is preparing a commercial platform connected to crop procurement tracking within the legaltech sector and is seeking funding to complete product development and marketing activities.,legaltech,idea,7825498,USD,"grain cooperatives face ongoing coordination challenges related to crop procurement tracking, although the scale of the issue varies across regions.",grain cooperatives,Leadership expects long-term expansion as adoption of software tools increases,NorthMetrics plans to introduce a platform related to crop procurement tracking with a combination of automation features and reporting tools for commercial users.,Deployment architecture supports intermittent connectivity environments common across secondary markets.,Management believes the market remains open to new entrants without significant barriers.,Transaction commissions; enterprise licensing; compliance reporting services,Enterprise licensing agreements negotiated on multi-year procurement cycles.,Pilot deployments with anchor customers; sector trade events; executive referrals,0,109964200,689881,8 months,rejected
SignalCapital,SignalCapital is preparing a commercial platform connected to fleet scheduling within the ecommerce sector and is seeking funding to complete product development and marketing activities.,ecommerce,idea,1905069,USD,"warehouse operators face ongoing coordination challenges related to fleet scheduling, although the scale of the issue varies across regions.",warehouse operators,Leadership expects long-term expansion as adoption of software tools increases,SignalCapital plans to introduce a platform related to fleet scheduling with a combination of automation features and reporting tools for commercial users.,Deployment architecture supports intermittent connectivity environments common across secondary markets.,The company expects product flexibility to support future differentiation as the market evolves.,Subscription contracts; onboarding fees; API access charges,Usage-based pricing indexed to transaction activity and storage requirements.,Pilot deployments with anchor customers; sector trade events; executive referrals,3702,37406009,649927,5 months,rejected
PeakLogic,PeakLogic is preparing a commercial platform connected to credential verification within the logistics sector and is seeking funding to complete product development and marketing activities.,logistics,idea,4222420,AED,"The current environment around credential verification appears difficult for some operators, though quantitative benchmarks are limited.",vocational training providers,Leadership expects long-term expansion as adoption of software tools increases,PeakLogic plans to introduce a platform related to credential verification with a combination of automation features and reporting tools for commercial users.,Native integrations with regional financial and regulatory systems reduce migration friction for enterprise clients.,Management believes the market remains open to new entrants without significant barriers.,Usage-based billing; premium analytics modules; integration retainers,Tiered annual contracts priced according to active accounts and processing volume.,Pilot deployments with anchor customers; sector trade events; executive referrals,11600,72936528,499306,6 months,rejected
LatticeSystems,LatticeSystems is preparing a commercial platform connected to cross-border payment reconciliation within the edtech sector and is seeking funding to complete product development and marketing activities.,edtech,pre-seed,4169240,EUR,"regional freight operators face ongoing coordination challenges related to cross-border payment reconciliation, although the scale of the issue varies across regions.",regional freight operators,Leadership expects long-term expansion as adoption of software tools increases,LatticeSystems plans to introduce a platform related to cross-border payment reconciliation with a combination of automation features and reporting tools for commercial users.,The platform incorporates sector-specific compliance workflows rarely supported by horizontal software vendors.,The business intends to establish brand recognition following product launch activities.,Transaction commissions; enterprise licensing; compliance reporting services,Tiered annual contracts priced according to active accounts and processing volume.,Direct procurement outreach; channel reseller agreements; referral incentives,0,54689178,754678,3 months,rejected
SignalMetrics,SignalMetrics is preparing a commercial platform connected to inventory forecasting within the logistics sector and is seeking funding to complete product development and marketing activities.,logistics,pre-seed,1324015,EUR,"retail distributors face ongoing coordination challenges related to inventory forecasting, although the scale of the issue varies across regions.",retail distributors,Leadership expects long-term expansion as adoption of software tools increases,SignalMetrics plans to introduce a platform related to inventory forecasting with a combination of automation features and reporting tools for commercial users.,Native integrations with regional financial and regulatory systems reduce migration friction for enterprise clients.,The business intends to establish brand recognition following product launch activities.,Subscription contracts; onboarding fees; API access charges,Tiered annual contracts priced according to active accounts and processing volume.,Direct procurement outreach; channel reseller agreements; referral incentives,0,39388317,421257,7 months,rejected
LatticeWorks,LatticeWorks develops operational software for grain cooperatives managing crop procurement tracking. The company is raising capital to expand enterprise integrations and scale regional sales operations.,agritech,pre-seed,2453828,EUR,"Companies handling crop procurement tracking lack integrated visibility across suppliers, regulators, and internal systems, creating avoidable operational costs.",grain cooperatives,$42.7B estimated annual addressable spend across 14 national markets,"LatticeWorks provides a cloud platform that centralizes crop procurement tracking, connects external data feeds, and automates exception handling through configurable workflows.",Native integrations with regional financial and regulatory systems reduce migration friction for enterprise clients.,Exclusive access to proprietary operational datasets improves forecasting accuracy during onboarding.,Usage-based billing; premium analytics modules; integration retainers,Enterprise licensing agreements negotiated on multi-year procurement cycles.,Industry association partnerships; outbound enterprise sales; regional conferences,2284620,18276960,47326,18 months,approved
BlueCloud,BlueCloud develops operational software for solar installers managing maintenance dispatch. The company is raising capital to expand enterprise integrations and scale regional sales operations.,fintech,series-a,7044859,GBP,"Companies handling maintenance dispatch lack integrated visibility across suppliers, regulators, and internal systems, creating avoidable operational costs.",solar installers,$35.6B estimated annual addressable spend across 8 national markets,"BlueCloud provides a cloud platform that centralizes maintenance dispatch, connects external data feeds, and automates exception handling through configurable workflows.",Historical benchmarking data collected from pilot customers enables risk scoring unavailable through standard ERP systems.,Multi-year integration relationships with incumbent vendors create switching barriers for competing entrants.,Usage-based billing; premium analytics modules; integration retainers,Usage-based pricing indexed to transaction activity and storage requirements.,Pilot deployments with anchor customers; sector trade events; executive referrals,2019649,16157192,111187,15 months,approved
PeakCloud,PeakCloud is preparing a commercial platform connected to contract review within the edtech sector and is seeking funding to complete product development and marketing activities.,edtech,seed,967159,USD,"The current environment around contract review appears difficult for some operators, though quantitative benchmarks are limited.",mid-sized law firms,Internal assumptions suggest broad demand among digital businesses,PeakCloud plans to introduce a platform related to contract review with a combination of automation features and reporting tools for commercial users.,The platform incorporates sector-specific compliance workflows rarely supported by horizontal software vendors.,The business intends to establish brand recognition following product launch activities.,Annual platform subscriptions; implementation services; support retainers,Tiered annual contracts priced according to active accounts and processing volume.,Industry association partnerships; outbound enterprise sales; regional conferences,0,58985487,741592,8 months,rejected
CinderMarkets,CinderMarkets develops operational software for mid-sized law firms managing contract review. The company is raising capital to expand enterprise integrations and scale regional sales operations.,cleantech,seed,4934791,GBP,"Independent mid-sized law firms rely on fragmented contract review workflows, resulting in delayed reporting cycles and unresolved transaction discrepancies.",mid-sized law firms,$83.5B estimated annual addressable spend across 7 national markets,"CinderMarkets provides a cloud platform that centralizes contract review, connects external data feeds, and automates exception handling through configurable workflows.",Historical benchmarking data collected from pilot customers enables risk scoring unavailable through standard ERP systems.,Multi-year integration relationships with incumbent vendors create switching barriers for competing entrants.,Transaction commissions; enterprise licensing; compliance reporting services,Monthly subscription structure combined with one-time deployment charges.,Pilot deployments with anchor customers; sector trade events; executive referrals,283912,1135648,171241,22 months,approved
HarborBridge,HarborBridge develops operational software for warehouse operators managing fleet scheduling. The company is raising capital to expand enterprise integrations and scale regional sales operations.,proptech,series-a,2400495,EUR,"warehouse operators continue to manage fleet scheduling through spreadsheets and email coordination, increasing operating losses and compliance exposure.",warehouse operators,$52.9B estimated annual addressable spend across 21 national markets,"HarborBridge provides a cloud platform that centralizes fleet scheduling, connects external data feeds, and automates exception handling through configurable workflows.",Deployment architecture supports intermittent connectivity environments common across secondary markets.,Multi-year integration relationships with incumbent vendors create switching barriers for competing entrants.,Transaction commissions; enterprise licensing; compliance reporting services,Tiered annual contracts priced according to active accounts and processing volume.,Industry association partnerships; outbound enterprise sales; regional conferences,1220484,4881936,243550,22 months,approved
RedwoodBase,RedwoodBase develops operational software for municipal clinics managing patient referral management. The company is raising capital to expand enterprise integrations and scale regional sales operations.,legaltech,idea,5422741,GBP,"Independent municipal clinics rely on fragmented patient referral management workflows, resulting in delayed reporting cycles and unresolved transaction discrepancies.",municipal clinics,$71.6B estimated annual addressable spend across 8 national markets,"RedwoodBase provides a cloud platform that centralizes patient referral management, connects external data feeds, and automates exception handling through configurable workflows.",The platform incorporates sector-specific compliance workflows rarely supported by horizontal software vendors.,The founding team previously managed operational infrastructure within the target industry and secured early reference accounts.,Subscription contracts; onboarding fees; API access charges,Monthly subscription structure combined with one-time deployment charges.,Direct procurement outreach; channel reseller agreements; referral incentives,1307770,3923310,259007,16 months,approved
PeakHealth,PeakHealth is preparing a commercial platform connected to maintenance dispatch within the ecommerce sector and is seeking funding to complete product development and marketing activities.,ecommerce,seed,6643528,GBP,"The current environment around maintenance dispatch appears difficult for some operators, though quantitative benchmarks are limited.",solar installers,The company references a large international customer base without quantified segmentation,PeakHealth plans to introduce a platform related to maintenance dispatch with a combination of automation features and reporting tools for commercial users.,Deployment architecture supports intermittent connectivity environments common across secondary markets.,The business intends to establish brand recognition following product launch activities.,Subscription contracts; onboarding fees; API access charges,Monthly subscription structure combined with one-time deployment charges.,Targeted account-based marketing; implementation partners; compliance webinars,13408,77654649,398062,3 months,rejected
GraniteBase,GraniteBase is preparing a commercial platform connected to claims intake within the healthtech sector and is seeking funding to complete product development and marketing activities.,healthtech,series-a,2249411,EUR,Businesses involved in claims intake often mention administrative inefficiencies but purchasing priorities remain inconsistent.,insurance brokers,The company references a large international customer base without quantified segmentation,GraniteBase plans to introduce a platform related to claims intake with a combination of automation features and reporting tools for commercial users.,The platform incorporates sector-specific compliance workflows rarely supported by horizontal software vendors.,Management believes the market remains open to new entrants without significant barriers.,Subscription contracts; onboarding fees; API access charges,Monthly subscription structure combined with one-time deployment charges.,Targeted account-based marketing; implementation partners; compliance webinars,0,54818971,869496,3 months,rejected
LatticeAnalytics,LatticeAnalytics develops operational software for grain cooperatives managing crop procurement tracking. The company is raising capital to expand enterprise integrations and scale regional sales operations.,proptech,series-a,1050865,SGD,"Independent grain cooperatives rely on fragmented crop procurement tracking workflows, resulting in delayed reporting cycles and unresolved transaction discrepancies.",grain cooperatives,$2.5B estimated annual addressable spend across 15 national markets,"LatticeAnalytics provides a cloud platform that centralizes crop procurement tracking, connects external data feeds, and automates exception handling through configurable workflows.",The platform incorporates sector-specific compliance workflows rarely supported by horizontal software vendors.,Exclusive access to proprietary operational datasets improves forecasting accuracy during onboarding.,Usage-based billing; premium analytics modules; integration retainers,Monthly subscription structure combined with one-time deployment charges.,Targeted account-based marketing; implementation partners; compliance webinars,1690821,11835747,215182,13 months,approved
BlueDynamics,BlueDynamics develops operational software for retail distributors managing inventory forecasting. The company is raising capital to expand enterprise integrations and scale regional sales operations.,ecommerce,seed,4346480,EUR,"retail distributors continue to manage inventory forecasting through spreadsheets and email coordination, increasing operating losses and compliance exposure.",retail distributors,$28.4B estimated annual addressable spend across 7 national markets,"BlueDynamics provides a cloud platform that centralizes inventory forecasting, connects external data feeds, and automates exception handling through configurable workflows.",Native integrations with regional financial and regulatory systems reduce migration friction for enterprise clients.,Exclusive access to proprietary operational datasets improves forecasting accuracy during onboarding.,Annual platform subscriptions; implementation services; support retainers,Monthly subscription structure combined with one-time deployment charges.,Pilot deployments with anchor customers; sector trade events; executive referrals,2063463,10317315,309672,23 months,approved
OakCloud,OakCloud is preparing a commercial platform connected to credential verification within the saas sector and is seeking funding to complete product development and marketing activities.,saas,seed,1712044,SGD,"vocational training providers face ongoing coordination challenges related to credential verification, although the scale of the issue varies across regions.",vocational training providers,Management estimates the market opportunity to be substantial across multiple regions,OakCloud plans to introduce a platform related to credential verification with a combination of automation features and reporting tools for commercial users.,The platform incorporates sector-specific compliance workflows rarely supported by horizontal software vendors.,The company expects product flexibility to support future differentiation as the market evolves.,Annual platform subscriptions; implementation services; support retainers,Enterprise licensing agreements negotiated on multi-year procurement cycles.,Targeted account-based marketing; implementation partners; compliance webinars,0,53505882,320308,8 months,rejected
PeakBase,PeakBase develops operational software for mid-sized law firms managing contract review. The company is raising capital to expand enterprise integrations and scale regional sales operations.,saas,seed,5949065,AED,"mid-sized law firms continue to manage contract review through spreadsheets and email coordination, increasing operating losses and compliance exposure.",mid-sized law firms,$33.3B estimated annual addressable spend across 25 national markets,"PeakBase provides a cloud platform that centralizes contract review, connects external data feeds, and automates exception handling through configurable workflows.",The platform incorporates sector-specific compliance workflows rarely supported by horizontal software vendors.,Exclusive access to proprietary operational datasets improves forecasting accuracy during onboarding.,Usage-based billing; premium analytics modules; integration retainers,Monthly subscription structure combined with one-time deployment charges.,Targeted account-based marketing; implementation partners; compliance webinars,1328833,10630664,289470,16 months,approved
SummitHealth,SummitHealth develops operational software for insurance brokers managing claims intake. The company is raising capital to expand enterprise integrations and scale regional sales operations.,legaltech,idea,4700848,SGD,"Companies handling claims intake lack integrated visibility across suppliers, regulators, and internal systems, creating avoidable operational costs.",insurance brokers,$66.3B estimated annual addressable spend across 17 national markets,"SummitHealth provides a cloud platform that centralizes claims intake, connects external data feeds, and automates exception handling through configurable workflows.",The platform incorporates sector-specific compliance workflows rarely supported by horizontal software vendors.,The founding team previously managed operational infrastructure within the target industry and secured early reference accounts.,Usage-based billing; premium analytics modules; integration retainers,Tiered annual contracts priced according to active accounts and processing volume.,Industry association partnerships; outbound enterprise sales; regional conferences,1470607,5882428,141132,12 months,approved
IronCapital,IronCapital is preparing a commercial platform connected to tenant documentation within the ecommerce sector and is seeking funding to complete product development and marketing activities.,ecommerce,series-a,1623503,GBP,Businesses involved in tenant documentation often mention administrative inefficiencies but purchasing priorities remain inconsistent.,property managers,Leadership expects long-term expansion as adoption of software tools increases,IronCapital plans to introduce a platform related to tenant documentation with a combination of automation features and reporting tools for commercial users.,The platform incorporates sector-specific compliance workflows rarely supported by horizontal software vendors.,The company expects product flexibility to support future differentiation as the market evolves.,Transaction commissions; enterprise licensing; compliance reporting services,Usage-based pricing indexed to transaction activity and storage requirements.,Direct procurement outreach; channel reseller agreements; referral incentives,0,81017407,825998,5 months,rejected
OakMetrics,OakMetrics is preparing a commercial platform connected to credential verification within the proptech sector and is seeking funding to complete product development and marketing activities.,proptech,seed,478843,GBP,"The current environment around credential verification appears difficult for some operators, though quantitative benchmarks are limited.",vocational training providers,Leadership expects long-term expansion as adoption of software tools increases,OakMetrics plans to introduce a platform related to credential verification with a combination of automation features and reporting tools for commercial users.,Deployment architecture supports intermittent connectivity environments common across secondary markets.,"Several competitors operate in adjacent categories, though management expects demand to expand over time.",Subscription contracts; onboarding fees; API access charges,Usage-based pricing indexed to transaction activity and storage requirements.,Direct procurement outreach; channel reseller agreements; referral incentives,7473,101760998,691110,6 months,rejected
DeltaAnalytics,DeltaAnalytics develops operational software for regional freight operators managing cross-border payment reconciliation. The company is raising capital to expand enterprise integrations and scale regional sales operations.,edtech,idea,3011865,USD,"regional freight operators continue to manage cross-border payment reconciliation through spreadsheets and email coordination, increasing operating losses and compliance exposure.",regional freight operators,$77.7B estimated annual addressable spend across 19 national markets,"DeltaAnalytics provides a cloud platform that centralizes cross-border payment reconciliation, connects external data feeds, and automates exception handling through configurable workflows.",Native integrations with regional financial and regulatory systems reduce migration friction for enterprise clients.,Exclusive access to proprietary operational datasets improves forecasting accuracy during onboarding.,Annual platform subscriptions; implementation services; support retainers,Tiered annual contracts priced according to active accounts and processing volume.,Pilot deployments with anchor customers; sector trade events; executive referrals,1304196,6520980,86561,15 months,approved
ApexTransit,ApexTransit develops operational software for grain cooperatives managing crop procurement tracking. The company is raising capital to expand enterprise integrations and scale regional sales operations.,saas,idea,1013049,SGD,"Companies handling crop procurement tracking lack integrated visibility across suppliers, regulators, and internal systems, creating avoidable operational costs.",grain cooperatives,$56.8B estimated annual addressable spend across 8 national markets,"ApexTransit provides a cloud platform that centralizes crop procurement tracking, connects external data feeds, and automates exception handling through configurable workflows.",Native integrations with regional financial and regulatory systems reduce migration friction for enterprise clients.,The founding team previously managed operational infrastructure within the target industry and secured early reference accounts.,Transaction commissions; enterprise licensing; compliance reporting services,Usage-based pricing indexed to transaction activity and storage requirements.,Industry association partnerships; outbound enterprise sales; regional conferences,1380616,6903080,290827,22 months,approved
GraniteTransit,GraniteTransit is preparing a commercial platform connected to maintenance dispatch within the ecommerce sector and is seeking funding to complete product development and marketing activities.,ecommerce,seed,1033237,USD,"solar installers face ongoing coordination challenges related to maintenance dispatch, although the scale of the issue varies across regions.",solar installers,Management estimates the market opportunity to be substantial across multiple regions,GraniteTransit plans to introduce a platform related to maintenance dispatch with a combination of automation features and reporting tools for commercial users.,Native integrations with regional financial and regulatory systems reduce migration friction for enterprise clients.,The business intends to establish brand recognition following product launch activities.,Subscription contracts; onboarding fees; API access charges,Tiered annual contracts priced according to active accounts and processing volume.,Direct procurement outreach; channel reseller agreements; referral incentives,14443,35185579,685639,8 months,rejected
PioneerHealth,PioneerHealth develops operational software for municipal clinics managing patient referral management. The company is raising capital to expand enterprise integrations and scale regional sales operations.,fintech,pre-seed,1416851,EUR,"Independent municipal clinics rely on fragmented patient referral management workflows, resulting in delayed reporting cycles and unresolved transaction discrepancies.",municipal clinics,$29.1B estimated annual addressable spend across 22 national markets,"PioneerHealth provides a cloud platform that centralizes patient referral management, connects external data feeds, and automates exception handling through configurable workflows.",Historical benchmarking data collected from pilot customers enables risk scoring unavailable through standard ERP systems.,Multi-year integration relationships with incumbent vendors create switching barriers for competing entrants.,Annual platform subscriptions; implementation services; support retainers,Tiered annual contracts priced according to active accounts and processing volume.,Pilot deployments with anchor customers; sector trade events; executive referrals,766449,6131592,163231,22 months,approved
NorthSystems,NorthSystems is preparing a commercial platform connected to crop procurement tracking within the edtech sector and is seeking funding to complete product development and marketing activities.,edtech,series-a,2519657,USD,Businesses involved in crop procurement tracking often mention administrative inefficiencies but purchasing priorities remain inconsistent.,grain cooperatives,The company references a large international customer base without quantified segmentation,NorthSystems plans to introduce a platform related to crop procurement tracking with a combination of automation features and reporting tools for commercial users.,The platform incorporates sector-specific compliance workflows rarely supported by horizontal software vendors.,Management believes the market remains open to new entrants without significant barriers.,Transaction commissions; enterprise licensing; compliance reporting services,Enterprise licensing agreements negotiated on multi-year procurement cycles.,Industry association partnerships; outbound enterprise sales; regional conferences,7717,56157164,595504,4 months,rejected
CinderBase,CinderBase is preparing a commercial platform connected to crop procurement tracking within the logistics sector and is seeking funding to complete product development and marketing activities.,logistics,series-a,7240106,USD,"grain cooperatives face ongoing coordination challenges related to crop procurement tracking, although the scale of the issue varies across regions.",grain cooperatives,Leadership expects long-term expansion as adoption of software tools increases,CinderBase plans to introduce a platform related to crop procurement tracking with a combination of automation features and reporting tools for commercial users.,Deployment architecture supports intermittent connectivity environments common across secondary markets.,The company expects product flexibility to support future differentiation as the market evolves.,Annual platform subscriptions; implementation services; support retainers,Monthly subscription structure combined with one-time deployment charges.,Industry association partnerships; outbound enterprise sales; regional conferences,5764,47294379,671067,3 months,rejected
SummitTransit,SummitTransit is preparing a commercial platform connected to crop procurement tracking within the legaltech sector and is seeking funding to complete product development and marketing activities.,legaltech,series-a,1638532,AED,"The current environment around crop procurement tracking appears difficult for some operators, though quantitative benchmarks are limited.",grain cooperatives,Internal assumptions suggest broad demand among digital businesses,SummitTransit plans to introduce a platform related to crop procurement tracking with a combination of automation features and reporting tools for commercial users.,The platform incorporates sector-specific compliance workflows rarely supported by horizontal software vendors.,"Several competitors operate in adjacent categories, though management expects demand to expand over time.",Annual platform subscriptions; implementation services; support retainers,Usage-based pricing indexed to transaction activity and storage requirements.,Direct procurement outreach; channel reseller agreements; referral incentives,740,38048047,650898,6 months,rejected
VectorBase,VectorBase is preparing a commercial platform connected to tenant documentation within the saas sector and is seeking funding to complete product development and marketing activities.,saas,idea,1583353,GBP,"The current environment around tenant documentation appears difficult for some operators, though quantitative benchmarks are limited.",property managers,Management estimates the market opportunity to be substantial across multiple regions,VectorBase plans to introduce a platform related to tenant documentation with a combination of automation features and reporting tools for commercial users.,Deployment architecture supports intermittent connectivity environments common across secondary markets.,"Several competitors operate in adjacent categories, though management expects demand to expand over time.",Usage-based billing; premium analytics modules; integration retainers,Enterprise licensing agreements negotiated on multi-year procurement cycles.,Direct procurement outreach; channel reseller agreements; referral incentives,0,65780689,749810,6 months,rejected
HarborSystems,HarborSystems develops operational software for vocational training providers managing credential verification. The company is raising capital to expand enterprise integrations and scale regional sales operations.,saas,pre-seed,7663496,EUR,"vocational training providers continue to manage credential verification through spreadsheets and email coordination, increasing operating losses and compliance exposure.",vocational training providers,$23.9B estimated annual addressable spend across 10 national markets,"HarborSystems provides a cloud platform that centralizes credential verification, connects external data feeds, and automates exception handling through configurable workflows.",The platform incorporates sector-specific compliance workflows rarely supported by horizontal software vendors.,The founding team previously managed operational infrastructure within the target industry and secured early reference accounts.,Transaction commissions; enterprise licensing; compliance reporting services,Monthly subscription structure combined with one-time deployment charges.,Pilot deployments with anchor customers; sector trade events; executive referrals,900927,5405562,139949,19 months,approved
DeltaCloud,DeltaCloud develops operational software for property managers managing tenant documentation. The company is raising capital to expand enterprise integrations and scale regional sales operations.,saas,idea,2814799,USD,"Independent property managers rely on fragmented tenant documentation workflows, resulting in delayed reporting cycles and unresolved transaction discrepancies.",property managers,$89.0B estimated annual addressable spend across 4 national markets,"DeltaCloud provides a cloud platform that centralizes tenant documentation, connects external data feeds, and automates exception handling through configurable workflows.",Historical benchmarking data collected from pilot customers enables risk scoring unavailable through standard ERP systems.,Multi-year integration relationships with incumbent vendors create switching barriers for competing entrants.,Usage-based billing; premium analytics modules; integration retainers,Enterprise licensing agreements negotiated on multi-year procurement cycles.,Industry association partnerships; outbound enterprise sales; regional conferences,374184,2619288,120161,26 months,approved
CobaltAnalytics,CobaltAnalytics is preparing a commercial platform connected to maintenance dispatch within the ecommerce sector and is seeking funding to complete product development and marketing activities.,ecommerce,series-a,6252451,USD,"The current environment around maintenance dispatch appears difficult for some operators, though quantitative benchmarks are limited.",solar installers,Management estimates the market opportunity to be substantial across multiple regions,CobaltAnalytics plans to introduce a platform related to maintenance dispatch with a combination of automation features and reporting tools for commercial users.,Deployment architecture supports intermittent connectivity environments common across secondary markets.,"Several competitors operate in adjacent categories, though management expects demand to expand over time.",Subscription contracts; onboarding fees; API access charges,Enterprise licensing agreements negotiated on multi-year procurement cycles.,Industry association partnerships; outbound enterprise sales; regional conferences,6419,56175640,365767,3 months,rejected
GraniteChain,GraniteChain is preparing a commercial platform connected to maintenance dispatch within the fintech sector and is seeking funding to complete product development and marketing activities.,fintech,series-a,5312886,GBP,"The current environment around maintenance dispatch appears difficult for some operators, though quantitative benchmarks are limited.",solar installers,Internal assumptions suggest broad demand among digital businesses,GraniteChain plans to introduce a platform related to maintenance dispatch with a combination of automation features and reporting tools for commercial users.,Native integrations with regional financial and regulatory systems reduce migration friction for enterprise clients.,"Several competitors operate in adjacent categories, though management expects demand to expand over time.",Transaction commissions; enterprise licensing; compliance reporting services,Monthly subscription structure combined with one-time deployment charges.,Targeted account-based marketing; implementation partners; compliance webinars,9160,99807861,377041,7 months,rejected
PioneerFlow,PioneerFlow develops operational software for mid-sized law firms managing contract review. The company is raising capital to expand enterprise integrations and scale regional sales operations.,saas,pre-seed,168412,EUR,"Companies handling contract review lack integrated visibility across suppliers, regulators, and internal systems, creating avoidable operational costs.",mid-sized law firms,$77.9B estimated annual addressable spend across 17 national markets,"PioneerFlow provides a cloud platform that centralizes contract review, connects external data feeds, and automates exception handling through configurable workflows.",Historical benchmarking data collected from pilot customers enables risk scoring unavailable through standard ERP systems.,The founding team previously managed operational infrastructure within the target industry and secured early reference accounts.,Annual platform subscriptions; implementation services; support retainers,Tiered annual contracts priced according to active accounts and processing volume.,Direct procurement outreach; channel reseller agreements; referral incentives,2137843,8551372,318088,26 months,approved
IronChain,IronChain is preparing a commercial platform connected to patient referral management within the cleantech sector and is seeking funding to complete product development and marketing activities.,cleantech,pre-seed,646546,AED,Businesses involved in patient referral management often mention administrative inefficiencies but purchasing priorities remain inconsistent.,municipal clinics,Internal assumptions suggest broad demand among digital businesses,IronChain plans to introduce a platform related to patient referral management with a combination of automation features and reporting tools for commercial users.,Deployment architecture supports intermittent connectivity environments common across secondary markets.,"Several competitors operate in adjacent categories, though management expects demand to expand over time.",Subscription contracts; onboarding fees; API access charges,Usage-based pricing indexed to transaction activity and storage requirements.,Pilot deployments with anchor customers; sector trade events; executive referrals,0,68225709,818668,4 months,rejected
DeltaTransit,DeltaTransit develops operational software for retail distributors managing inventory forecasting. The company is raising capital to expand enterprise integrations and scale regional sales operations.,fintech,idea,4347950,AED,"Independent retail distributors rely on fragmented inventory forecasting workflows, resulting in delayed reporting cycles and unresolved transaction discrepancies.",retail distributors,$31.0B estimated annual addressable spend across 25 national markets,"DeltaTransit provides a cloud platform that centralizes inventory forecasting, connects external data feeds, and automates exception handling through configurable workflows.",Native integrations with regional financial and regulatory systems reduce migration friction for enterprise clients.,Existing distribution agreements with sector operators provide direct access to procurement teams across three countries.,Annual platform subscriptions; implementation services; support retainers,Monthly subscription structure combined with one-time deployment charges.,Direct procurement outreach; channel reseller agreements; referral incentives,1186492,9491936,277219,20 months,approved
IronLabs,IronLabs is preparing a commercial platform connected to claims intake within the proptech sector and is seeking funding to complete product development and marketing activities.,proptech,idea,6166321,GBP,"insurance brokers face ongoing coordination challenges related to claims intake, although the scale of the issue varies across regions.",insurance brokers,The company references a large international customer base without quantified segmentation,IronLabs plans to introduce a platform related to claims intake with a combination of automation features and reporting tools for commercial users.,Deployment architecture supports intermittent connectivity environments common across secondary markets.,"Several competitors operate in adjacent categories, though management expects demand to expand over time.",Usage-based billing; premium analytics modules; integration retainers,Tiered annual contracts priced according to active accounts and processing volume.,Targeted account-based marketing; implementation partners; compliance webinars,0,69255221,358511,3 months,rejected
LatticeSystems,LatticeSystems is preparing a commercial platform connected to cross-border payment reconciliation within the ecommerce sector and is seeking funding to complete product development and marketing activities.,ecommerce,pre-seed,3019946,GBP,"regional freight operators face ongoing coordination challenges related to cross-border payment reconciliation, although the scale of the issue varies across regions.",regional freight operators,Leadership expects long-term expansion as adoption of software tools increases,LatticeSystems plans to introduce a platform related to cross-border payment reconciliation with a combination of automation features and reporting tools for commercial users.,Native integrations with regional financial and regulatory systems reduce migration friction for enterprise clients.,Management believes the market remains open to new entrants without significant barriers.,Usage-based billing; premium analytics modules; integration retainers,Monthly subscription structure combined with one-time deployment charges.,Direct procurement outreach; channel reseller agreements; referral incentives,0,84720869,641547,6 months,rejected
NorthBase,NorthBase is preparing a commercial platform connected to crop procurement tracking within the healthtech sector and is seeking funding to complete product development and marketing activities.,healthtech,pre-seed,2977128,SGD,Businesses involved in crop procurement tracking often mention administrative inefficiencies but purchasing priorities remain inconsistent.,grain cooperatives,Management estimates the market opportunity to be substantial across multiple regions,NorthBase plans to introduce a platform related to crop procurement tracking with a combination of automation features and reporting tools for commercial users.,Native integrations with regional financial and regulatory systems reduce migration friction for enterprise clients.,The business intends to establish brand recognition following product launch activities.,Subscription contracts; onboarding fees; API access charges,Tiered annual contracts priced according to active accounts and processing volume.,Industry association partnerships; outbound enterprise sales; regional conferences,0,118444832,259309,5 months,rejected
LatticeHealth,LatticeHealth is preparing a commercial platform connected to cross-border payment reconciliation within the edtech sector and is seeking funding to complete product development and marketing activities.,edtech,series-a,572305,SGD,Businesses involved in cross-border payment reconciliation often mention administrative inefficiencies but purchasing priorities remain inconsistent.,regional freight operators,Management estimates the market opportunity to be substantial across multiple regions,LatticeHealth plans to introduce a platform related to cross-border payment reconciliation with a combination of automation features and reporting tools for commercial users.,Historical benchmarking data collected from pilot customers enables risk scoring unavailable through standard ERP systems.,Management believes the market remains open to new entrants without significant barriers.,Subscription contracts; onboarding fees; API access charges,Usage-based pricing indexed to transaction activity and storage requirements.,Targeted account-based marketing; implementation partners; compliance webinars,5853,100957618,835586,7 months,rejected
PeakBridge,PeakBridge develops operational software for property managers managing tenant documentation. The company is raising capital to expand enterprise integrations and scale regional sales operations.,legaltech,pre-seed,6150217,SGD,"Companies handling tenant documentation lack integrated visibility across suppliers, regulators, and internal systems, creating avoidable operational costs.",property managers,$50.0B estimated annual addressable spend across 6 national markets,"PeakBridge provides a cloud platform that centralizes tenant documentation, connects external data feeds, and automates exception handling through configurable workflows.",Native integrations with regional financial and regulatory systems reduce migration friction for enterprise clients.,Exclusive access to proprietary operational datasets improves forecasting accuracy during onboarding.,Transaction commissions; enterprise licensing; compliance reporting services,Enterprise licensing agreements negotiated on multi-year procurement cycles.,Pilot deployments with anchor customers; sector trade events; executive referrals,1899633,5698899,253100,15 months,approved
DeltaDynamics,DeltaDynamics is preparing a commercial platform connected to tenant documentation within the saas sector and is seeking funding to complete product development and marketing activities.,saas,idea,1299837,AED,Businesses involved in tenant documentation often mention administrative inefficiencies but purchasing priorities remain inconsistent.,property managers,Internal assumptions suggest broad demand among digital businesses,DeltaDynamics plans to introduce a platform related to tenant documentation with a combination of automation features and reporting tools for commercial users.,Historical benchmarking data collected from pilot customers enables risk scoring unavailable through standard ERP systems.,"Several competitors operate in adjacent categories, though management expects demand to expand over time.",Annual platform subscriptions; implementation services; support retainers,Tiered annual contracts priced according to active accounts and processing volume.,Industry association partnerships; outbound enterprise sales; regional conferences,0,103009705,620370,4 months,rejected
HarborPilot,HarborPilot develops operational software for insurance brokers managing claims intake. The company is raising capital to expand enterprise integrations and scale regional sales operations.,healthtech,seed,4523990,EUR,"Companies handling claims intake lack integrated visibility across suppliers, regulators, and internal systems, creating avoidable operational costs.",insurance brokers,$86.7B estimated annual addressable spend across 12 national markets,"HarborPilot provides a cloud platform that centralizes claims intake, connects external data feeds, and automates exception handling through configurable workflows.",Native integrations with regional financial and regulatory systems reduce migration friction for enterprise clients.,Multi-year integration relationships with incumbent vendors create switching barriers for competing entrants.,Transaction commissions; enterprise licensing; compliance reporting services,Enterprise licensing agreements negotiated on multi-year procurement cycles.,Targeted account-based marketing; implementation partners; compliance webinars,253396,1266980,138076,16 months,approved
OakCloud,OakCloud is preparing a commercial platform connected to credential verification within the saas sector and is seeking funding to complete product development and marketing activities.,saas,idea,1311093,AED,Businesses involved in credential verification often mention administrative inefficiencies but purchasing priorities remain inconsistent.,vocational training providers,Leadership expects long-term expansion as adoption of software tools increases,OakCloud plans to introduce a platform related to credential verification with a combination of automation features and reporting tools for commercial users.,Deployment architecture supports intermittent connectivity environments common across secondary markets.,"Several competitors operate in adjacent categories, though management expects demand to expand over time.",Transaction commissions; enterprise licensing; compliance reporting services,Usage-based pricing indexed to transaction activity and storage requirements.,Targeted account-based marketing; implementation partners; compliance webinars,0,46234204,843293,3 months,rejected
IronBase,IronBase is preparing a commercial platform connected to maintenance dispatch within the logistics sector and is seeking funding to complete product development and marketing activities.,logistics,idea,6434212,AED,Businesses involved in maintenance dispatch often mention administrative inefficiencies but purchasing priorities remain inconsistent.,solar installers,The company references a large international customer base without quantified segmentation,IronBase plans to introduce a platform related to maintenance dispatch with a combination of automation features and reporting tools for commercial users.,Deployment architecture supports intermittent connectivity environments common across secondary markets.,"Several competitors operate in adjacent categories, though management expects demand to expand over time.",Annual platform subscriptions; implementation services; support retainers,Enterprise licensing agreements negotiated on multi-year procurement cycles.,Direct procurement outreach; channel reseller agreements; referral incentives,7226,64686223,291326,2 months,rejected
PioneerCapital,PioneerCapital develops operational software for property managers managing tenant documentation. The company is raising capital to expand enterprise integrations and scale regional sales operations.,agritech,pre-seed,501977,AED,"property managers continue to manage tenant documentation through spreadsheets and email coordination, increasing operating losses and compliance exposure.",property managers,$4.8B estimated annual addressable spend across 8 national markets,"PioneerCapital provides a cloud platform that centralizes tenant documentation, connects external data feeds, and automates exception handling through configurable workflows.",Historical benchmarking data collected from pilot customers enables risk scoring unavailable through standard ERP systems.,The founding team previously managed operational infrastructure within the target industry and secured early reference accounts.,Annual platform subscriptions; implementation services; support retainers,Tiered annual contracts priced according to active accounts and processing volume.,Targeted account-based marketing; implementation partners; compliance webinars,185710,742840,328032,29 months,approved
PeakSystems,PeakSystems is preparing a commercial platform connected to claims intake within the edtech sector and is seeking funding to complete product development and marketing activities.,edtech,series-a,1545917,AED,"The current environment around claims intake appears difficult for some operators, though quantitative benchmarks are limited.",insurance brokers,The company references a large international customer base without quantified segmentation,PeakSystems plans to introduce a platform related to claims intake with a combination of automation features and reporting tools for commercial users.,Native integrations with regional financial and regulatory systems reduce migration friction for enterprise clients.,Management believes the market remains open to new entrants without significant barriers.,Subscription contracts; onboarding fees; API access charges,Usage-based pricing indexed to transaction activity and storage requirements.,Targeted account-based marketing; implementation partners; compliance webinars,0,83395797,821827,3 months,rejected
CinderHealth,CinderHealth develops operational software for property managers managing tenant documentation. The company is raising capital to expand enterprise integrations and scale regional sales operations.,saas,seed,4608836,SGD,"Companies handling tenant documentation lack integrated visibility across suppliers, regulators, and internal systems, creating avoidable operational costs.",property managers,$35.8B estimated annual addressable spend across 7 national markets,"CinderHealth provides a cloud platform that centralizes tenant documentation, connects external data feeds, and automates exception handling through configurable workflows.",Deployment architecture supports intermittent connectivity environments common across secondary markets.,Existing distribution agreements with sector operators provide direct access to procurement teams across three countries.,Subscription contracts; onboarding fees; API access charges,Usage-based pricing indexed to transaction activity and storage requirements.,Industry association partnerships; outbound enterprise sales; regional conferences,530134,1590402,209568,18 months,approved
CobaltSystems,CobaltSystems develops operational software for mid-sized law firms managing contract review. The company is raising capital to expand enterprise integrations and scale regional sales operations.,ecommerce,idea,1267512,SGD,"Independent mid-sized law firms rely on fragmented contract review workflows, resulting in delayed reporting cycles and unresolved transaction discrepancies.",mid-sized law firms,$88.6B estimated annual addressable spend across 17 national markets,"CobaltSystems provides a cloud platform that centralizes contract review, connects external data feeds, and automates exception handling through configurable workflows.",Native integrations with regional financial and regulatory systems reduce migration friction for enterprise clients.,The founding team previously managed operational infrastructure within the target industry and secured early reference accounts.,Usage-based billing; premium analytics modules; integration retainers,Tiered annual contracts priced according to active accounts and processing volume.,Pilot deployments with anchor customers; sector trade events; executive referrals,1223509,4894036,186071,30 months,approved
AtlasMetrics,AtlasMetrics develops operational software for regional freight operators managing cross-border payment reconciliation. The company is raising capital to expand enterprise integrations and scale regional sales operations.,ecommerce,pre-seed,5521206,GBP,"Companies handling cross-border payment reconciliation lack integrated visibility across suppliers, regulators, and internal systems, creating avoidable operational costs.",regional freight operators,$62.5B estimated annual addressable spend across 19 national markets,"AtlasMetrics provides a cloud platform that centralizes cross-border payment reconciliation, connects external data feeds, and automates exception handling through configurable workflows.",Deployment architecture supports intermittent connectivity environments common across secondary markets.,The founding team previously managed operational infrastructure within the target industry and secured early reference accounts.,Subscription contracts; onboarding fees; API access charges,Usage-based pricing indexed to transaction activity and storage requirements.,Direct procurement outreach; channel reseller agreements; referral incentives,1150879,9207032,264158,29 months,approved
BlueLedger,BlueLedger develops operational software for insurance brokers managing claims intake. The company is raising capital to expand enterprise integrations and scale regional sales operations.,agritech,seed,7802353,USD,"insurance brokers continue to manage claims intake through spreadsheets and email coordination, increasing operating losses and compliance exposure.",insurance brokers,$4.7B estimated annual addressable spend across 18 national markets,"BlueLedger provides a cloud platform that centralizes claims intake, connects external data feeds, and automates exception handling through configurable workflows.",The platform incorporates sector-specific compliance workflows rarely supported by horizontal software vendors.,Exclusive access to proprietary operational datasets improves forecasting accuracy during onboarding.,Transaction commissions; enterprise licensing; compliance reporting services,Enterprise licensing agreements negotiated on multi-year procurement cycles.,Direct procurement outreach; channel reseller agreements; referral incentives,1424973,9974811,202416,14 months,approved
HarborAnalytics,HarborAnalytics develops operational software for retail distributors managing inventory forecasting. The company is raising capital to expand enterprise integrations and scale regional sales operations.,proptech,series-a,4086037,GBP,"Independent retail distributors rely on fragmented inventory forecasting workflows, resulting in delayed reporting cycles and unresolved transaction discrepancies.",retail distributors,$47.0B estimated annual addressable spend across 16 national markets,"HarborAnalytics provides a cloud platform that centralizes inventory forecasting, connects external data feeds, and automates exception handling through configurable workflows.",Deployment architecture supports intermittent connectivity environments common across secondary markets.,Existing distribution agreements with sector operators provide direct access to procurement teams across three countries.,Transaction commissions; enterprise licensing; compliance reporting services,Enterprise licensing agreements negotiated on multi-year procurement cycles.,Targeted account-based marketing; implementation partners; compliance webinars,321329,2570632,285026,30 months,approved
ApexWorks,ApexWorks develops operational software for warehouse operators managing fleet scheduling. The company is raising capital to expand enterprise integrations and scale regional sales operations.,edtech,series-a,5231909,USD,"warehouse operators continue to manage fleet scheduling through spreadsheets and email coordination, increasing operating losses and compliance exposure.",warehouse operators,$24.0B estimated annual addressable spend across 9 national markets,"ApexWorks provides a cloud platform that centralizes fleet scheduling, connects external data feeds, and automates exception handling through configurable workflows.",The platform incorporates sector-specific compliance workflows rarely supported by horizontal software vendors.,Exclusive access to proprietary operational datasets improves forecasting accuracy during onboarding.,Subscription contracts; onboarding fees; API access charges,Usage-based pricing indexed to transaction activity and storage requirements.,Targeted account-based marketing; implementation partners; compliance webinars,1847579,5542737,25249,30 months,approved
AtlasMetrics,AtlasMetrics is preparing a commercial platform connected to crop procurement tracking within the agritech sector and is seeking funding to complete product development and marketing activities.,agritech,idea,6762667,SGD,Businesses involved in crop procurement tracking often mention administrative inefficiencies but purchasing priorities remain inconsistent.,grain cooperatives,The company references a large international customer base without quantified segmentation,AtlasMetrics plans to introduce a platform related to crop procurement tracking with a combination of automation features and reporting tools for commercial users.,Historical benchmarking data collected from pilot customers enables risk scoring unavailable through standard ERP systems.,The company expects product flexibility to support future differentiation as the market evolves.,Transaction commissions; enterprise licensing; compliance reporting services,Tiered annual contracts priced according to active accounts and processing volume.,Industry association partnerships; outbound enterprise sales; regional conferences,0,84893842,826203,5 months,rejected
SummitHealth,SummitHealth is preparing a commercial platform connected to cross-border payment reconciliation within the fintech sector and is seeking funding to complete product development and marketing activities.,fintech,idea,7344991,AED,"regional freight operators face ongoing coordination challenges related to cross-border payment reconciliation, although the scale of the issue varies across regions.",regional freight operators,The company references a large international customer base without quantified segmentation,SummitHealth plans to introduce a platform related to cross-border payment reconciliation with a combination of automation features and reporting tools for commercial users.,Historical benchmarking data collected from pilot customers enables risk scoring unavailable through standard ERP systems.,"Several competitors operate in adjacent categories, though management expects demand to expand over time.",Annual platform subscriptions; implementation services; support retainers,Tiered annual contracts priced according to active accounts and processing volume.,Pilot deployments with anchor customers; sector trade events; executive referrals,1723,5463927,272096,5 months,rejected
PioneerTransit,PioneerTransit is preparing a commercial platform connected to patient referral management within the legaltech sector and is seeking funding to complete product development and marketing activities.,legaltech,pre-seed,7235789,EUR,"The current environment around patient referral management appears difficult for some operators, though quantitative benchmarks are limited.",municipal clinics,The company references a large international customer base without quantified segmentation,PioneerTransit plans to introduce a platform related to patient referral management with a combination of automation features and reporting tools for commercial users.,The platform incorporates sector-specific compliance workflows rarely supported by horizontal software vendors.,The business intends to establish brand recognition following product launch activities.,Transaction commissions; enterprise licensing; compliance reporting services,Tiered annual contracts priced according to active accounts and processing volume.,Pilot deployments with anchor customers; sector trade events; executive referrals,3966,95624849,569304,3 months,rejected
RiverSync,RiverSync is preparing a commercial platform connected to tenant documentation within the cleantech sector and is seeking funding to complete product development and marketing activities.,cleantech,idea,1372368,SGD,"property managers face ongoing coordination challenges related to tenant documentation, although the scale of the issue varies across regions.",property managers,Management estimates the market opportunity to be substantial across multiple regions,RiverSync plans to introduce a platform related to tenant documentation with a combination of automation features and reporting tools for commercial users.,Deployment architecture supports intermittent connectivity environments common across secondary markets.,The business intends to establish brand recognition following product launch activities.,Annual platform subscriptions; implementation services; support retainers,Tiered annual contracts priced according to active accounts and processing volume.,Pilot deployments with anchor customers; sector trade events; executive referrals,13835,97977281,647904,7 months,rejected
BluePilot,BluePilot is preparing a commercial platform connected to claims intake within the agritech sector and is seeking funding to complete product development and marketing activities.,agritech,idea,4663540,EUR,"The current environment around claims intake appears difficult for some operators, though quantitative benchmarks are limited.",insurance brokers,The company references a large international customer base without quantified segmentation,BluePilot plans to introduce a platform related to claims intake with a combination of automation features and reporting tools for commercial users.,The platform incorporates sector-specific compliance workflows rarely supported by horizontal software vendors.,The business intends to establish brand recognition following product launch activities.,Transaction commissions; enterprise licensing; compliance reporting services,Enterprise licensing agreements negotiated on multi-year procurement cycles.,Pilot deployments with anchor customers; sector trade events; executive referrals,8294,27082316,863902,3 months,rejected
PeakBridge,PeakBridge develops operational software for solar installers managing maintenance dispatch. The company is raising capital to expand enterprise integrations and scale regional sales operations.,proptech,idea,6160745,USD,"Companies handling maintenance dispatch lack integrated visibility across suppliers, regulators, and internal systems, creating avoidable operational costs.",solar installers,$60.5B estimated annual addressable spend across 4 national markets,"PeakBridge provides a cloud platform that centralizes maintenance dispatch, connects external data feeds, and automates exception handling through configurable workflows.",Deployment architecture supports intermittent connectivity environments common across secondary markets.,The founding team previously managed operational infrastructure within the target industry and secured early reference accounts.,Transaction commissions; enterprise licensing; compliance reporting services,Enterprise licensing agreements negotiated on multi-year procurement cycles.,Direct procurement outreach; channel reseller agreements; referral incentives,1246878,6234390,125354,16 months,approved
VectorTransit,VectorTransit is preparing a commercial platform connected to cross-border payment reconciliation within the agritech sector and is seeking funding to complete product development and marketing activities.,agritech,pre-seed,4534530,GBP,"The current environment around cross-border payment reconciliation appears difficult for some operators, though quantitative benchmarks are limited.",regional freight operators,Management estimates the market opportunity to be substantial across multiple regions,VectorTransit plans to introduce a platform related to cross-border payment reconciliation with a combination of automation features and reporting tools for commercial users.,The platform incorporates sector-specific compliance workflows rarely supported by horizontal software vendors.,The company expects product flexibility to support future differentiation as the market evolves.,Usage-based billing; premium analytics modules; integration retainers,Usage-based pricing indexed to transaction activity and storage requirements.,Direct procurement outreach; channel reseller agreements; referral incentives,12163,112452787,476129,6 months,rejected
PeakLogic,PeakLogic is preparing a commercial platform connected to credential verification within the legaltech sector and is seeking funding to complete product development and marketing activities.,legaltech,series-a,885469,AED,Businesses involved in credential verification often mention administrative inefficiencies but purchasing priorities remain inconsistent.,vocational training providers,The company references a large international customer base without quantified segmentation,PeakLogic plans to introduce a platform related to credential verification with a combination of automation features and reporting tools for commercial users.,Historical benchmarking data collected from pilot customers enables risk scoring unavailable through standard ERP systems.,Management believes the market remains open to new entrants without significant barriers.,Annual platform subscriptions; implementation services; support retainers,Tiered annual contracts priced according to active accounts and processing volume.,Pilot deployments with anchor customers; sector trade events; executive referrals,3679,91918750,485900,5 months,rejected
HarborBase,HarborBase develops operational software for retail distributors managing inventory forecasting. The company is raising capital to expand enterprise integrations and scale regional sales operations.,ecommerce,series-a,739185,GBP,"Companies handling inventory forecasting lack integrated visibility across suppliers, regulators, and internal systems, creating avoidable operational costs.",retail distributors,$2.3B estimated annual addressable spend across 18 national markets,"HarborBase provides a cloud platform that centralizes inventory forecasting, connects external data feeds, and automates exception handling through configurable workflows.",Deployment architecture supports intermittent connectivity environments common across secondary markets.,Exclusive access to proprietary operational datasets improves forecasting accuracy during onboarding.,Transaction commissions; enterprise licensing; compliance reporting services,Usage-based pricing indexed to transaction activity and storage requirements.,Targeted account-based marketing; implementation partners; compliance webinars,2289200,13735200,134363,29 months,approved
HarborLedger,HarborLedger develops operational software for mid-sized law firms managing contract review. The company is raising capital to expand enterprise integrations and scale regional sales operations.,legaltech,idea,5331359,EUR,"mid-sized law firms continue to manage contract review through spreadsheets and email coordination, increasing operating losses and compliance exposure.",mid-sized law firms,$86.5B estimated annual addressable spend across 14 national markets,"HarborLedger provides a cloud platform that centralizes contract review, connects external data feeds, and automates exception handling through configurable workflows.",Historical benchmarking data collected from pilot customers enables risk scoring unavailable through standard ERP systems.,Existing distribution agreements with sector operators provide direct access to procurement teams across three countries.,Usage-based billing; premium analytics modules; integration retainers,Enterprise licensing agreements negotiated on multi-year procurement cycles.,Pilot deployments with anchor customers; sector trade events; executive referrals,908435,5450610,176208,27 months,approved
LatticeMetrics,LatticeMetrics develops operational software for regional freight operators managing cross-border payment reconciliation. The company is raising capital to expand enterprise integrations and scale regional sales operations.,logistics,series-a,518305,EUR,"Independent regional freight operators rely on fragmented cross-border payment reconciliation workflows, resulting in delayed reporting cycles and unresolved transaction discrepancies.",regional freight operators,$33.3B estimated annual addressable spend across 6 national markets,"LatticeMetrics provides a cloud platform that centralizes cross-border payment reconciliation, connects external data feeds, and automates exception handling through configurable workflows.",The platform incorporates sector-specific compliance workflows rarely supported by horizontal software vendors.,The founding team previously managed operational infrastructure within the target industry and secured early reference accounts.,Subscription contracts; onboarding fees; API access charges,Enterprise licensing agreements negotiated on multi-year procurement cycles.,Pilot deployments with anchor customers; sector trade events; executive referrals,1272671,7636026,248013,14 months,approved
VectorHealth,VectorHealth develops operational software for regional freight operators managing cross-border payment reconciliation. The company is raising capital to expand enterprise integrations and scale regional sales operations.,saas,series-a,554792,GBP,"Independent regional freight operators rely on fragmented cross-border payment reconciliation workflows, resulting in delayed reporting cycles and unresolved transaction discrepancies.",regional freight operators,$2.3B estimated annual addressable spend across 20 national markets,"VectorHealth provides a cloud platform that centralizes cross-border payment reconciliation, connects external data feeds, and automates exception handling through configurable workflows.",Native integrations with regional financial and regulatory systems reduce migration friction for enterprise clients.,The founding team previously managed operational infrastructure within the target industry and secured early reference accounts.,Usage-based billing; premium analytics modules; integration retainers,Usage-based pricing indexed to transaction activity and storage requirements.,Industry association partnerships; outbound enterprise sales; regional conferences,1741730,13933840,182094,12 months,approved
PeakChain,PeakChain is preparing a commercial platform connected to tenant documentation within the healthtech sector and is seeking funding to complete product development and marketing activities.,healthtech,pre-seed,4785867,GBP,"property managers face ongoing coordination challenges related to tenant documentation, although the scale of the issue varies across regions.",property managers,Management estimates the market opportunity to be substantial across multiple regions,PeakChain plans to introduce a platform related to tenant documentation with a combination of automation features and reporting tools for commercial users.,The platform incorporates sector-specific compliance workflows rarely supported by horizontal software vendors.,Management believes the market remains open to new entrants without significant barriers.,Subscription contracts; onboarding fees; API access charges,Enterprise licensing agreements negotiated on multi-year procurement cycles.,Industry association partnerships; outbound enterprise sales; regional conferences,14841,52695276,150247,4 months,rejected
IronMetrics,IronMetrics is preparing a commercial platform connected to tenant documentation within the edtech sector and is seeking funding to complete product development and marketing activities.,edtech,pre-seed,6220146,GBP,Businesses involved in tenant documentation often mention administrative inefficiencies but purchasing priorities remain inconsistent.,property managers,Leadership expects long-term expansion as adoption of software tools increases,IronMetrics plans to introduce a platform related to tenant documentation with a combination of automation features and reporting tools for commercial users.,Historical benchmarking data collected from pilot customers enables risk scoring unavailable through standard ERP systems.,The business intends to establish brand recognition following product launch activities.,Transaction commissions; enterprise licensing; compliance reporting services,Monthly subscription structure combined with one-time deployment charges.,Direct procurement outreach; channel reseller agreements; referral incentives,0,49348419,750389,8 months,rejected
CinderGrid,CinderGrid develops operational software for solar installers managing maintenance dispatch. The company is raising capital to expand enterprise integrations and scale regional sales operations.,healthtech,pre-seed,5942730,AED,"solar installers continue to manage maintenance dispatch through spreadsheets and email coordination, increasing operating losses and compliance exposure.",solar installers,$57.9B estimated annual addressable spend across 15 national markets,"CinderGrid provides a cloud platform that centralizes maintenance dispatch, connects external data feeds, and automates exception handling through configurable workflows.",Historical benchmarking data collected from pilot customers enables risk scoring unavailable through standard ERP systems.,Multi-year integration relationships with incumbent vendors create switching barriers for competing entrants.,Transaction commissions; enterprise licensing; compliance reporting services,Tiered annual contracts priced according to active accounts and processing volume.,Targeted account-based marketing; implementation partners; compliance webinars,1069954,4279816,299069,23 months,approved
PeakChain,PeakChain develops operational software for vocational training providers managing credential verification. The company is raising capital to expand enterprise integrations and scale regional sales operations.,agritech,pre-seed,1913358,GBP,"Independent vocational training providers rely on fragmented credential verification workflows, resulting in delayed reporting cycles and unresolved transaction discrepancies.",vocational training providers,$88.1B estimated annual addressable spend across 17 national markets,"PeakChain provides a cloud platform that centralizes credential verification, connects external data feeds, and automates exception handling through configurable workflows.",Historical benchmarking data collected from pilot customers enables risk scoring unavailable through standard ERP systems.,Multi-year integration relationships with incumbent vendors create switching barriers for competing entrants.,Usage-based billing; premium analytics modules; integration retainers,Enterprise licensing agreements negotiated on multi-year procurement cycles.,Targeted account-based marketing; implementation partners; compliance webinars,280022,1400110,339101,12 months,approved
OakGrid,OakGrid develops operational software for municipal clinics managing patient referral management. The company is raising capital to expand enterprise integrations and scale regional sales operations.,fintech,pre-seed,7697914,GBP,"Independent municipal clinics rely on fragmented patient referral management workflows, resulting in delayed reporting cycles and unresolved transaction discrepancies.",municipal clinics,$53.2B estimated annual addressable spend across 8 national markets,"OakGrid provides a cloud platform that centralizes patient referral management, connects external data feeds, and automates exception handling through configurable workflows.",Historical benchmarking data collected from pilot customers enables risk scoring unavailable through standard ERP systems.,The founding team previously managed operational infrastructure within the target industry and secured early reference accounts.,Annual platform subscriptions; implementation services; support retainers,Usage-based pricing indexed to transaction activity and storage requirements.,Pilot deployments with anchor customers; sector trade events; executive referrals,358667,1434668,272426,30 months,approved
IronCapital,IronCapital develops operational software for insurance brokers managing claims intake. The company is raising capital to expand enterprise integrations and scale regional sales operations.,logistics,seed,7726579,EUR,"Companies handling claims intake lack integrated visibility across suppliers, regulators, and internal systems, creating avoidable operational costs.",insurance brokers,$8.8B estimated annual addressable spend across 24 national markets,"IronCapital provides a cloud platform that centralizes claims intake, connects external data feeds, and automates exception handling through configurable workflows.",The platform incorporates sector-specific compliance workflows rarely supported by horizontal software vendors.,Exclusive access to proprietary operational datasets improves forecasting accuracy during onboarding.,Annual platform subscriptions; implementation services; support retainers,Tiered annual contracts priced according to active accounts and processing volume.,Pilot deployments with anchor customers; sector trade events; executive referrals,2399894,11999470,123711,21 months,approved
RedwoodCapital,RedwoodCapital is preparing a commercial platform connected to patient referral management within the agritech sector and is seeking funding to complete product development and marketing activities.,agritech,seed,6235716,AED,Businesses involved in patient referral management often mention administrative inefficiencies but purchasing priorities remain inconsistent.,municipal clinics,The company references a large international customer base without quantified segmentation,RedwoodCapital plans to introduce a platform related to patient referral management with a combination of automation features and reporting tools for commercial users.,Historical benchmarking data collected from pilot customers enables risk scoring unavailable through standard ERP systems.,"Several competitors operate in adjacent categories, though management expects demand to expand over time.",Transaction commissions; enterprise licensing; compliance reporting services,Enterprise licensing agreements negotiated on multi-year procurement cycles.,Direct procurement outreach; channel reseller agreements; referral incentives,14792,74972958,696752,7 months,rejected
CinderLabs,CinderLabs is preparing a commercial platform connected to crop procurement tracking within the edtech sector and is seeking funding to complete product development and marketing activities.,edtech,pre-seed,4380933,GBP,"grain cooperatives face ongoing coordination challenges related to crop procurement tracking, although the scale of the issue varies across regions.",grain cooperatives,The company references a large international customer base without quantified segmentation,CinderLabs plans to introduce a platform related to crop procurement tracking with a combination of automation features and reporting tools for commercial users.,Deployment architecture supports intermittent connectivity environments common across secondary markets.,Management believes the market remains open to new entrants without significant barriers.,Annual platform subscriptions; implementation services; support retainers,Enterprise licensing agreements negotiated on multi-year procurement cycles.,Industry association partnerships; outbound enterprise sales; regional conferences,1908,37553699,760576,2 months,rejected
PioneerSystems,PioneerSystems is preparing a commercial platform connected to cross-border payment reconciliation within the edtech sector and is seeking funding to complete product development and marketing activities.,edtech,series-a,2651857,USD,"regional freight operators face ongoing coordination challenges related to cross-border payment reconciliation, although the scale of the issue varies across regions.",regional freight operators,Management estimates the market opportunity to be substantial across multiple regions,PioneerSystems plans to introduce a platform related to cross-border payment reconciliation with a combination of automation features and reporting tools for commercial users.,Historical benchmarking data collected from pilot customers enables risk scoring unavailable through standard ERP systems.,The business intends to establish brand recognition following product launch activities.,Usage-based billing; premium analytics modules; integration retainers,Enterprise licensing agreements negotiated on multi-year procurement cycles.,Direct procurement outreach; channel reseller agreements; referral incentives,8283,106873380,334770,8 months,rejected
LatticeTransit,LatticeTransit develops operational software for grain cooperatives managing crop procurement tracking. The company is raising capital to expand enterprise integrations and scale regional sales operations.,legaltech,idea,742640,AED,"Companies handling crop procurement tracking lack integrated visibility across suppliers, regulators, and internal systems, creating avoidable operational costs.",grain cooperatives,$38.5B estimated annual addressable spend across 7 national markets,"LatticeTransit provides a cloud platform that centralizes crop procurement tracking, connects external data feeds, and automates exception handling through configurable workflows.",Native integrations with regional financial and regulatory systems reduce migration friction for enterprise clients.,Multi-year integration relationships with incumbent vendors create switching barriers for competing entrants.,Annual platform subscriptions; implementation services; support retainers,Enterprise licensing agreements negotiated on multi-year procurement cycles.,Industry association partnerships; outbound enterprise sales; regional conferences,1526097,10682679,209600,17 months,approved
PioneerSystems,PioneerSystems develops operational software for regional freight operators managing cross-border payment reconciliation. The company is raising capital to expand enterprise integrations and scale regional sales operations.,cleantech,seed,7172245,GBP,"Independent regional freight operators rely on fragmented cross-border payment reconciliation workflows, resulting in delayed reporting cycles and unresolved transaction discrepancies.",regional freight operators,$45.8B estimated annual addressable spend across 20 national markets,"PioneerSystems provides a cloud platform that centralizes cross-border payment reconciliation, connects external data feeds, and automates exception handling through configurable workflows.",The platform incorporates sector-specific compliance workflows rarely supported by horizontal software vendors.,Multi-year integration relationships with incumbent vendors create switching barriers for competing entrants.,Usage-based billing; premium analytics modules; integration retainers,Tiered annual contracts priced according to active accounts and processing volume.,Industry association partnerships; outbound enterprise sales; regional conferences,154993,464979,198630,14 months,approved
PeakBridge,PeakBridge develops operational software for retail distributors managing inventory forecasting. The company is raising capital to expand enterprise integrations and scale regional sales operations.,proptech,pre-seed,626222,GBP,"Independent retail distributors rely on fragmented inventory forecasting workflows, resulting in delayed reporting cycles and unresolved transaction discrepancies.",retail distributors,$50.3B estimated annual addressable spend across 23 national markets,"PeakBridge provides a cloud platform that centralizes inventory forecasting, connects external data feeds, and automates exception handling through configurable workflows.",The platform incorporates sector-specific compliance workflows rarely supported by horizontal software vendors.,Existing distribution agreements with sector operators provide direct access to procurement teams across three countries.,Usage-based billing; premium analytics modules; integration retainers,Monthly subscription structure combined with one-time deployment charges.,Targeted account-based marketing; implementation partners; compliance webinars,2220989,15546923,102629,13 months,approved
IronLabs,IronLabs develops operational software for mid-sized law firms managing contract review. The company is raising capital to expand enterprise integrations and scale regional sales operations.,logistics,series-a,3178510,AED,"Companies handling contract review lack integrated visibility across suppliers, regulators, and internal systems, creating avoidable operational costs.",mid-sized law firms,$6.9B estimated annual addressable spend across 22 national markets,"IronLabs provides a cloud platform that centralizes contract review, connects external data feeds, and automates exception handling through configurable workflows.",Native integrations with regional financial and regulatory systems reduce migration friction for enterprise clients.,Exclusive access to proprietary operational datasets improves forecasting accuracy during onboarding.,Transaction commissions; enterprise licensing; compliance reporting services,Tiered annual contracts priced according to active accounts and processing volume.,Industry association partnerships; outbound enterprise sales; regional conferences,1891404,13239828,309848,19 months,approved
DeltaLabs,DeltaLabs is preparing a commercial platform connected to claims intake within the saas sector and is seeking funding to complete product development and marketing activities.,saas,idea,6207580,AED,"insurance brokers face ongoing coordination challenges related to claims intake, although the scale of the issue varies across regions.",insurance brokers,Management estimates the market opportunity to be substantial across multiple regions,DeltaLabs plans to introduce a platform related to claims intake with a combination of automation features and reporting tools for commercial users.,Native integrations with regional financial and regulatory systems reduce migration friction for enterprise clients.,Management believes the market remains open to new entrants without significant barriers.,Transaction commissions; enterprise licensing; compliance reporting services,Tiered annual contracts priced according to active accounts and processing volume.,Direct procurement outreach; channel reseller agreements; referral incentives,7059,103218013,697248,4 months,rejected
CinderLogic,CinderLogic develops operational software for warehouse operators managing fleet scheduling. The company is raising capital to expand enterprise integrations and scale regional sales operations.,saas,pre-seed,3240711,SGD,"Independent warehouse operators rely on fragmented fleet scheduling workflows, resulting in delayed reporting cycles and unresolved transaction discrepancies.",warehouse operators,$22.7B estimated annual addressable spend across 7 national markets,"CinderLogic provides a cloud platform that centralizes fleet scheduling, connects external data feeds, and automates exception handling through configurable workflows.",Historical benchmarking data collected from pilot customers enables risk scoring unavailable through standard ERP systems.,The founding team previously managed operational infrastructure within the target industry and secured early reference accounts.,Annual platform subscriptions; implementation services; support retainers,Tiered annual contracts priced according to active accounts and processing volume.,Direct procurement outreach; channel reseller agreements; referral incentives,630217,3151085,38510,13 months,approved
PeakAnalytics,PeakAnalytics develops operational software for vocational training providers managing credential verification. The company is raising capital to expand enterprise integrations and scale regional sales operations.,edtech,series-a,7885169,USD,"Companies handling credential verification lack integrated visibility across suppliers, regulators, and internal systems, creating avoidable operational costs.",vocational training providers,$79.9B estimated annual addressable spend across 12 national markets,"PeakAnalytics provides a cloud platform that centralizes credential verification, connects external data feeds, and automates exception handling through configurable workflows.",Deployment architecture supports intermittent connectivity environments common across secondary markets.,Existing distribution agreements with sector operators provide direct access to procurement teams across three countries.,Subscription contracts; onboarding fees; API access charges,Enterprise licensing agreements negotiated on multi-year procurement cycles.,Industry association partnerships; outbound enterprise sales; regional conferences,1174241,5871205,270204,15 months,approved
LatticeTransit,LatticeTransit is preparing a commercial platform connected to fleet scheduling within the ecommerce sector and is seeking funding to complete product development and marketing activities.,ecommerce,seed,5342829,SGD,Businesses involved in fleet scheduling often mention administrative inefficiencies but purchasing priorities remain inconsistent.,warehouse operators,The company references a large international customer base without quantified segmentation,LatticeTransit plans to introduce a platform related to fleet scheduling with a combination of automation features and reporting tools for commercial users.,Native integrations with regional financial and regulatory systems reduce migration friction for enterprise clients.,The business intends to establish brand recognition following product launch activities.,Subscription contracts; onboarding fees; API access charges,Enterprise licensing agreements negotiated on multi-year procurement cycles.,Direct procurement outreach; channel reseller agreements; referral incentives,12017,38530680,303952,2 months,rejected
BlueMetrics,BlueMetrics is preparing a commercial platform connected to patient referral management within the agritech sector and is seeking funding to complete product development and marketing activities.,agritech,idea,4862199,EUR,"municipal clinics face ongoing coordination challenges related to patient referral management, although the scale of the issue varies across regions.",municipal clinics,Management estimates the market opportunity to be substantial across multiple regions,BlueMetrics plans to introduce a platform related to patient referral management with a combination of automation features and reporting tools for commercial users.,Deployment architecture supports intermittent connectivity environments common across secondary markets.,Management believes the market remains open to new entrants without significant barriers.,Transaction commissions; enterprise licensing; compliance reporting services,Monthly subscription structure combined with one-time deployment charges.,Targeted account-based marketing; implementation partners; compliance webinars,0,72197289,593100,7 months,rejected
ApexCapital,ApexCapital develops operational software for property managers managing tenant documentation. The company is raising capital to expand enterprise integrations and scale regional sales operations.,cleantech,pre-seed,5777447,GBP,"Independent property managers rely on fragmented tenant documentation workflows, resulting in delayed reporting cycles and unresolved transaction discrepancies.",property managers,$84.1B estimated annual addressable spend across 13 national markets,"ApexCapital provides a cloud platform that centralizes tenant documentation, connects external data feeds, and automates exception handling through configurable workflows.",Historical benchmarking data collected from pilot customers enables risk scoring unavailable through standard ERP systems.,The founding team previously managed operational infrastructure within the target industry and secured early reference accounts.,Usage-based billing; premium analytics modules; integration retainers,Enterprise licensing agreements negotiated on multi-year procurement cycles.,Direct procurement outreach; channel reseller agreements; referral incentives,555184,3886288,180537,18 months,approved
PeakDynamics,PeakDynamics is preparing a commercial platform connected to contract review within the saas sector and is seeking funding to complete product development and marketing activities.,saas,series-a,2712599,EUR,Businesses involved in contract review often mention administrative inefficiencies but purchasing priorities remain inconsistent.,mid-sized law firms,The company references a large international customer base without quantified segmentation,PeakDynamics plans to introduce a platform related to contract review with a combination of automation features and reporting tools for commercial users.,Deployment architecture supports intermittent connectivity environments common across secondary markets.,"Several competitors operate in adjacent categories, though management expects demand to expand over time.",Transaction commissions; enterprise licensing; compliance reporting services,Usage-based pricing indexed to transaction activity and storage requirements.,Targeted account-based marketing; implementation partners; compliance webinars,0,44147776,612007,2 months,rejected
HarborMarkets,HarborMarkets develops operational software for vocational training providers managing credential verification. The company is raising capital to expand enterprise integrations and scale regional sales operations.,agritech,series-a,6563156,EUR,"Independent vocational training providers rely on fragmented credential verification workflows, resulting in delayed reporting cycles and unresolved transaction discrepancies.",vocational training providers,$51.2B estimated annual addressable spend across 8 national markets,"HarborMarkets provides a cloud platform that centralizes credential verification, connects external data feeds, and automates exception handling through configurable workflows.",Historical benchmarking data collected from pilot customers enables risk scoring unavailable through standard ERP systems.,The founding team previously managed operational infrastructure within the target industry and secured early reference accounts.,Subscription contracts; onboarding fees; API access charges,Enterprise licensing agreements negotiated on multi-year procurement cycles.,Direct procurement outreach; channel reseller agreements; referral incentives,913764,3655056,260813,30 months,approved
IronCloud,IronCloud is preparing a commercial platform connected to cross-border payment reconciliation within the ecommerce sector and is seeking funding to complete product development and marketing activities.,ecommerce,series-a,1302231,SGD,"regional freight operators face ongoing coordination challenges related to cross-border payment reconciliation, although the scale of the issue varies across regions.",regional freight operators,Internal assumptions suggest broad demand among digital businesses,IronCloud plans to introduce a platform related to cross-border payment reconciliation with a combination of automation features and reporting tools for commercial users.,The platform incorporates sector-specific compliance workflows rarely supported by horizontal software vendors.,Management believes the market remains open to new entrants without significant barriers.,Transaction commissions; enterprise licensing; compliance reporting services,Enterprise licensing agreements negotiated on multi-year procurement cycles.,Pilot deployments with anchor customers; sector trade events; executive referrals,11852,104824754,353335,3 months,rejected
RedwoodBase,RedwoodBase develops operational software for solar installers managing maintenance dispatch. The company is raising capital to expand enterprise integrations and scale regional sales operations.,logistics,idea,5285595,USD,"Companies handling maintenance dispatch lack integrated visibility across suppliers, regulators, and internal systems, creating avoidable operational costs.",solar installers,$69.3B estimated annual addressable spend across 15 national markets,"RedwoodBase provides a cloud platform that centralizes maintenance dispatch, connects external data feeds, and automates exception handling through configurable workflows.",The platform incorporates sector-specific compliance workflows rarely supported by horizontal software vendors.,Existing distribution agreements with sector operators provide direct access to procurement teams across three countries.,Annual platform subscriptions; implementation services; support retainers,Usage-based pricing indexed to transaction activity and storage requirements.,Pilot deployments with anchor customers; sector trade events; executive referrals,1487641,10413487,179096,15 months,approved
SummitCloud,SummitCloud is preparing a commercial platform connected to claims intake within the agritech sector and is seeking funding to complete product development and marketing activities.,agritech,series-a,4342236,USD,"insurance brokers face ongoing coordination challenges related to claims intake, although the scale of the issue varies across regions.",insurance brokers,Internal assumptions suggest broad demand among digital businesses,SummitCloud plans to introduce a platform related to claims intake with a combination of automation features and reporting tools for commercial users.,The platform incorporates sector-specific compliance workflows rarely supported by horizontal software vendors.,The company expects product flexibility to support future differentiation as the market evolves.,Usage-based billing; premium analytics modules; integration retainers,Tiered annual contracts priced according to active accounts and processing volume.,Industry association partnerships; outbound enterprise sales; regional conferences,0,95959401,813062,2 months,rejected
CobaltBase,CobaltBase develops operational software for municipal clinics managing patient referral management. The company is raising capital to expand enterprise integrations and scale regional sales operations.,logistics,seed,1031556,SGD,"municipal clinics continue to manage patient referral management through spreadsheets and email coordination, increasing operating losses and compliance exposure.",municipal clinics,$85.9B estimated annual addressable spend across 11 national markets,"CobaltBase provides a cloud platform that centralizes patient referral management, connects external data feeds, and automates exception handling through configurable workflows.",Deployment architecture supports intermittent connectivity environments common across secondary markets.,Multi-year integration relationships with incumbent vendors create switching barriers for competing entrants.,Subscription contracts; onboarding fees; API access charges,Enterprise licensing agreements negotiated on multi-year procurement cycles.,Industry association partnerships; outbound enterprise sales; regional conferences,239573,718719,324138,18 months,approved
LatticeHealth,LatticeHealth is preparing a commercial platform connected to credential verification within the healthtech sector and is seeking funding to complete product development and marketing activities.,healthtech,pre-seed,4500635,GBP,"vocational training providers face ongoing coordination challenges related to credential verification, although the scale of the issue varies across regions.",vocational training providers,Internal assumptions suggest broad demand among digital businesses,LatticeHealth plans to introduce a platform related to credential verification with a combination of automation features and reporting tools for commercial users.,The platform incorporates sector-specific compliance workflows rarely supported by horizontal software vendors.,The company expects product flexibility to support future differentiation as the market evolves.,Annual platform subscriptions; implementation services; support retainers,Usage-based pricing indexed to transaction activity and storage requirements.,Direct procurement outreach; channel reseller agreements; referral incentives,0,69682072,749926,5 months,rejected
StonePilot,StonePilot is preparing a commercial platform connected to inventory forecasting within the healthtech sector and is seeking funding to complete product development and marketing activities.,healthtech,pre-seed,4597955,GBP,Businesses involved in inventory forecasting often mention administrative inefficiencies but purchasing priorities remain inconsistent.,retail distributors,Leadership expects long-term expansion as adoption of software tools increases,StonePilot plans to introduce a platform related to inventory forecasting with a combination of automation features and reporting tools for commercial users.,The platform incorporates sector-specific compliance workflows rarely supported by horizontal software vendors.,The company expects product flexibility to support future differentiation as the market evolves.,Subscription contracts; onboarding fees; API access charges,Usage-based pricing indexed to transaction activity and storage requirements.,Targeted account-based marketing; implementation partners; compliance webinars,0,58313170,680856,7 months,rejected
ApexMetrics,ApexMetrics is preparing a commercial platform connected to cross-border payment reconciliation within the legaltech sector and is seeking funding to complete product development and marketing activities.,legaltech,idea,1605990,USD,Businesses involved in cross-border payment reconciliation often mention administrative inefficiencies but purchasing priorities remain inconsistent.,regional freight operators,Management estimates the market opportunity to be substantial across multiple regions,ApexMetrics plans to introduce a platform related to cross-border payment reconciliation with a combination of automation features and reporting tools for commercial users.,Deployment architecture supports intermittent connectivity environments common across secondary markets.,Management believes the market remains open to new entrants without significant barriers.,Transaction commissions; enterprise licensing; compliance reporting services,Enterprise licensing agreements negotiated on multi-year procurement cycles.,Pilot deployments with anchor customers; sector trade events; executive referrals,4629,118435062,734450,2 months,rejected
DeltaHealth,DeltaHealth develops operational software for municipal clinics managing patient referral management. The company is raising capital to expand enterprise integrations and scale regional sales operations.,healthtech,series-a,1236898,EUR,"municipal clinics continue to manage patient referral management through spreadsheets and email coordination, increasing operating losses and compliance exposure.",municipal clinics,$87.6B estimated annual addressable spend across 19 national markets,"DeltaHealth provides a cloud platform that centralizes patient referral management, connects external data feeds, and automates exception handling through configurable workflows.",Native integrations with regional financial and regulatory systems reduce migration friction for enterprise clients.,Exclusive access to proprietary operational datasets improves forecasting accuracy during onboarding.,Subscription contracts; onboarding fees; API access charges,Monthly subscription structure combined with one-time deployment charges.,Targeted account-based marketing; implementation partners; compliance webinars,703468,2813872,245976,24 months,approved
VectorAnalytics,VectorAnalytics is preparing a commercial platform connected to crop procurement tracking within the healthtech sector and is seeking funding to complete product development and marketing activities.,healthtech,seed,2920369,USD,"The current environment around crop procurement tracking appears difficult for some operators, though quantitative benchmarks are limited.",grain cooperatives,Leadership expects long-term expansion as adoption of software tools increases,VectorAnalytics plans to introduce a platform related to crop procurement tracking with a combination of automation features and reporting tools for commercial users.,Historical benchmarking data collected from pilot customers enables risk scoring unavailable through standard ERP systems.,The business intends to establish brand recognition following product launch activities.,Annual platform subscriptions; implementation services; support retainers,Enterprise licensing agreements negotiated on multi-year procurement cycles.,Direct procurement outreach; channel reseller agreements; referral incentives,646,65997277,448822,8 months,rejected
BlueSync,BlueSync develops operational software for grain cooperatives managing crop procurement tracking. The company is raising capital to expand enterprise integrations and scale regional sales operations.,legaltech,seed,5979283,SGD,"grain cooperatives continue to manage crop procurement tracking through spreadsheets and email coordination, increasing operating losses and compliance exposure.",grain cooperatives,$62.8B estimated annual addressable spend across 12 national markets,"BlueSync provides a cloud platform that centralizes crop procurement tracking, connects external data feeds, and automates exception handling through configurable workflows.",Deployment architecture supports intermittent connectivity environments common across secondary markets.,Multi-year integration relationships with incumbent vendors create switching barriers for competing entrants.,Subscription contracts; onboarding fees; API access charges,Monthly subscription structure combined with one-time deployment charges.,Direct procurement outreach; channel reseller agreements; referral incentives,1504687,7523435,224719,24 months,approved
SummitMetrics,SummitMetrics is preparing a commercial platform connected to maintenance dispatch within the saas sector and is seeking funding to complete product development and marketing activities.,saas,series-a,3224122,GBP,"The current environment around maintenance dispatch appears difficult for some operators, though quantitative benchmarks are limited.",solar installers,Management estimates the market opportunity to be substantial across multiple regions,SummitMetrics plans to introduce a platform related to maintenance dispatch with a combination of automation features and reporting tools for commercial users.,Historical benchmarking data collected from pilot customers enables risk scoring unavailable through standard ERP systems.,Management believes the market remains open to new entrants without significant barriers.,Usage-based billing; premium analytics modules; integration retainers,Monthly subscription structure combined with one-time deployment charges.,Pilot deployments with anchor customers; sector trade events; executive referrals,824,37541490,298829,7 months,rejected
NorthSync,NorthSync develops operational software for warehouse operators managing fleet scheduling. The company is raising capital to expand enterprise integrations and scale regional sales operations.,ecommerce,pre-seed,3492717,SGD,"warehouse operators continue to manage fleet scheduling through spreadsheets and email coordination, increasing operating losses and compliance exposure.",warehouse operators,$76.9B estimated annual addressable spend across 9 national markets,"NorthSync provides a cloud platform that centralizes fleet scheduling, connects external data feeds, and automates exception handling through configurable workflows.",Deployment architecture supports intermittent connectivity environments common across secondary markets.,Exclusive access to proprietary operational datasets improves forecasting accuracy during onboarding.,Usage-based billing; premium analytics modules; integration retainers,Enterprise licensing agreements negotiated on multi-year procurement cycles.,Targeted account-based marketing; implementation partners; compliance webinars,1083996,3251988,210819,30 months,approved
StoneCapital,StoneCapital is preparing a commercial platform connected to crop procurement tracking within the agritech sector and is seeking funding to complete product development and marketing activities.,agritech,seed,6527322,USD,"grain cooperatives face ongoing coordination challenges related to crop procurement tracking, although the scale of the issue varies across regions.",grain cooperatives,Leadership expects long-term expansion as adoption of software tools increases,StoneCapital plans to introduce a platform related to crop procurement tracking with a combination of automation features and reporting tools for commercial users.,Native integrations with regional financial and regulatory systems reduce migration friction for enterprise clients.,"Several competitors operate in adjacent categories, though management expects demand to expand over time.",Subscription contracts; onboarding fees; API access charges,Monthly subscription structure combined with one-time deployment charges.,Industry association partnerships; outbound enterprise sales; regional conferences,10056,47484131,894650,5 months,rejected
RedwoodSync,RedwoodSync develops operational software for municipal clinics managing patient referral management. The company is raising capital to expand enterprise integrations and scale regional sales operations.,fintech,series-a,2394019,EUR,"Independent municipal clinics rely on fragmented patient referral management workflows, resulting in delayed reporting cycles and unresolved transaction discrepancies.",municipal clinics,$79.4B estimated annual addressable spend across 14 national markets,"RedwoodSync provides a cloud platform that centralizes patient referral management, connects external data feeds, and automates exception handling through configurable workflows.",Native integrations with regional financial and regulatory systems reduce migration friction for enterprise clients.,Existing distribution agreements with sector operators provide direct access to procurement teams across three countries.,Annual platform subscriptions; implementation services; support retainers,Usage-based pricing indexed to transaction activity and storage requirements.,Pilot deployments with anchor customers; sector trade events; executive referrals,426321,1278963,174514,27 months,approved
SignalPilot,SignalPilot is preparing a commercial platform connected to credential verification within the ecommerce sector and is seeking funding to complete product development and marketing activities.,ecommerce,pre-seed,5406088,USD,Businesses involved in credential verification often mention administrative inefficiencies but purchasing priorities remain inconsistent.,vocational training providers,Management estimates the market opportunity to be substantial across multiple regions,SignalPilot plans to introduce a platform related to credential verification with a combination of automation features and reporting tools for commercial users.,Historical benchmarking data collected from pilot customers enables risk scoring unavailable through standard ERP systems.,The business intends to establish brand recognition following product launch activities.,Annual platform subscriptions; implementation services; support retainers,Tiered annual contracts priced according to active accounts and processing volume.,Direct procurement outreach; channel reseller agreements; referral incentives,5426,54002109,374302,4 months,rejected
RedwoodAnalytics,RedwoodAnalytics is preparing a commercial platform connected to maintenance dispatch within the edtech sector and is seeking funding to complete product development and marketing activities.,edtech,idea,5298849,SGD,"The current environment around maintenance dispatch appears difficult for some operators, though quantitative benchmarks are limited.",solar installers,Leadership expects long-term expansion as adoption of software tools increases,RedwoodAnalytics plans to introduce a platform related to maintenance dispatch with a combination of automation features and reporting tools for commercial users.,The platform incorporates sector-specific compliance workflows rarely supported by horizontal software vendors.,"Several competitors operate in adjacent categories, though management expects demand to expand over time.",Annual platform subscriptions; implementation services; support retainers,Tiered annual contracts priced according to active accounts and processing volume.,Direct procurement outreach; channel reseller agreements; referral incentives,14041,66185728,804164,5 months,rejected
NorthChain,NorthChain is preparing a commercial platform connected to contract review within the edtech sector and is seeking funding to complete product development and marketing activities.,edtech,idea,1176891,SGD,"The current environment around contract review appears difficult for some operators, though quantitative benchmarks are limited.",mid-sized law firms,The company references a large international customer base without quantified segmentation,NorthChain plans to introduce a platform related to contract review with a combination of automation features and reporting tools for commercial users.,The platform incorporates sector-specific compliance workflows rarely supported by horizontal software vendors.,"Several competitors operate in adjacent categories, though management expects demand to expand over time.",Annual platform subscriptions; implementation services; support retainers,Enterprise licensing agreements negotiated on multi-year procurement cycles.,Direct procurement outreach; channel reseller agreements; referral incentives,10798,51680170,582341,6 months,rejected
AtlasAnalytics,AtlasAnalytics develops operational software for municipal clinics managing patient referral management. The company is raising capital to expand enterprise integrations and scale regional sales operations.,proptech,series-a,226198,AED,"municipal clinics continue to manage patient referral management through spreadsheets and email coordination, increasing operating losses and compliance exposure.",municipal clinics,$36.6B estimated annual addressable spend across 11 national markets,"AtlasAnalytics provides a cloud platform that centralizes patient referral management, connects external data feeds, and automates exception handling through configurable workflows.",Historical benchmarking data collected from pilot customers enables risk scoring unavailable through standard ERP systems.,Multi-year integration relationships with incumbent vendors create switching barriers for competing entrants.,Annual platform subscriptions; implementation services; support retainers,Enterprise licensing agreements negotiated on multi-year procurement cycles.,Direct procurement outreach; channel reseller agreements; referral incentives,1480138,4440414,136226,19 months,approved
SummitLogic,SummitLogic is preparing a commercial platform connected to contract review within the ecommerce sector and is seeking funding to complete product development and marketing activities.,ecommerce,idea,6139861,SGD,Businesses involved in contract review often mention administrative inefficiencies but purchasing priorities remain inconsistent.,mid-sized law firms,Management estimates the market opportunity to be substantial across multiple regions,SummitLogic plans to introduce a platform related to contract review with a combination of automation features and reporting tools for commercial users.,Native integrations with regional financial and regulatory systems reduce migration friction for enterprise clients.,"Several competitors operate in adjacent categories, though management expects demand to expand over time.",Annual platform subscriptions; implementation services; support retainers,Enterprise licensing agreements negotiated on multi-year procurement cycles.,Pilot deployments with anchor customers; sector trade events; executive referrals,0,59831768,440270,6 months,rejected
GraniteAnalytics,GraniteAnalytics is preparing a commercial platform connected to patient referral management within the healthtech sector and is seeking funding to complete product development and marketing activities.,healthtech,seed,2533107,GBP,"municipal clinics face ongoing coordination challenges related to patient referral management, although the scale of the issue varies across regions.",municipal clinics,Internal assumptions suggest broad demand among digital businesses,GraniteAnalytics plans to introduce a platform related to patient referral management with a combination of automation features and reporting tools for commercial users.,Native integrations with regional financial and regulatory systems reduce migration friction for enterprise clients.,The business intends to establish brand recognition following product launch activities.,Annual platform subscriptions; implementation services; support retainers,Enterprise licensing agreements negotiated on multi-year procurement cycles.,Pilot deployments with anchor customers; sector trade events; executive referrals,0,36267822,394919,2 months,rejected
HarborFlow,HarborFlow is preparing a commercial platform connected to claims intake within the legaltech sector and is seeking funding to complete product development and marketing activities.,legaltech,series-a,1807647,AED,"The current environment around claims intake appears difficult for some operators, though quantitative benchmarks are limited.",insurance brokers,Internal assumptions suggest broad demand among digital businesses,HarborFlow plans to introduce a platform related to claims intake with a combination of automation features and reporting tools for commercial users.,Historical benchmarking data collected from pilot customers enables risk scoring unavailable through standard ERP systems.,The business intends to establish brand recognition following product launch activities.,Transaction commissions; enterprise licensing; compliance reporting services,Monthly subscription structure combined with one-time deployment charges.,Direct procurement outreach; channel reseller agreements; referral incentives,0,59554502,386648,6 months,rejected
RedwoodLogic,RedwoodLogic develops operational software for regional freight operators managing cross-border payment reconciliation. The company is raising capital to expand enterprise integrations and scale regional sales operations.,ecommerce,series-a,1153106,SGD,"regional freight operators continue to manage cross-border payment reconciliation through spreadsheets and email coordination, increasing operating losses and compliance exposure.",regional freight operators,$76.3B estimated annual addressable spend across 25 national markets,"RedwoodLogic provides a cloud platform that centralizes cross-border payment reconciliation, connects external data feeds, and automates exception handling through configurable workflows.",The platform incorporates sector-specific compliance workflows rarely supported by horizontal software vendors.,The founding team previously managed operational infrastructure within the target industry and secured early reference accounts.,Annual platform subscriptions; implementation services; support retainers,Monthly subscription structure combined with one-time deployment charges.,Direct procurement outreach; channel reseller agreements; referral incentives,1616654,12933232,266399,19 months,approved
PeakHealth,PeakHealth develops operational software for vocational training providers managing credential verification. The company is raising capital to expand enterprise integrations and scale regional sales operations.,cleantech,idea,556654,EUR,"Independent vocational training providers rely on fragmented credential verification workflows, resulting in delayed reporting cycles and unresolved transaction discrepancies.",vocational training providers,$9.0B estimated annual addressable spend across 10 national markets,"PeakHealth provides a cloud platform that centralizes credential verification, connects external data feeds, and automates exception handling through configurable workflows.",Native integrations with regional financial and regulatory systems reduce migration friction for enterprise clients.,Existing distribution agreements with sector operators provide direct access to procurement teams across three countries.,Annual platform subscriptions; implementation services; support retainers,Usage-based pricing indexed to transaction activity and storage requirements.,Targeted account-based marketing; implementation partners; compliance webinars,954224,3816896,279943,28 months,approved
NorthWorks,NorthWorks develops operational software for solar installers managing maintenance dispatch. The company is raising capital to expand enterprise integrations and scale regional sales operations.,saas,series-a,7981461,USD,"solar installers continue to manage maintenance dispatch through spreadsheets and email coordination, increasing operating losses and compliance exposure.",solar installers,$63.1B estimated annual addressable spend across 16 national markets,"NorthWorks provides a cloud platform that centralizes maintenance dispatch, connects external data feeds, and automates exception handling through configurable workflows.",Historical benchmarking data collected from pilot customers enables risk scoring unavailable through standard ERP systems.,Exclusive access to proprietary operational datasets improves forecasting accuracy during onboarding.,Annual platform subscriptions; implementation services; support retainers,Tiered annual contracts priced according to active accounts and processing volume.,Pilot deployments with anchor customers; sector trade events; executive referrals,1036769,6220614,289650,23 months,approved
StonePilot,StonePilot develops operational software for grain cooperatives managing crop procurement tracking. The company is raising capital to expand enterprise integrations and scale regional sales operations.,ecommerce,series-a,2648954,GBP,"grain cooperatives continue to manage crop procurement tracking through spreadsheets and email coordination, increasing operating losses and compliance exposure.",grain cooperatives,$32.0B estimated annual addressable spend across 13 national markets,"StonePilot provides a cloud platform that centralizes crop procurement tracking, connects external data feeds, and automates exception handling through configurable workflows.",The platform incorporates sector-specific compliance workflows rarely supported by horizontal software vendors.,The founding team previously managed operational infrastructure within the target industry and secured early reference accounts.,Subscription contracts; onboarding fees; API access charges,Monthly subscription structure combined with one-time deployment charges.,Targeted account-based marketing; implementation partners; compliance webinars,1547100,10829700,257951,19 months,approved
IronFlow,IronFlow develops operational software for regional freight operators managing cross-border payment reconciliation. The company is raising capital to expand enterprise integrations and scale regional sales operations.,cleantech,series-a,1322876,AED,"Independent regional freight operators rely on fragmented cross-border payment reconciliation workflows, resulting in delayed reporting cycles and unresolved transaction discrepancies.",regional freight operators,$38.4B estimated annual addressable spend across 21 national markets,"IronFlow provides a cloud platform that centralizes cross-border payment reconciliation, connects external data feeds, and automates exception handling through configurable workflows.",Deployment architecture supports intermittent connectivity environments common across secondary markets.,Existing distribution agreements with sector operators provide direct access to procurement teams across three countries.,Usage-based billing; premium analytics modules; integration retainers,Usage-based pricing indexed to transaction activity and storage requirements.,Industry association partnerships; outbound enterprise sales; regional conferences,1008627,7060389,171832,26 months,approved
RedwoodWorks,RedwoodWorks is preparing a commercial platform connected to inventory forecasting within the fintech sector and is seeking funding to complete product development and marketing activities.,fintech,idea,5759750,EUR,Businesses involved in inventory forecasting often mention administrative inefficiencies but purchasing priorities remain inconsistent.,retail distributors,Internal assumptions suggest broad demand among digital businesses,RedwoodWorks plans to introduce a platform related to inventory forecasting with a combination of automation features and reporting tools for commercial users.,Deployment architecture supports intermittent connectivity environments common across secondary markets.,"Several competitors operate in adjacent categories, though management expects demand to expand over time.",Subscription contracts; onboarding fees; API access charges,Enterprise licensing agreements negotiated on multi-year procurement cycles.,Direct procurement outreach; channel reseller agreements; referral incentives,0,45892140,444317,3 months,rejected
GraniteCapital,GraniteCapital develops operational software for retail distributors managing inventory forecasting. The company is raising capital to expand enterprise integrations and scale regional sales operations.,fintech,idea,6787668,GBP,"Companies handling inventory forecasting lack integrated visibility across suppliers, regulators, and internal systems, creating avoidable operational costs.",retail distributors,$13.0B estimated annual addressable spend across 15 national markets,"GraniteCapital provides a cloud platform that centralizes inventory forecasting, connects external data feeds, and automates exception handling through configurable workflows.",Native integrations with regional financial and regulatory systems reduce migration friction for enterprise clients.,Existing distribution agreements with sector operators provide direct access to procurement teams across three countries.,Usage-based billing; premium analytics modules; integration retainers,Enterprise licensing agreements negotiated on multi-year procurement cycles.,Pilot deployments with anchor customers; sector trade events; executive referrals,1827387,7309548,60581,25 months,approved
CinderChain,CinderChain develops operational software for warehouse operators managing fleet scheduling. The company is raising capital to expand enterprise integrations and scale regional sales operations.,logistics,pre-seed,3643631,USD,"warehouse operators continue to manage fleet scheduling through spreadsheets and email coordination, increasing operating losses and compliance exposure.",warehouse operators,$73.3B estimated annual addressable spend across 15 national markets,"CinderChain provides a cloud platform that centralizes fleet scheduling, connects external data feeds, and automates exception handling through configurable workflows.",Native integrations with regional financial and regulatory systems reduce migration friction for enterprise clients.,Multi-year integration relationships with incumbent vendors create switching barriers for competing entrants.,Usage-based billing; premium analytics modules; integration retainers,Tiered annual contracts priced according to active accounts and processing volume.,Direct procurement outreach; channel reseller agreements; referral incentives,2120505,10602525,72977,14 months,approved
BlueMarkets,BlueMarkets develops operational software for solar installers managing maintenance dispatch. The company is raising capital to expand enterprise integrations and scale regional sales operations.,healthtech,pre-seed,5937993,USD,"solar installers continue to manage maintenance dispatch through spreadsheets and email coordination, increasing operating losses and compliance exposure.",solar installers,$24.1B estimated annual addressable spend across 13 national markets,"BlueMarkets provides a cloud platform that centralizes maintenance dispatch, connects external data feeds, and automates exception handling through configurable workflows.",Deployment architecture supports intermittent connectivity environments common across secondary markets.,The founding team previously managed operational infrastructure within the target industry and secured early reference accounts.,Usage-based billing; premium analytics modules; integration retainers,Monthly subscription structure combined with one-time deployment charges.,Targeted account-based marketing; implementation partners; compliance webinars,342330,1711650,124870,30 months,approved
StoneLedger,StoneLedger develops operational software for vocational training providers managing credential verification. The company is raising capital to expand enterprise integrations and scale regional sales operations.,legaltech,series-a,1097753,USD,"Independent vocational training providers rely on fragmented credential verification workflows, resulting in delayed reporting cycles and unresolved transaction discrepancies.",vocational training providers,$56.6B estimated annual addressable spend across 4 national markets,"StoneLedger provides a cloud platform that centralizes credential verification, connects external data feeds, and automates exception handling through configurable workflows.",Historical benchmarking data collected from pilot customers enables risk scoring unavailable through standard ERP systems.,Existing distribution agreements with sector operators provide direct access to procurement teams across three countries.,Annual platform subscriptions; implementation services; support retainers,Enterprise licensing agreements negotiated on multi-year procurement cycles.,Pilot deployments with anchor customers; sector trade events; executive referrals,2060680,6182040,138931,15 months,approved
OakBridge,OakBridge is preparing a commercial platform connected to inventory forecasting within the logistics sector and is seeking funding to complete product development and marketing activities.,logistics,idea,4754102,EUR,"The current environment around inventory forecasting appears difficult for some operators, though quantitative benchmarks are limited.",retail distributors,Leadership expects long-term expansion as adoption of software tools increases,OakBridge plans to introduce a platform related to inventory forecasting with a combination of automation features and reporting tools for commercial users.,Native integrations with regional financial and regulatory systems reduce migration friction for enterprise clients.,The company expects product flexibility to support future differentiation as the market evolves.,Subscription contracts; onboarding fees; API access charges,Monthly subscription structure combined with one-time deployment charges.,Targeted account-based marketing; implementation partners; compliance webinars,875,97721632,601283,4 months,rejected
CobaltBridge,CobaltBridge develops operational software for property managers managing tenant documentation. The company is raising capital to expand enterprise integrations and scale regional sales operations.,agritech,seed,4277260,SGD,"Companies handling tenant documentation lack integrated visibility across suppliers, regulators, and internal systems, creating avoidable operational costs.",property managers,$30.7B estimated annual addressable spend across 3 national markets,"CobaltBridge provides a cloud platform that centralizes tenant documentation, connects external data feeds, and automates exception handling through configurable workflows.",The platform incorporates sector-specific compliance workflows rarely supported by horizontal software vendors.,The founding team previously managed operational infrastructure within the target industry and secured early reference accounts.,Annual platform subscriptions; implementation services; support retainers,Tiered annual contracts priced according to active accounts and processing volume.,Pilot deployments with anchor customers; sector trade events; executive referrals,466058,3262406,50656,12 months,approved
StoneSystems,StoneSystems develops operational software for property managers managing tenant documentation. The company is raising capital to expand enterprise integrations and scale regional sales operations.,healthtech,series-a,3715413,EUR,"property managers continue to manage tenant documentation through spreadsheets and email coordination, increasing operating losses and compliance exposure.",property managers,$79.6B estimated annual addressable spend across 16 national markets,"StoneSystems provides a cloud platform that centralizes tenant documentation, connects external data feeds, and automates exception handling through configurable workflows.",The platform incorporates sector-specific compliance workflows rarely supported by horizontal software vendors.,Multi-year integration relationships with incumbent vendors create switching barriers for competing entrants.,Subscription contracts; onboarding fees; API access charges,Monthly subscription structure combined with one-time deployment charges.,Pilot deployments with anchor customers; sector trade events; executive referrals,1192892,3578676,181931,16 months,approved
StoneHealth,StoneHealth is preparing a commercial platform connected to maintenance dispatch within the logistics sector and is seeking funding to complete product development and marketing activities.,logistics,pre-seed,4503947,AED,Businesses involved in maintenance dispatch often mention administrative inefficiencies but purchasing priorities remain inconsistent.,solar installers,The company references a large international customer base without quantified segmentation,StoneHealth plans to introduce a platform related to maintenance dispatch with a combination of automation features and reporting tools for commercial users.,The platform incorporates sector-specific compliance workflows rarely supported by horizontal software vendors.,The company expects product flexibility to support future differentiation as the market evolves.,Subscription contracts; onboarding fees; API access charges,Enterprise licensing agreements negotiated on multi-year procurement cycles.,Industry association partnerships; outbound enterprise sales; regional conferences,5293,70730020,216142,2 months,rejected
PeakHealth,PeakHealth is preparing a commercial platform connected to crop procurement tracking within the proptech sector and is seeking funding to complete product development and marketing activities.,proptech,pre-seed,7115010,SGD,Businesses involved in crop procurement tracking often mention administrative inefficiencies but purchasing priorities remain inconsistent.,grain cooperatives,The company references a large international customer base without quantified segmentation,PeakHealth plans to introduce a platform related to crop procurement tracking with a combination of automation features and reporting tools for commercial users.,Historical benchmarking data collected from pilot customers enables risk scoring unavailable through standard ERP systems.,The business intends to establish brand recognition following product launch activities.,Subscription contracts; onboarding fees; API access charges,Usage-based pricing indexed to transaction activity and storage requirements.,Targeted account-based marketing; implementation partners; compliance webinars,10752,79796557,732916,5 months,rejected
SummitPilot,SummitPilot develops operational software for solar installers managing maintenance dispatch. The company is raising capital to expand enterprise integrations and scale regional sales operations.,legaltech,series-a,7010339,USD,"Companies handling maintenance dispatch lack integrated visibility across suppliers, regulators, and internal systems, creating avoidable operational costs.",solar installers,$86.5B estimated annual addressable spend across 14 national markets,"SummitPilot provides a cloud platform that centralizes maintenance dispatch, connects external data feeds, and automates exception handling through configurable workflows.",Historical benchmarking data collected from pilot customers enables risk scoring unavailable through standard ERP systems.,The founding team previously managed operational infrastructure within the target industry and secured early reference accounts.,Annual platform subscriptions; implementation services; support retainers,Monthly subscription structure combined with one-time deployment charges.,Pilot deployments with anchor customers; sector trade events; executive referrals,276559,1382795,131167,13 months,approved
PioneerFlow,PioneerFlow is preparing a commercial platform connected to tenant documentation within the fintech sector and is seeking funding to complete product development and marketing activities.,fintech,seed,6338826,EUR,Businesses involved in tenant documentation often mention administrative inefficiencies but purchasing priorities remain inconsistent.,property managers,Management estimates the market opportunity to be substantial across multiple regions,PioneerFlow plans to introduce a platform related to tenant documentation with a combination of automation features and reporting tools for commercial users.,Native integrations with regional financial and regulatory systems reduce migration friction for enterprise clients.,"Several competitors operate in adjacent categories, though management expects demand to expand over time.",Transaction commissions; enterprise licensing; compliance reporting services,Monthly subscription structure combined with one-time deployment charges.,Pilot deployments with anchor customers; sector trade events; executive referrals,5966,74524070,740817,8 months,rejected
PioneerLabs,PioneerLabs develops operational software for vocational training providers managing credential verification. The company is raising capital to expand enterprise integrations and scale regional sales operations.,saas,pre-seed,2248832,AED,"Independent vocational training providers rely on fragmented credential verification workflows, resulting in delayed reporting cycles and unresolved transaction discrepancies.",vocational training providers,$35.3B estimated annual addressable spend across 9 national markets,"PioneerLabs provides a cloud platform that centralizes credential verification, connects external data feeds, and automates exception handling through configurable workflows.",Historical benchmarking data collected from pilot customers enables risk scoring unavailable through standard ERP systems.,Exclusive access to proprietary operational datasets improves forecasting accuracy during onboarding.,Transaction commissions; enterprise licensing; compliance reporting services,Enterprise licensing agreements negotiated on multi-year procurement cycles.,Pilot deployments with anchor customers; sector trade events; executive referrals,2275568,11377840,127764,30 months,approved
ApexLedger,ApexLedger develops operational software for mid-sized law firms managing contract review. The company is raising capital to expand enterprise integrations and scale regional sales operations.,logistics,seed,3933241,GBP,"Companies handling contract review lack integrated visibility across suppliers, regulators, and internal systems, creating avoidable operational costs.",mid-sized law firms,$14.6B estimated annual addressable spend across 14 national markets,"ApexLedger provides a cloud platform that centralizes contract review, connects external data feeds, and automates exception handling through configurable workflows.",Deployment architecture supports intermittent connectivity environments common across secondary markets.,Existing distribution agreements with sector operators provide direct access to procurement teams across three countries.,Usage-based billing; premium analytics modules; integration retainers,Monthly subscription structure combined with one-time deployment charges.,Pilot deployments with anchor customers; sector trade events; executive referrals,247539,1485234,245456,17 months,approved
OakChain,OakChain is preparing a commercial platform connected to patient referral management within the cleantech sector and is seeking funding to complete product development and marketing activities.,cleantech,seed,6910561,USD,"municipal clinics face ongoing coordination challenges related to patient referral management, although the scale of the issue varies across regions.",municipal clinics,The company references a large international customer base without quantified segmentation,OakChain plans to introduce a platform related to patient referral management with a combination of automation features and reporting tools for commercial users.,Native integrations with regional financial and regulatory systems reduce migration friction for enterprise clients.,"Several competitors operate in adjacent categories, though management expects demand to expand over time.",Transaction commissions; enterprise licensing; compliance reporting services,Tiered annual contracts priced according to active accounts and processing volume.,Industry association partnerships; outbound enterprise sales; regional conferences,4166,80337888,569007,8 months,rejected
AtlasSync,AtlasSync is preparing a commercial platform connected to contract review within the agritech sector and is seeking funding to complete product development and marketing activities.,agritech,pre-seed,4887114,GBP,Businesses involved in contract review often mention administrative inefficiencies but purchasing priorities remain inconsistent.,mid-sized law firms,Internal assumptions suggest broad demand among digital businesses,AtlasSync plans to introduce a platform related to contract review with a combination of automation features and reporting tools for commercial users.,The platform incorporates sector-specific compliance workflows rarely supported by horizontal software vendors.,The company expects product flexibility to support future differentiation as the market evolves.,Usage-based billing; premium analytics modules; integration retainers,Enterprise licensing agreements negotiated on multi-year procurement cycles.,Industry association partnerships; outbound enterprise sales; regional conferences,0,32349977,370353,8 months,rejected
LatticeTransit,LatticeTransit develops operational software for vocational training providers managing credential verification. The company is raising capital to expand enterprise integrations and scale regional sales operations.,proptech,pre-seed,1089456,USD,"Independent vocational training providers rely on fragmented credential verification workflows, resulting in delayed reporting cycles and unresolved transaction discrepancies.",vocational training providers,$45.0B estimated annual addressable spend across 19 national markets,"LatticeTransit provides a cloud platform that centralizes credential verification, connects external data feeds, and automates exception handling through configurable workflows.",Native integrations with regional financial and regulatory systems reduce migration friction for enterprise clients.,Multi-year integration relationships with incumbent vendors create switching barriers for competing entrants.,Subscription contracts; onboarding fees; API access charges,Enterprise licensing agreements negotiated on multi-year procurement cycles.,Targeted account-based marketing; implementation partners; compliance webinars,711155,4266930,38370,12 months,approved
StoneChain,StoneChain is preparing a commercial platform connected to inventory forecasting within the saas sector and is seeking funding to complete product development and marketing activities.,saas,series-a,3504568,EUR,"retail distributors face ongoing coordination challenges related to inventory forecasting, although the scale of the issue varies across regions.",retail distributors,Internal assumptions suggest broad demand among digital businesses,StoneChain plans to introduce a platform related to inventory forecasting with a combination of automation features and reporting tools for commercial users.,Native integrations with regional financial and regulatory systems reduce migration friction for enterprise clients.,The business intends to establish brand recognition following product launch activities.,Subscription contracts; onboarding fees; API access charges,Usage-based pricing indexed to transaction activity and storage requirements.,Industry association partnerships; outbound enterprise sales; regional conferences,14019,71592518,341307,4 months,rejected
AtlasSystems,AtlasSystems develops operational software for grain cooperatives managing crop procurement tracking. The company is raising capital to expand enterprise integrations and scale regional sales operations.,proptech,pre-seed,4747874,SGD,"Independent grain cooperatives rely on fragmented crop procurement tracking workflows, resulting in delayed reporting cycles and unresolved transaction discrepancies.",grain cooperatives,$71.6B estimated annual addressable spend across 14 national markets,"AtlasSystems provides a cloud platform that centralizes crop procurement tracking, connects external data feeds, and automates exception handling through configurable workflows.",Native integrations with regional financial and regulatory systems reduce migration friction for enterprise clients.,Multi-year integration relationships with incumbent vendors create switching barriers for competing entrants.,Transaction commissions; enterprise licensing; compliance reporting services,Tiered annual contracts priced according to active accounts and processing volume.,Pilot deployments with anchor customers; sector trade events; executive referrals,173013,865065,191431,25 months,approved
SummitChain,SummitChain is preparing a commercial platform connected to credential verification within the healthtech sector and is seeking funding to complete product development and marketing activities.,healthtech,idea,7000010,EUR,Businesses involved in credential verification often mention administrative inefficiencies but purchasing priorities remain inconsistent.,vocational training providers,Management estimates the market opportunity to be substantial across multiple regions,SummitChain plans to introduce a platform related to credential verification with a combination of automation features and reporting tools for commercial users.,The platform incorporates sector-specific compliance workflows rarely supported by horizontal software vendors.,The business intends to establish brand recognition following product launch activities.,Transaction commissions; enterprise licensing; compliance reporting services,Tiered annual contracts priced according to active accounts and processing volume.,Industry association partnerships; outbound enterprise sales; regional conferences,11200,85550805,322564,8 months,rejected
LatticeLabs,LatticeLabs is preparing a commercial platform connected to crop procurement tracking within the logistics sector and is seeking funding to complete product development and marketing activities.,logistics,pre-seed,4122820,AED,"grain cooperatives face ongoing coordination challenges related to crop procurement tracking, although the scale of the issue varies across regions.",grain cooperatives,Management estimates the market opportunity to be substantial across multiple regions,LatticeLabs plans to introduce a platform related to crop procurement tracking with a combination of automation features and reporting tools for commercial users.,Historical benchmarking data collected from pilot customers enables risk scoring unavailable through standard ERP systems.,The business intends to establish brand recognition following product launch activities.,Subscription contracts; onboarding fees; API access charges,Usage-based pricing indexed to transaction activity and storage requirements.,Direct procurement outreach; channel reseller agreements; referral incentives,0,44697562,674444,7 months,rejected
GraniteSync,GraniteSync is preparing a commercial platform connected to contract review within the fintech sector and is seeking funding to complete product development and marketing activities.,fintech,pre-seed,3962875,USD,"The current environment around contract review appears difficult for some operators, though quantitative benchmarks are limited.",mid-sized law firms,Management estimates the market opportunity to be substantial across multiple regions,GraniteSync plans to introduce a platform related to contract review with a combination of automation features and reporting tools for commercial users.,Historical benchmarking data collected from pilot customers enables risk scoring unavailable through standard ERP systems.,Management believes the market remains open to new entrants without significant barriers.,Usage-based billing; premium analytics modules; integration retainers,Enterprise licensing agreements negotiated on multi-year procurement cycles.,Targeted account-based marketing; implementation partners; compliance webinars,9859,48734693,526305,7 months,rejected
AtlasSync,AtlasSync develops operational software for grain cooperatives managing crop procurement tracking. The company is raising capital to expand enterprise integrations and scale regional sales operations.,saas,idea,6318740,GBP,"grain cooperatives continue to manage crop procurement tracking through spreadsheets and email coordination, increasing operating losses and compliance exposure.",grain cooperatives,$72.4B estimated annual addressable spend across 21 national markets,"AtlasSync provides a cloud platform that centralizes crop procurement tracking, connects external data feeds, and automates exception handling through configurable workflows.",Deployment architecture supports intermittent connectivity environments common across secondary markets.,Multi-year integration relationships with incumbent vendors create switching barriers for competing entrants.,Transaction commissions; enterprise licensing; compliance reporting services,Usage-based pricing indexed to transaction activity and storage requirements.,Direct procurement outreach; channel reseller agreements; referral incentives,1278234,8947638,102235,27 months,approved
ApexDynamics,ApexDynamics is preparing a commercial platform connected to contract review within the healthtech sector and is seeking funding to complete product development and marketing activities.,healthtech,series-a,1314592,USD,"mid-sized law firms face ongoing coordination challenges related to contract review, although the scale of the issue varies across regions.",mid-sized law firms,The company references a large international customer base without quantified segmentation,ApexDynamics plans to introduce a platform related to contract review with a combination of automation features and reporting tools for commercial users.,The platform incorporates sector-specific compliance workflows rarely supported by horizontal software vendors.,Management believes the market remains open to new entrants without significant barriers.,Transaction commissions; enterprise licensing; compliance reporting services,Usage-based pricing indexed to transaction activity and storage requirements.,Industry association partnerships; outbound enterprise sales; regional conferences,5863,50259160,669743,2 months,rejected
GraniteBase,GraniteBase develops operational software for mid-sized law firms managing contract review. The company is raising capital to expand enterprise integrations and scale regional sales operations.,edtech,seed,3731482,SGD,"Independent mid-sized law firms rely on fragmented contract review workflows, resulting in delayed reporting cycles and unresolved transaction discrepancies.",mid-sized law firms,$3.0B estimated annual addressable spend across 10 national markets,"GraniteBase provides a cloud platform that centralizes contract review, connects external data feeds, and automates exception handling through configurable workflows.",Deployment architecture supports intermittent connectivity environments common across secondary markets.,The founding team previously managed operational infrastructure within the target industry and secured early reference accounts.,Subscription contracts; onboarding fees; API access charges,Tiered annual contracts priced according to active accounts and processing volume.,Direct procurement outreach; channel reseller agreements; referral incentives,169962,1359696,225567,17 months,approved
RedwoodHealth,RedwoodHealth is preparing a commercial platform connected to crop procurement tracking within the edtech sector and is seeking funding to complete product development and marketing activities.,edtech,series-a,6169531,SGD,Businesses involved in crop procurement tracking often mention administrative inefficiencies but purchasing priorities remain inconsistent.,grain cooperatives,The company references a large international customer base without quantified segmentation,RedwoodHealth plans to introduce a platform related to crop procurement tracking with a combination of automation features and reporting tools for commercial users.,Historical benchmarking data collected from pilot customers enables risk scoring unavailable through standard ERP systems.,"Several competitors operate in adjacent categories, though management expects demand to expand over time.",Annual platform subscriptions; implementation services; support retainers,Enterprise licensing agreements negotiated on multi-year procurement cycles.,Targeted account-based marketing; implementation partners; compliance webinars,7907,42713426,821027,4 months,rejected
SignalChain,SignalChain develops operational software for mid-sized law firms managing contract review. The company is raising capital to expand enterprise integrations and scale regional sales operations.,saas,series-a,3601821,GBP,"mid-sized law firms continue to manage contract review through spreadsheets and email coordination, increasing operating losses and compliance exposure.",mid-sized law firms,$56.4B estimated annual addressable spend across 5 national markets,"SignalChain provides a cloud platform that centralizes contract review, connects external data feeds, and automates exception handling through configurable workflows.",The platform incorporates sector-specific compliance workflows rarely supported by horizontal software vendors.,The founding team previously managed operational infrastructure within the target industry and secured early reference accounts.,Transaction commissions; enterprise licensing; compliance reporting services,Enterprise licensing agreements negotiated on multi-year procurement cycles.,Industry association partnerships; outbound enterprise sales; regional conferences,1378566,5514264,346866,29 months,approved
SignalGrid,SignalGrid is preparing a commercial platform connected to inventory forecasting within the agritech sector and is seeking funding to complete product development and marketing activities.,agritech,pre-seed,7013362,USD,Businesses involved in inventory forecasting often mention administrative inefficiencies but purchasing priorities remain inconsistent.,retail distributors,Internal assumptions suggest broad demand among digital businesses,SignalGrid plans to introduce a platform related to inventory forecasting with a combination of automation features and reporting tools for commercial users.,The platform incorporates sector-specific compliance workflows rarely supported by horizontal software vendors.,Management believes the market remains open to new entrants without significant barriers.,Usage-based billing; premium analytics modules; integration retainers,Usage-based pricing indexed to transaction activity and storage requirements.,Direct procurement outreach; channel reseller agreements; referral incentives,0,71942507,726251,8 months,rejected
RiverWorks,RiverWorks develops operational software for grain cooperatives managing crop procurement tracking. The company is raising capital to expand enterprise integrations and scale regional sales operations.,healthtech,seed,3402247,SGD,"grain cooperatives continue to manage crop procurement tracking through spreadsheets and email coordination, increasing operating losses and compliance exposure.",grain cooperatives,$77.2B estimated annual addressable spend across 18 national markets,"RiverWorks provides a cloud platform that centralizes crop procurement tracking, connects external data feeds, and automates exception handling through configurable workflows.",Deployment architecture supports intermittent connectivity environments common across secondary markets.,Existing distribution agreements with sector operators provide direct access to procurement teams across three countries.,Annual platform subscriptions; implementation services; support retainers,Enterprise licensing agreements negotiated on multi-year procurement cycles.,Targeted account-based marketing; implementation partners; compliance webinars,132125,1057000,172606,23 months,approved
OakSync,OakSync is preparing a commercial platform connected to inventory forecasting within the legaltech sector and is seeking funding to complete product development and marketing activities.,legaltech,series-a,5494017,GBP,Businesses involved in inventory forecasting often mention administrative inefficiencies but purchasing priorities remain inconsistent.,retail distributors,Leadership expects long-term expansion as adoption of software tools increases,OakSync plans to introduce a platform related to inventory forecasting with a combination of automation features and reporting tools for commercial users.,Native integrations with regional financial and regulatory systems reduce migration friction for enterprise clients.,"Several competitors operate in adjacent categories, though management expects demand to expand over time.",Annual platform subscriptions; implementation services; support retainers,Enterprise licensing agreements negotiated on multi-year procurement cycles.,Direct procurement outreach; channel reseller agreements; referral incentives,10140,7202599,898299,7 months,rejected
PeakPilot,PeakPilot is preparing a commercial platform connected to claims intake within the edtech sector and is seeking funding to complete product development and marketing activities.,edtech,series-a,4807685,AED,Businesses involved in claims intake often mention administrative inefficiencies but purchasing priorities remain inconsistent.,insurance brokers,Internal assumptions suggest broad demand among digital businesses,PeakPilot plans to introduce a platform related to claims intake with a combination of automation features and reporting tools for commercial users.,Historical benchmarking data collected from pilot customers enables risk scoring unavailable through standard ERP systems.,The business intends to establish brand recognition following product launch activities.,Annual platform subscriptions; implementation services; support retainers,Tiered annual contracts priced according to active accounts and processing volume.,Targeted account-based marketing; implementation partners; compliance webinars,12873,82268351,186280,3 months,rejected
StoneBase,StoneBase develops operational software for retail distributors managing inventory forecasting. The company is raising capital to expand enterprise integrations and scale regional sales operations.,agritech,series-a,6179276,AED,"retail distributors continue to manage inventory forecasting through spreadsheets and email coordination, increasing operating losses and compliance exposure.",retail distributors,$63.1B estimated annual addressable spend across 5 national markets,"StoneBase provides a cloud platform that centralizes inventory forecasting, connects external data feeds, and automates exception handling through configurable workflows.",The platform incorporates sector-specific compliance workflows rarely supported by horizontal software vendors.,Exclusive access to proprietary operational datasets improves forecasting accuracy during onboarding.,Usage-based billing; premium analytics modules; integration retainers,Monthly subscription structure combined with one-time deployment charges.,Pilot deployments with anchor customers; sector trade events; executive referrals,814429,4072145,80079,19 months,approved
LatticePilot,LatticePilot develops operational software for mid-sized law firms managing contract review. The company is raising capital to expand enterprise integrations and scale regional sales operations.,logistics,pre-seed,1607459,GBP,"mid-sized law firms continue to manage contract review through spreadsheets and email coordination, increasing operating losses and compliance exposure.",mid-sized law firms,$73.4B estimated annual addressable spend across 10 national markets,"LatticePilot provides a cloud platform that centralizes contract review, connects external data feeds, and automates exception handling through configurable workflows.",Deployment architecture supports intermittent connectivity environments common across secondary markets.,The founding team previously managed operational infrastructure within the target industry and secured early reference accounts.,Usage-based billing; premium analytics modules; integration retainers,Monthly subscription structure combined with one-time deployment charges.,Pilot deployments with anchor customers; sector trade events; executive referrals,1321145,9248015,38728,30 months,approved
ApexMetrics,ApexMetrics is preparing a commercial platform connected to contract review within the proptech sector and is seeking funding to complete product development and marketing activities.,proptech,seed,7767243,SGD,Businesses involved in contract review often mention administrative inefficiencies but purchasing priorities remain inconsistent.,mid-sized law firms,The company references a large international customer base without quantified segmentation,ApexMetrics plans to introduce a platform related to contract review with a combination of automation features and reporting tools for commercial users.,Deployment architecture supports intermittent connectivity environments common across secondary markets.,Management believes the market remains open to new entrants without significant barriers.,Transaction commissions; enterprise licensing; compliance reporting services,Enterprise licensing agreements negotiated on multi-year procurement cycles.,Targeted account-based marketing; implementation partners; compliance webinars,0,97778674,747030,8 months,rejected
CinderLedger,CinderLedger is preparing a commercial platform connected to maintenance dispatch within the cleantech sector and is seeking funding to complete product development and marketing activities.,cleantech,pre-seed,7670799,EUR,"solar installers face ongoing coordination challenges related to maintenance dispatch, although the scale of the issue varies across regions.",solar installers,Management estimates the market opportunity to be substantial across multiple regions,CinderLedger plans to introduce a platform related to maintenance dispatch with a combination of automation features and reporting tools for commercial users.,Deployment architecture supports intermittent connectivity environments common across secondary markets.,The company expects product flexibility to support future differentiation as the market evolves.,Usage-based billing; premium analytics modules; integration retainers,Tiered annual contracts priced according to active accounts and processing volume.,Direct procurement outreach; channel reseller agreements; referral incentives,7178,38833826,442295,6 months,rejected
BlueLedger,BlueLedger is preparing a commercial platform connected to maintenance dispatch within the logistics sector and is seeking funding to complete product development and marketing activities.,logistics,series-a,7946939,SGD,Businesses involved in maintenance dispatch often mention administrative inefficiencies but purchasing priorities remain inconsistent.,solar installers,The company references a large international customer base without quantified segmentation,BlueLedger plans to introduce a platform related to maintenance dispatch with a combination of automation features and reporting tools for commercial users.,The platform incorporates sector-specific compliance workflows rarely supported by horizontal software vendors.,"Several competitors operate in adjacent categories, though management expects demand to expand over time.",Subscription contracts; onboarding fees; API access charges,Enterprise licensing agreements negotiated on multi-year procurement cycles.,Targeted account-based marketing; implementation partners; compliance webinars,2478,112330454,604653,2 months,rejected
HarborCloud,HarborCloud develops operational software for insurance brokers managing claims intake. The company is raising capital to expand enterprise integrations and scale regional sales operations.,agritech,series-a,1565000,AED,"insurance brokers continue to manage claims intake through spreadsheets and email coordination, increasing operating losses and compliance exposure.",insurance brokers,$30.0B estimated annual addressable spend across 9 national markets,"HarborCloud provides a cloud platform that centralizes claims intake, connects external data feeds, and automates exception handling through configurable workflows.",Native integrations with regional financial and regulatory systems reduce migration friction for enterprise clients.,The founding team previously managed operational infrastructure within the target industry and secured early reference accounts.,Transaction commissions; enterprise licensing; compliance reporting services,Usage-based pricing indexed to transaction activity and storage requirements.,Targeted account-based marketing; implementation partners; compliance webinars,68076,204228,112930,23 months,approved
SignalSync,SignalSync is preparing a commercial platform connected to contract review within the ecommerce sector and is seeking funding to complete product development and marketing activities.,ecommerce,series-a,797777,EUR,Businesses involved in contract review often mention administrative inefficiencies but purchasing priorities remain inconsistent.,mid-sized law firms,Internal assumptions suggest broad demand among digital businesses,SignalSync plans to introduce a platform related to contract review with a combination of automation features and reporting tools for commercial users.,Native integrations with regional financial and regulatory systems reduce migration friction for enterprise clients.,The business intends to establish brand recognition following product launch activities.,Annual platform subscriptions; implementation services; support retainers,Usage-based pricing indexed to transaction activity and storage requirements.,Direct procurement outreach; channel reseller agreements; referral incentives,0,119357356,480947,6 months,rejected
StoneDynamics,StoneDynamics is preparing a commercial platform connected to tenant documentation within the agritech sector and is seeking funding to complete product development and marketing activities.,agritech,seed,338450,GBP,Businesses involved in tenant documentation often mention administrative inefficiencies but purchasing priorities remain inconsistent.,property managers,Leadership expects long-term expansion as adoption of software tools increases,StoneDynamics plans to introduce a platform related to tenant documentation with a combination of automation features and reporting tools for commercial users.,Native integrations with regional financial and regulatory systems reduce migration friction for enterprise clients.,The company expects product flexibility to support future differentiation as the market evolves.,Subscription contracts; onboarding fees; API access charges,Monthly subscription structure combined with one-time deployment charges.,Industry association partnerships; outbound enterprise sales; regional conferences,0,10870421,691259,5 months,rejected
VectorHealth,VectorHealth is preparing a commercial platform connected to fleet scheduling within the fintech sector and is seeking funding to complete product development and marketing activities.,fintech,pre-seed,2767447,GBP,Businesses involved in fleet scheduling often mention administrative inefficiencies but purchasing priorities remain inconsistent.,warehouse operators,The company references a large international customer base without quantified segmentation,VectorHealth plans to introduce a platform related to fleet scheduling with a combination of automation features and reporting tools for commercial users.,Native integrations with regional financial and regulatory systems reduce migration friction for enterprise clients.,The company expects product flexibility to support future differentiation as the market evolves.,Usage-based billing; premium analytics modules; integration retainers,Tiered annual contracts priced according to active accounts and processing volume.,Direct procurement outreach; channel reseller agreements; referral incentives,0,31328473,504465,3 months,rejected
PioneerCloud,PioneerCloud develops operational software for retail distributors managing inventory forecasting. The company is raising capital to expand enterprise integrations and scale regional sales operations.,logistics,idea,1428338,AED,"Independent retail distributors rely on fragmented inventory forecasting workflows, resulting in delayed reporting cycles and unresolved transaction discrepancies.",retail distributors,$82.8B estimated annual addressable spend across 14 national markets,"PioneerCloud provides a cloud platform that centralizes inventory forecasting, connects external data feeds, and automates exception handling through configurable workflows.",The platform incorporates sector-specific compliance workflows rarely supported by horizontal software vendors.,The founding team previously managed operational infrastructure within the target industry and secured early reference accounts.,Annual platform subscriptions; implementation services; support retainers,Monthly subscription structure combined with one-time deployment charges.,Industry association partnerships; outbound enterprise sales; regional conferences,572378,4006646,83645,26 months,approved
DeltaFlow,DeltaFlow develops operational software for municipal clinics managing patient referral management. The company is raising capital to expand enterprise integrations and scale regional sales operations.,ecommerce,seed,6360694,AED,"municipal clinics continue to manage patient referral management through spreadsheets and email coordination, increasing operating losses and compliance exposure.",municipal clinics,$33.2B estimated annual addressable spend across 24 national markets,"DeltaFlow provides a cloud platform that centralizes patient referral management, connects external data feeds, and automates exception handling through configurable workflows.",Historical benchmarking data collected from pilot customers enables risk scoring unavailable through standard ERP systems.,Multi-year integration relationships with incumbent vendors create switching barriers for competing entrants.,Subscription contracts; onboarding fees; API access charges,Usage-based pricing indexed to transaction activity and storage requirements.,Industry association partnerships; outbound enterprise sales; regional conferences,1635146,9810876,219427,17 months,approved
OakBridge,OakBridge is preparing a commercial platform connected to crop procurement tracking within the logistics sector and is seeking funding to complete product development and marketing activities.,logistics,idea,3887040,AED,Businesses involved in crop procurement tracking often mention administrative inefficiencies but purchasing priorities remain inconsistent.,grain cooperatives,Management estimates the market opportunity to be substantial across multiple regions,OakBridge plans to introduce a platform related to crop procurement tracking with a combination of automation features and reporting tools for commercial users.,Native integrations with regional financial and regulatory systems reduce migration friction for enterprise clients.,The company expects product flexibility to support future differentiation as the market evolves.,Subscription contracts; onboarding fees; API access charges,Enterprise licensing agreements negotiated on multi-year procurement cycles.,Pilot deployments with anchor customers; sector trade events; executive referrals,0,15401951,522845,6 months,rejected
BlueBridge,BlueBridge develops operational software for insurance brokers managing claims intake. The company is raising capital to expand enterprise integrations and scale regional sales operations.,agritech,idea,3588326,AED,"Independent insurance brokers rely on fragmented claims intake workflows, resulting in delayed reporting cycles and unresolved transaction discrepancies.",insurance brokers,$3.0B estimated annual addressable spend across 3 national markets,"BlueBridge provides a cloud platform that centralizes claims intake, connects external data feeds, and automates exception handling through configurable workflows.",Historical benchmarking data collected from pilot customers enables risk scoring unavailable through standard ERP systems.,Multi-year integration relationships with incumbent vendors create switching barriers for competing entrants.,Transaction commissions; enterprise licensing; compliance reporting services,Enterprise licensing agreements negotiated on multi-year procurement cycles.,Industry association partnerships; outbound enterprise sales; regional conferences,1193977,5969885,327912,17 months,approved
RiverPilot,RiverPilot develops operational software for mid-sized law firms managing contract review. The company is raising capital to expand enterprise integrations and scale regional sales operations.,proptech,pre-seed,6973721,SGD,"Companies handling contract review lack integrated visibility across suppliers, regulators, and internal systems, creating avoidable operational costs.",mid-sized law firms,$2.0B estimated annual addressable spend across 18 national markets,"RiverPilot provides a cloud platform that centralizes contract review, connects external data feeds, and automates exception handling through configurable workflows.",Historical benchmarking data collected from pilot customers enables risk scoring unavailable through standard ERP systems.,Multi-year integration relationships with incumbent vendors create switching barriers for competing entrants.,Transaction commissions; enterprise licensing; compliance reporting services,Monthly subscription structure combined with one-time deployment charges.,Industry association partnerships; outbound enterprise sales; regional conferences,2181641,8726564,47477,27 months,approved
OakLedger,OakLedger develops operational software for insurance brokers managing claims intake. The company is raising capital to expand enterprise integrations and scale regional sales operations.,cleantech,pre-seed,295091,EUR,"Independent insurance brokers rely on fragmented claims intake workflows, resulting in delayed reporting cycles and unresolved transaction discrepancies.",insurance brokers,$44.9B estimated annual addressable spend across 19 national markets,"OakLedger provides a cloud platform that centralizes claims intake, connects external data feeds, and automates exception handling through configurable workflows.",The platform incorporates sector-specific compliance workflows rarely supported by horizontal software vendors.,Existing distribution agreements with sector operators provide direct access to procurement teams across three countries.,Subscription contracts; onboarding fees; API access charges,Monthly subscription structure combined with one-time deployment charges.,Industry association partnerships; outbound enterprise sales; regional conferences,1430260,10011820,242404,16 months,approved
VectorTransit,VectorTransit is preparing a commercial platform connected to inventory forecasting within the cleantech sector and is seeking funding to complete product development and marketing activities.,cleantech,series-a,3821497,EUR,Businesses involved in inventory forecasting often mention administrative inefficiencies but purchasing priorities remain inconsistent.,retail distributors,Management estimates the market opportunity to be substantial across multiple regions,VectorTransit plans to introduce a platform related to inventory forecasting with a combination of automation features and reporting tools for commercial users.,Native integrations with regional financial and regulatory systems reduce migration friction for enterprise clients.,Management believes the market remains open to new entrants without significant barriers.,Usage-based billing; premium analytics modules; integration retainers,Monthly subscription structure combined with one-time deployment charges.,Direct procurement outreach; channel reseller agreements; referral incentives,0,95909867,541423,8 months,rejected
RiverHealth,RiverHealth is preparing a commercial platform connected to maintenance dispatch within the ecommerce sector and is seeking funding to complete product development and marketing activities.,ecommerce,idea,3841147,SGD,"The current environment around maintenance dispatch appears difficult for some operators, though quantitative benchmarks are limited.",solar installers,The company references a large international customer base without quantified segmentation,RiverHealth plans to introduce a platform related to maintenance dispatch with a combination of automation features and reporting tools for commercial users.,Deployment architecture supports intermittent connectivity environments common across secondary markets.,Management believes the market remains open to new entrants without significant barriers.,Annual platform subscriptions; implementation services; support retainers,Monthly subscription structure combined with one-time deployment charges.,Direct procurement outreach; channel reseller agreements; referral incentives,0,33872078,169708,2 months,rejected
PeakChain,PeakChain develops operational software for insurance brokers managing claims intake. The company is raising capital to expand enterprise integrations and scale regional sales operations.,healthtech,series-a,5989277,GBP,"insurance brokers continue to manage claims intake through spreadsheets and email coordination, increasing operating losses and compliance exposure.",insurance brokers,$77.4B estimated annual addressable spend across 4 national markets,"PeakChain provides a cloud platform that centralizes claims intake, connects external data feeds, and automates exception handling through configurable workflows.",The platform incorporates sector-specific compliance workflows rarely supported by horizontal software vendors.,Multi-year integration relationships with incumbent vendors create switching barriers for competing entrants.,Usage-based billing; premium analytics modules; integration retainers,Tiered annual contracts priced according to active accounts and processing volume.,Industry association partnerships; outbound enterprise sales; regional conferences,434913,2174565,144222,22 months,approved
StoneMetrics,StoneMetrics develops operational software for mid-sized law firms managing contract review. The company is raising capital to expand enterprise integrations and scale regional sales operations.,logistics,pre-seed,1306283,SGD,"mid-sized law firms continue to manage contract review through spreadsheets and email coordination, increasing operating losses and compliance exposure.",mid-sized law firms,$47.5B estimated annual addressable spend across 11 national markets,"StoneMetrics provides a cloud platform that centralizes contract review, connects external data feeds, and automates exception handling through configurable workflows.",Deployment architecture supports intermittent connectivity environments common across secondary markets.,The founding team previously managed operational infrastructure within the target industry and secured early reference accounts.,Usage-based billing; premium analytics modules; integration retainers,Usage-based pricing indexed to transaction activity and storage requirements.,Pilot deployments with anchor customers; sector trade events; executive referrals,1371520,4114560,251200,30 months,approved
LatticeDynamics,LatticeDynamics is preparing a commercial platform connected to maintenance dispatch within the legaltech sector and is seeking funding to complete product development and marketing activities.,legaltech,idea,568689,USD,"solar installers face ongoing coordination challenges related to maintenance dispatch, although the scale of the issue varies across regions.",solar installers,Leadership expects long-term expansion as adoption of software tools increases,LatticeDynamics plans to introduce a platform related to maintenance dispatch with a combination of automation features and reporting tools for commercial users.,Historical benchmarking data collected from pilot customers enables risk scoring unavailable through standard ERP systems.,Management believes the market remains open to new entrants without significant barriers.,Annual platform subscriptions; implementation services; support retainers,Enterprise licensing agreements negotiated on multi-year procurement cycles.,Pilot deployments with anchor customers; sector trade events; executive referrals,7481,86301406,673235,4 months,rejected
DeltaAnalytics,DeltaAnalytics develops operational software for municipal clinics managing patient referral management. The company is raising capital to expand enterprise integrations and scale regional sales operations.,proptech,series-a,515764,USD,"Companies handling patient referral management lack integrated visibility across suppliers, regulators, and internal systems, creating avoidable operational costs.",municipal clinics,$35.8B estimated annual addressable spend across 11 national markets,"DeltaAnalytics provides a cloud platform that centralizes patient referral management, connects external data feeds, and automates exception handling through configurable workflows.",Deployment architecture supports intermittent connectivity environments common across secondary markets.,Exclusive access to proprietary operational datasets improves forecasting accuracy during onboarding.,Subscription contracts; onboarding fees; API access charges,Monthly subscription structure combined with one-time deployment charges.,Direct procurement outreach; channel reseller agreements; referral incentives,451969,1355907,38444,13 months,approved
SummitSystems,SummitSystems develops operational software for warehouse operators managing fleet scheduling. The company is raising capital to expand enterprise integrations and scale regional sales operations.,logistics,pre-seed,6667245,SGD,"warehouse operators continue to manage fleet scheduling through spreadsheets and email coordination, increasing operating losses and compliance exposure.",warehouse operators,$2.2B estimated annual addressable spend across 12 national markets,"SummitSystems provides a cloud platform that centralizes fleet scheduling, connects external data feeds, and automates exception handling through configurable workflows.",Historical benchmarking data collected from pilot customers enables risk scoring unavailable through standard ERP systems.,Multi-year integration relationships with incumbent vendors create switching barriers for competing entrants.,Transaction commissions; enterprise licensing; compliance reporting services,Monthly subscription structure combined with one-time deployment charges.,Pilot deployments with anchor customers; sector trade events; executive referrals,1664095,9984570,178112,13 months,approved
HarborWorks,HarborWorks develops operational software for vocational training providers managing credential verification. The company is raising capital to expand enterprise integrations and scale regional sales operations.,agritech,seed,7163801,EUR,"vocational training providers continue to manage credential verification through spreadsheets and email coordination, increasing operating losses and compliance exposure.",vocational training providers,$29.7B estimated annual addressable spend across 21 national markets,"HarborWorks provides a cloud platform that centralizes credential verification, connects external data feeds, and automates exception handling through configurable workflows.",Deployment architecture supports intermittent connectivity environments common across secondary markets.,Existing distribution agreements with sector operators provide direct access to procurement teams across three countries.,Transaction commissions; enterprise licensing; compliance reporting services,Monthly subscription structure combined with one-time deployment charges.,Pilot deployments with anchor customers; sector trade events; executive referrals,2229225,11146125,122184,28 months,approved
HarborChain,HarborChain develops operational software for warehouse operators managing fleet scheduling. The company is raising capital to expand enterprise integrations and scale regional sales operations.,healthtech,idea,6553861,SGD,"Companies handling fleet scheduling lack integrated visibility across suppliers, regulators, and internal systems, creating avoidable operational costs.",warehouse operators,$65.1B estimated annual addressable spend across 22 national markets,"HarborChain provides a cloud platform that centralizes fleet scheduling, connects external data feeds, and automates exception handling through configurable workflows.",The platform incorporates sector-specific compliance workflows rarely supported by horizontal software vendors.,Existing distribution agreements with sector operators provide direct access to procurement teams across three countries.,Usage-based billing; premium analytics modules; integration retainers,Tiered annual contracts priced according to active accounts and processing volume.,Targeted account-based marketing; implementation partners; compliance webinars,2234977,17879816,58046,30 months,approved
GraniteCapital,GraniteCapital is preparing a commercial platform connected to crop procurement tracking within the cleantech sector and is seeking funding to complete product development and marketing activities.,cleantech,series-a,3257586,GBP,"The current environment around crop procurement tracking appears difficult for some operators, though quantitative benchmarks are limited.",grain cooperatives,Management estimates the market opportunity to be substantial across multiple regions,GraniteCapital plans to introduce a platform related to crop procurement tracking with a combination of automation features and reporting tools for commercial users.,The platform incorporates sector-specific compliance workflows rarely supported by horizontal software vendors.,The business intends to establish brand recognition following product launch activities.,Transaction commissions; enterprise licensing; compliance reporting services,Enterprise licensing agreements negotiated on multi-year procurement cycles.,Targeted account-based marketing; implementation partners; compliance webinars,0,93692913,401768,6 months,rejected
ApexMetrics,ApexMetrics is preparing a commercial platform connected to inventory forecasting within the legaltech sector and is seeking funding to complete product development and marketing activities.,legaltech,pre-seed,1975316,SGD,"retail distributors face ongoing coordination challenges related to inventory forecasting, although the scale of the issue varies across regions.",retail distributors,Leadership expects long-term expansion as adoption of software tools increases,ApexMetrics plans to introduce a platform related to inventory forecasting with a combination of automation features and reporting tools for commercial users.,The platform incorporates sector-specific compliance workflows rarely supported by horizontal software vendors.,"Several competitors operate in adjacent categories, though management expects demand to expand over time.",Annual platform subscriptions; implementation services; support retainers,Enterprise licensing agreements negotiated on multi-year procurement cycles.,Direct procurement outreach; channel reseller agreements; referral incentives,12101,83173028,679568,8 months,rejected
RiverChain,RiverChain develops operational software for vocational training providers managing credential verification. The company is raising capital to expand enterprise integrations and scale regional sales operations.,healthtech,pre-seed,6732183,AED,"Companies handling credential verification lack integrated visibility across suppliers, regulators, and internal systems, creating avoidable operational costs.",vocational training providers,$20.1B estimated annual addressable spend across 9 national markets,"RiverChain provides a cloud platform that centralizes credential verification, connects external data feeds, and automates exception handling through configurable workflows.",Historical benchmarking data collected from pilot customers enables risk scoring unavailable through standard ERP systems.,The founding team previously managed operational infrastructure within the target industry and secured early reference accounts.,Usage-based billing; premium analytics modules; integration retainers,Enterprise licensing agreements negotiated on multi-year procurement cycles.,Industry association partnerships; outbound enterprise sales; regional conferences,417773,2924411,327389,17 months,approved
SummitBridge,SummitBridge develops operational software for grain cooperatives managing crop procurement tracking. The company is raising capital to expand enterprise integrations and scale regional sales operations.,logistics,idea,3967133,EUR,"grain cooperatives continue to manage crop procurement tracking through spreadsheets and email coordination, increasing operating losses and compliance exposure.",grain cooperatives,$8.0B estimated annual addressable spend across 10 national markets,"SummitBridge provides a cloud platform that centralizes crop procurement tracking, connects external data feeds, and automates exception handling through configurable workflows.",Native integrations with regional financial and regulatory systems reduce migration friction for enterprise clients.,Exclusive access to proprietary operational datasets improves forecasting accuracy during onboarding.,Subscription contracts; onboarding fees; API access charges,Enterprise licensing agreements negotiated on multi-year procurement cycles.,Pilot deployments with anchor customers; sector trade events; executive referrals,396588,1982940,265033,16 months,approved
CinderWorks,CinderWorks develops operational software for municipal clinics managing patient referral management. The company is raising capital to expand enterprise integrations and scale regional sales operations.,agritech,seed,3766985,USD,"Companies handling patient referral management lack integrated visibility across suppliers, regulators, and internal systems, creating avoidable operational costs.",municipal clinics,$72.8B estimated annual addressable spend across 4 national markets,"CinderWorks provides a cloud platform that centralizes patient referral management, connects external data feeds, and automates exception handling through configurable workflows.",The platform incorporates sector-specific compliance workflows rarely supported by horizontal software vendors.,Multi-year integration relationships with incumbent vendors create switching barriers for competing entrants.,Usage-based billing; premium analytics modules; integration retainers,Tiered annual contracts priced according to active accounts and processing volume.,Direct procurement outreach; channel reseller agreements; referral incentives,229408,1376448,344909,28 months,approved
VectorGrid,VectorGrid develops operational software for insurance brokers managing claims intake. The company is raising capital to expand enterprise integrations and scale regional sales operations.,logistics,idea,4863832,SGD,"insurance brokers continue to manage claims intake through spreadsheets and email coordination, increasing operating losses and compliance exposure.",insurance brokers,$26.8B estimated annual addressable spend across 8 national markets,"VectorGrid provides a cloud platform that centralizes claims intake, connects external data feeds, and automates exception handling through configurable workflows.",Deployment architecture supports intermittent connectivity environments common across secondary markets.,Existing distribution agreements with sector operators provide direct access to procurement teams across three countries.,Subscription contracts; onboarding fees; API access charges,Usage-based pricing indexed to transaction activity and storage requirements.,Industry association partnerships; outbound enterprise sales; regional conferences,1703511,10221066,131590,26 months,approved
CinderSync,CinderSync develops operational software for warehouse operators managing fleet scheduling. The company is raising capital to expand enterprise integrations and scale regional sales operations.,logistics,idea,5095603,EUR,"warehouse operators continue to manage fleet scheduling through spreadsheets and email coordination, increasing operating losses and compliance exposure.",warehouse operators,$81.4B estimated annual addressable spend across 5 national markets,"CinderSync provides a cloud platform that centralizes fleet scheduling, connects external data feeds, and automates exception handling through configurable workflows.",The platform incorporates sector-specific compliance workflows rarely supported by horizontal software vendors.,The founding team previously managed operational infrastructure within the target industry and secured early reference accounts.,Usage-based billing; premium analytics modules; integration retainers,Tiered annual contracts priced according to active accounts and processing volume.,Pilot deployments with anchor customers; sector trade events; executive referrals,2018715,10093575,113334,21 months,approved
ApexPilot,ApexPilot develops operational software for municipal clinics managing patient referral management. The company is raising capital to expand enterprise integrations and scale regional sales operations.,ecommerce,series-a,349081,EUR,"Companies handling patient referral management lack integrated visibility across suppliers, regulators, and internal systems, creating avoidable operational costs.",municipal clinics,$56.1B estimated annual addressable spend across 11 national markets,"ApexPilot provides a cloud platform that centralizes patient referral management, connects external data feeds, and automates exception handling through configurable workflows.",Historical benchmarking data collected from pilot customers enables risk scoring unavailable through standard ERP systems.,Multi-year integration relationships with incumbent vendors create switching barriers for competing entrants.,Transaction commissions; enterprise licensing; compliance reporting services,Usage-based pricing indexed to transaction activity and storage requirements.,Pilot deployments with anchor customers; sector trade events; executive referrals,1244817,4979268,339457,28 months,approved
LatticeWorks,LatticeWorks is preparing a commercial platform connected to patient referral management within the logistics sector and is seeking funding to complete product development and marketing activities.,logistics,seed,3763698,USD,Businesses involved in patient referral management often mention administrative inefficiencies but purchasing priorities remain inconsistent.,municipal clinics,The company references a large international customer base without quantified segmentation,LatticeWorks plans to introduce a platform related to patient referral management with a combination of automation features and reporting tools for commercial users.,Native integrations with regional financial and regulatory systems reduce migration friction for enterprise clients.,Management believes the market remains open to new entrants without significant barriers.,Usage-based billing; premium analytics modules; integration retainers,Usage-based pricing indexed to transaction activity and storage requirements.,Industry association partnerships; outbound enterprise sales; regional conferences,0,56837655,848254,7 months,rejected
VectorLogic,VectorLogic is preparing a commercial platform connected to contract review within the legaltech sector and is seeking funding to complete product development and marketing activities.,legaltech,pre-seed,7853324,EUR,"The current environment around contract review appears difficult for some operators, though quantitative benchmarks are limited.",mid-sized law firms,Management estimates the market opportunity to be substantial across multiple regions,VectorLogic plans to introduce a platform related to contract review with a combination of automation features and reporting tools for commercial users.,Native integrations with regional financial and regulatory systems reduce migration friction for enterprise clients.,"Several competitors operate in adjacent categories, though management expects demand to expand over time.",Subscription contracts; onboarding fees; API access charges,Usage-based pricing indexed to transaction activity and storage requirements.,Industry association partnerships; outbound enterprise sales; regional conferences,0,76720870,762521,3 months,rejected
PeakSystems,PeakSystems develops operational software for mid-sized law firms managing contract review. The company is raising capital to expand enterprise integrations and scale regional sales operations.,ecommerce,series-a,1799349,SGD,"Companies handling contract review lack integrated visibility across suppliers, regulators, and internal systems, creating avoidable operational costs.",mid-sized law firms,$15.0B estimated annual addressable spend across 23 national markets,"PeakSystems provides a cloud platform that centralizes contract review, connects external data feeds, and automates exception handling through configurable workflows.",Historical benchmarking data collected from pilot customers enables risk scoring unavailable through standard ERP systems.,The founding team previously managed operational infrastructure within the target industry and secured early reference accounts.,Transaction commissions; enterprise licensing; compliance reporting services,Monthly subscription structure combined with one-time deployment charges.,Targeted account-based marketing; implementation partners; compliance webinars,2094278,10471390,247254,28 months,approved
LatticeCloud,LatticeCloud develops operational software for retail distributors managing inventory forecasting. The company is raising capital to expand enterprise integrations and scale regional sales operations.,logistics,pre-seed,2171365,USD,"retail distributors continue to manage inventory forecasting through spreadsheets and email coordination, increasing operating losses and compliance exposure.",retail distributors,$8.8B estimated annual addressable spend across 6 national markets,"LatticeCloud provides a cloud platform that centralizes inventory forecasting, connects external data feeds, and automates exception handling through configurable workflows.",Historical benchmarking data collected from pilot customers enables risk scoring unavailable through standard ERP systems.,Multi-year integration relationships with incumbent vendors create switching barriers for competing entrants.,Annual platform subscriptions; implementation services; support retainers,Enterprise licensing agreements negotiated on multi-year procurement cycles.,Pilot deployments with anchor customers; sector trade events; executive referrals,1974640,13822480,222985,21 months,approved
PioneerMetrics,PioneerMetrics develops operational software for vocational training providers managing credential verification. The company is raising capital to expand enterprise integrations and scale regional sales operations.,logistics,pre-seed,4055576,AED,"vocational training providers continue to manage credential verification through spreadsheets and email coordination, increasing operating losses and compliance exposure.",vocational training providers,$51.5B estimated annual addressable spend across 3 national markets,"PioneerMetrics provides a cloud platform that centralizes credential verification, connects external data feeds, and automates exception handling through configurable workflows.",The platform incorporates sector-specific compliance workflows rarely supported by horizontal software vendors.,Exclusive access to proprietary operational datasets improves forecasting accuracy during onboarding.,Subscription contracts; onboarding fees; API access charges,Monthly subscription structure combined with one-time deployment charges.,Pilot deployments with anchor customers; sector trade events; executive referrals,1891214,9456070,139298,19 months,approved
SummitLedger,SummitLedger is preparing a commercial platform connected to contract review within the healthtech sector and is seeking funding to complete product development and marketing activities.,healthtech,idea,4382521,SGD,"mid-sized law firms face ongoing coordination challenges related to contract review, although the scale of the issue varies across regions.",mid-sized law firms,The company references a large international customer base without quantified segmentation,SummitLedger plans to introduce a platform related to contract review with a combination of automation features and reporting tools for commercial users.,The platform incorporates sector-specific compliance workflows rarely supported by horizontal software vendors.,The company expects product flexibility to support future differentiation as the market evolves.,Subscription contracts; onboarding fees; API access charges,Usage-based pricing indexed to transaction activity and storage requirements.,Direct procurement outreach; channel reseller agreements; referral incentives,0,119680556,783638,7 months,rejected
RiverTransit,RiverTransit is preparing a commercial platform connected to claims intake within the edtech sector and is seeking funding to complete product development and marketing activities.,edtech,idea,5965434,USD,Businesses involved in claims intake often mention administrative inefficiencies but purchasing priorities remain inconsistent.,insurance brokers,The company references a large international customer base without quantified segmentation,RiverTransit plans to introduce a platform related to claims intake with a combination of automation features and reporting tools for commercial users.,Deployment architecture supports intermittent connectivity environments common across secondary markets.,Management believes the market remains open to new entrants without significant barriers.,Annual platform subscriptions; implementation services; support retainers,Tiered annual contracts priced according to active accounts and processing volume.,Pilot deployments with anchor customers; sector trade events; executive referrals,5436,51854883,596468,2 months,rejected
SignalHealth,SignalHealth is preparing a commercial platform connected to cross-border payment reconciliation within the legaltech sector and is seeking funding to complete product development and marketing activities.,legaltech,idea,1319236,USD,"The current environment around cross-border payment reconciliation appears difficult for some operators, though quantitative benchmarks are limited.",regional freight operators,Leadership expects long-term expansion as adoption of software tools increases,SignalHealth plans to introduce a platform related to cross-border payment reconciliation with a combination of automation features and reporting tools for commercial users.,The platform incorporates sector-specific compliance workflows rarely supported by horizontal software vendors.,The business intends to establish brand recognition following product launch activities.,Subscription contracts; onboarding fees; API access charges,Tiered annual contracts priced according to active accounts and processing volume.,Industry association partnerships; outbound enterprise sales; regional conferences,13335,76432492,765444,7 months,rejected
ApexBridge,ApexBridge develops operational software for warehouse operators managing fleet scheduling. The company is raising capital to expand enterprise integrations and scale regional sales operations.,healthtech,idea,7886654,SGD,"Independent warehouse operators rely on fragmented fleet scheduling workflows, resulting in delayed reporting cycles and unresolved transaction discrepancies.",warehouse operators,$53.0B estimated annual addressable spend across 25 national markets,"ApexBridge provides a cloud platform that centralizes fleet scheduling, connects external data feeds, and automates exception handling through configurable workflows.",Historical benchmarking data collected from pilot customers enables risk scoring unavailable through standard ERP systems.,The founding team previously managed operational infrastructure within the target industry and secured early reference accounts.,Usage-based billing; premium analytics modules; integration retainers,Enterprise licensing agreements negotiated on multi-year procurement cycles.,Pilot deployments with anchor customers; sector trade events; executive referrals,1821722,7286888,302117,19 months,approved
BlueBridge,BlueBridge is preparing a commercial platform connected to credential verification within the fintech sector and is seeking funding to complete product development and marketing activities.,fintech,series-a,3281008,GBP,"The current environment around credential verification appears difficult for some operators, though quantitative benchmarks are limited.",vocational training providers,Leadership expects long-term expansion as adoption of software tools increases,BlueBridge plans to introduce a platform related to credential verification with a combination of automation features and reporting tools for commercial users.,The platform incorporates sector-specific compliance workflows rarely supported by horizontal software vendors.,The business intends to establish brand recognition following product launch activities.,Annual platform subscriptions; implementation services; support retainers,Usage-based pricing indexed to transaction activity and storage requirements.,Direct procurement outreach; channel reseller agreements; referral incentives,9040,89704159,587717,5 months,rejected
VectorAnalytics,VectorAnalytics is preparing a commercial platform connected to tenant documentation within the ecommerce sector and is seeking funding to complete product development and marketing activities.,ecommerce,series-a,462450,SGD,"The current environment around tenant documentation appears difficult for some operators, though quantitative benchmarks are limited.",property managers,Management estimates the market opportunity to be substantial across multiple regions,VectorAnalytics plans to introduce a platform related to tenant documentation with a combination of automation features and reporting tools for commercial users.,Historical benchmarking data collected from pilot customers enables risk scoring unavailable through standard ERP systems.,"Several competitors operate in adjacent categories, though management expects demand to expand over time.",Annual platform subscriptions; implementation services; support retainers,Usage-based pricing indexed to transaction activity and storage requirements.,Targeted account-based marketing; implementation partners; compliance webinars,0,88346656,810457,5 months,rejected
RiverTransit,RiverTransit is preparing a commercial platform connected to patient referral management within the cleantech sector and is seeking funding to complete product development and marketing activities.,cleantech,series-a,5897168,GBP,"municipal clinics face ongoing coordination challenges related to patient referral management, although the scale of the issue varies across regions.",municipal clinics,Management estimates the market opportunity to be substantial across multiple regions,RiverTransit plans to introduce a platform related to patient referral management with a combination of automation features and reporting tools for commercial users.,Deployment architecture supports intermittent connectivity environments common across secondary markets.,The company expects product flexibility to support future differentiation as the market evolves.,Usage-based billing; premium analytics modules; integration retainers,Tiered annual contracts priced according to active accounts and processing volume.,Targeted account-based marketing; implementation partners; compliance webinars,13243,68183313,810548,2 months,rejected
AtlasHealth,AtlasHealth develops operational software for warehouse operators managing fleet scheduling. The company is raising capital to expand enterprise integrations and scale regional sales operations.,healthtech,idea,1907869,AED,"Independent warehouse operators rely on fragmented fleet scheduling workflows, resulting in delayed reporting cycles and unresolved transaction discrepancies.",warehouse operators,$72.7B estimated annual addressable spend across 23 national markets,"AtlasHealth provides a cloud platform that centralizes fleet scheduling, connects external data feeds, and automates exception handling through configurable workflows.",Native integrations with regional financial and regulatory systems reduce migration friction for enterprise clients.,The founding team previously managed operational infrastructure within the target industry and secured early reference accounts.,Subscription contracts; onboarding fees; API access charges,Enterprise licensing agreements negotiated on multi-year procurement cycles.,Pilot deployments with anchor customers; sector trade events; executive referrals,570911,3425466,102594,24 months,approved
BlueTransit,BlueTransit is preparing a commercial platform connected to fleet scheduling within the cleantech sector and is seeking funding to complete product development and marketing activities.,cleantech,idea,6985404,GBP,"warehouse operators face ongoing coordination challenges related to fleet scheduling, although the scale of the issue varies across regions.",warehouse operators,Management estimates the market opportunity to be substantial across multiple regions,BlueTransit plans to introduce a platform related to fleet scheduling with a combination of automation features and reporting tools for commercial users.,Historical benchmarking data collected from pilot customers enables risk scoring unavailable through standard ERP systems.,The business intends to establish brand recognition following product launch activities.,Annual platform subscriptions; implementation services; support retainers,Usage-based pricing indexed to transaction activity and storage requirements.,Direct procurement outreach; channel reseller agreements; referral incentives,0,20980059,426702,3 months,rejected
NorthCloud,NorthCloud is preparing a commercial platform connected to tenant documentation within the edtech sector and is seeking funding to complete product development and marketing activities.,edtech,series-a,937812,GBP,"property managers face ongoing coordination challenges related to tenant documentation, although the scale of the issue varies across regions.",property managers,Leadership expects long-term expansion as adoption of software tools increases,NorthCloud plans to introduce a platform related to tenant documentation with a combination of automation features and reporting tools for commercial users.,Native integrations with regional financial and regulatory systems reduce migration friction for enterprise clients.,Management believes the market remains open to new entrants without significant barriers.,Transaction commissions; enterprise licensing; compliance reporting services,Usage-based pricing indexed to transaction activity and storage requirements.,Pilot deployments with anchor customers; sector trade events; executive referrals,4150,39815704,193239,7 months,rejected
RiverFlow,RiverFlow develops operational software for regional freight operators managing cross-border payment reconciliation. The company is raising capital to expand enterprise integrations and scale regional sales operations.,proptech,idea,5090069,GBP,"regional freight operators continue to manage cross-border payment reconciliation through spreadsheets and email coordination, increasing operating losses and compliance exposure.",regional freight operators,$55.8B estimated annual addressable spend across 22 national markets,"RiverFlow provides a cloud platform that centralizes cross-border payment reconciliation, connects external data feeds, and automates exception handling through configurable workflows.",Native integrations with regional financial and regulatory systems reduce migration friction for enterprise clients.,The founding team previously managed operational infrastructure within the target industry and secured early reference accounts.,Transaction commissions; enterprise licensing; compliance reporting services,Monthly subscription structure combined with one-time deployment charges.,Targeted account-based marketing; implementation partners; compliance webinars,305765,2446120,102789,16 months,approved
ApexTransit,ApexTransit develops operational software for vocational training providers managing credential verification. The company is raising capital to expand enterprise integrations and scale regional sales operations.,healthtech,series-a,4343398,EUR,"Independent vocational training providers rely on fragmented credential verification workflows, resulting in delayed reporting cycles and unresolved transaction discrepancies.",vocational training providers,$52.1B estimated annual addressable spend across 25 national markets,"ApexTransit provides a cloud platform that centralizes credential verification, connects external data feeds, and automates exception handling through configurable workflows.",Historical benchmarking data collected from pilot customers enables risk scoring unavailable through standard ERP systems.,Multi-year integration relationships with incumbent vendors create switching barriers for competing entrants.,Transaction commissions; enterprise licensing; compliance reporting services,Enterprise licensing agreements negotiated on multi-year procurement cycles.,Targeted account-based marketing; implementation partners; compliance webinars,2208194,13249164,58505,20 months,approved
ApexBase,ApexBase develops operational software for retail distributors managing inventory forecasting. The company is raising capital to expand enterprise integrations and scale regional sales operations.,fintech,idea,2776348,AED,"Independent retail distributors rely on fragmented inventory forecasting workflows, resulting in delayed reporting cycles and unresolved transaction discrepancies.",retail distributors,$53.0B estimated annual addressable spend across 15 national markets,"ApexBase provides a cloud platform that centralizes inventory forecasting, connects external data feeds, and automates exception handling through configurable workflows.",Native integrations with regional financial and regulatory systems reduce migration friction for enterprise clients.,Existing distribution agreements with sector operators provide direct access to procurement teams across three countries.,Transaction commissions; enterprise licensing; compliance reporting services,Tiered annual contracts priced according to active accounts and processing volume.,Pilot deployments with anchor customers; sector trade events; executive referrals,714924,5004468,145916,27 months,approved
AtlasHealth,AtlasHealth is preparing a commercial platform connected to cross-border payment reconciliation within the agritech sector and is seeking funding to complete product development and marketing activities.,agritech,pre-seed,1461894,EUR,"The current environment around cross-border payment reconciliation appears difficult for some operators, though quantitative benchmarks are limited.",regional freight operators,Internal assumptions suggest broad demand among digital businesses,AtlasHealth plans to introduce a platform related to cross-border payment reconciliation with a combination of automation features and reporting tools for commercial users.,Deployment architecture supports intermittent connectivity environments common across secondary markets.,Management believes the market remains open to new entrants without significant barriers.,Subscription contracts; onboarding fees; API access charges,Enterprise licensing agreements negotiated on multi-year procurement cycles.,Pilot deployments with anchor customers; sector trade events; executive referrals,13670,33587924,241721,4 months,rejected
OakPilot,OakPilot is preparing a commercial platform connected to maintenance dispatch within the cleantech sector and is seeking funding to complete product development and marketing activities.,cleantech,idea,1008770,EUR,"solar installers face ongoing coordination challenges related to maintenance dispatch, although the scale of the issue varies across regions.",solar installers,Internal assumptions suggest broad demand among digital businesses,OakPilot plans to introduce a platform related to maintenance dispatch with a combination of automation features and reporting tools for commercial users.,The platform incorporates sector-specific compliance workflows rarely supported by horizontal software vendors.,The business intends to establish brand recognition following product launch activities.,Transaction commissions; enterprise licensing; compliance reporting services,Enterprise licensing agreements negotiated on multi-year procurement cycles.,Targeted account-based marketing; implementation partners; compliance webinars,2633,103128480,317454,4 months,rejected
RedwoodChain,RedwoodChain develops operational software for regional freight operators managing cross-border payment reconciliation. The company is raising capital to expand enterprise integrations and scale regional sales operations.,logistics,seed,1596378,EUR,"Independent regional freight operators rely on fragmented cross-border payment reconciliation workflows, resulting in delayed reporting cycles and unresolved transaction discrepancies.",regional freight operators,$18.3B estimated annual addressable spend across 22 national markets,"RedwoodChain provides a cloud platform that centralizes cross-border payment reconciliation, connects external data feeds, and automates exception handling through configurable workflows.",Historical benchmarking data collected from pilot customers enables risk scoring unavailable through standard ERP systems.,Multi-year integration relationships with incumbent vendors create switching barriers for competing entrants.,Usage-based billing; premium analytics modules; integration retainers,Tiered annual contracts priced according to active accounts and processing volume.,Targeted account-based marketing; implementation partners; compliance webinars,2206219,11031095,161733,21 months,approved
PeakLogic,PeakLogic develops operational software for warehouse operators managing fleet scheduling. The company is raising capital to expand enterprise integrations and scale regional sales operations.,edtech,pre-seed,4621315,EUR,"warehouse operators continue to manage fleet scheduling through spreadsheets and email coordination, increasing operating losses and compliance exposure.",warehouse operators,$13.0B estimated annual addressable spend across 16 national markets,"PeakLogic provides a cloud platform that centralizes fleet scheduling, connects external data feeds, and automates exception handling through configurable workflows.",Native integrations with regional financial and regulatory systems reduce migration friction for enterprise clients.,Multi-year integration relationships with incumbent vendors create switching barriers for competing entrants.,Transaction commissions; enterprise licensing; compliance reporting services,Monthly subscription structure combined with one-time deployment charges.,Targeted account-based marketing; implementation partners; compliance webinars,347402,1042206,161318,23 months,approved
VectorBridge,VectorBridge develops operational software for grain cooperatives managing crop procurement tracking. The company is raising capital to expand enterprise integrations and scale regional sales operations.,fintech,seed,477632,USD,"Companies handling crop procurement tracking lack integrated visibility across suppliers, regulators, and internal systems, creating avoidable operational costs.",grain cooperatives,$19.1B estimated annual addressable spend across 18 national markets,"VectorBridge provides a cloud platform that centralizes crop procurement tracking, connects external data feeds, and automates exception handling through configurable workflows.",Native integrations with regional financial and regulatory systems reduce migration friction for enterprise clients.,The founding team previously managed operational infrastructure within the target industry and secured early reference accounts.,Subscription contracts; onboarding fees; API access charges,Monthly subscription structure combined with one-time deployment charges.,Industry association partnerships; outbound enterprise sales; regional conferences,1943555,13604885,207706,23 months,approved
HarborSystems,HarborSystems develops operational software for mid-sized law firms managing contract review. The company is raising capital to expand enterprise integrations and scale regional sales operations.,cleantech,series-a,1706922,SGD,"Independent mid-sized law firms rely on fragmented contract review workflows, resulting in delayed reporting cycles and unresolved transaction discrepancies.",mid-sized law firms,$84.0B estimated annual addressable spend across 18 national markets,"HarborSystems provides a cloud platform that centralizes contract review, connects external data feeds, and automates exception handling through configurable workflows.",The platform incorporates sector-specific compliance workflows rarely supported by horizontal software vendors.,The founding team previously managed operational infrastructure within the target industry and secured early reference accounts.,Usage-based billing; premium analytics modules; integration retainers,Monthly subscription structure combined with one-time deployment charges.,Targeted account-based marketing; implementation partners; compliance webinars,1607032,12856256,335242,19 months,approved
GranitePilot,GranitePilot develops operational software for vocational training providers managing credential verification. The company is raising capital to expand enterprise integrations and scale regional sales operations.,proptech,series-a,988640,AED,"Independent vocational training providers rely on fragmented credential verification workflows, resulting in delayed reporting cycles and unresolved transaction discrepancies.",vocational training providers,$40.4B estimated annual addressable spend across 15 national markets,"GranitePilot provides a cloud platform that centralizes credential verification, connects external data feeds, and automates exception handling through configurable workflows.",Native integrations with regional financial and regulatory systems reduce migration friction for enterprise clients.,Exclusive access to proprietary operational datasets improves forecasting accuracy during onboarding.,Annual platform subscriptions; implementation services; support retainers,Usage-based pricing indexed to transaction activity and storage requirements.,Industry association partnerships; outbound enterprise sales; regional conferences,1563508,4690524,39952,19 months,approved
ApexPilot,ApexPilot is preparing a commercial platform connected to patient referral management within the saas sector and is seeking funding to complete product development and marketing activities.,saas,pre-seed,4341909,AED,"The current environment around patient referral management appears difficult for some operators, though quantitative benchmarks are limited.",municipal clinics,Leadership expects long-term expansion as adoption of software tools increases,ApexPilot plans to introduce a platform related to patient referral management with a combination of automation features and reporting tools for commercial users.,Deployment architecture supports intermittent connectivity environments common across secondary markets.,The company expects product flexibility to support future differentiation as the market evolves.,Subscription contracts; onboarding fees; API access charges,Usage-based pricing indexed to transaction activity and storage requirements.,Industry association partnerships; outbound enterprise sales; regional conferences,0,89134608,667102,4 months,rejected
RedwoodSync,RedwoodSync is preparing a commercial platform connected to patient referral management within the proptech sector and is seeking funding to complete product development and marketing activities.,proptech,idea,7407440,EUR,Businesses involved in patient referral management often mention administrative inefficiencies but purchasing priorities remain inconsistent.,municipal clinics,Management estimates the market opportunity to be substantial across multiple regions,RedwoodSync plans to introduce a platform related to patient referral management with a combination of automation features and reporting tools for commercial users.,Deployment architecture supports intermittent connectivity environments common across secondary markets.,"Several competitors operate in adjacent categories, though management expects demand to expand over time.",Transaction commissions; enterprise licensing; compliance reporting services,Tiered annual contracts priced according to active accounts and processing volume.,Pilot deployments with anchor customers; sector trade events; executive referrals,13744,109999837,152260,4 months,rejected
VectorHealth,VectorHealth is preparing a commercial platform connected to maintenance dispatch within the healthtech sector and is seeking funding to complete product development and marketing activities.,healthtech,pre-seed,687670,SGD,Businesses involved in maintenance dispatch often mention administrative inefficiencies but purchasing priorities remain inconsistent.,solar installers,Management estimates the market opportunity to be substantial across multiple regions,VectorHealth plans to introduce a platform related to maintenance dispatch with a combination of automation features and reporting tools for commercial users.,The platform incorporates sector-specific compliance workflows rarely supported by horizontal software vendors.,"Several competitors operate in adjacent categories, though management expects demand to expand over time.",Transaction commissions; enterprise licensing; compliance reporting services,Tiered annual contracts priced according to active accounts and processing volume.,Industry association partnerships; outbound enterprise sales; regional conferences,9328,112764848,554217,8 months,rejected
VectorChain,VectorChain develops operational software for retail distributors managing inventory forecasting. The company is raising capital to expand enterprise integrations and scale regional sales operations.,logistics,seed,4950216,AED,"Independent retail distributors rely on fragmented inventory forecasting workflows, resulting in delayed reporting cycles and unresolved transaction discrepancies.",retail distributors,$19.6B estimated annual addressable spend across 25 national markets,"VectorChain provides a cloud platform that centralizes inventory forecasting, connects external data feeds, and automates exception handling through configurable workflows.",The platform incorporates sector-specific compliance workflows rarely supported by horizontal software vendors.,Multi-year integration relationships with incumbent vendors create switching barriers for competing entrants.,Usage-based billing; premium analytics modules; integration retainers,Usage-based pricing indexed to transaction activity and storage requirements.,Pilot deployments with anchor customers; sector trade events; executive referrals,1548164,6192656,124916,17 months,approved
PeakHealth,PeakHealth is preparing a commercial platform connected to maintenance dispatch within the cleantech sector and is seeking funding to complete product development and marketing activities.,cleantech,seed,4224642,SGD,"solar installers face ongoing coordination challenges related to maintenance dispatch, although the scale of the issue varies across regions.",solar installers,Leadership expects long-term expansion as adoption of software tools increases,PeakHealth plans to introduce a platform related to maintenance dispatch with a combination of automation features and reporting tools for commercial users.,Deployment architecture supports intermittent connectivity environments common across secondary markets.,The business intends to establish brand recognition following product launch activities.,Usage-based billing; premium analytics modules; integration retainers,Usage-based pricing indexed to transaction activity and storage requirements.,Pilot deployments with anchor customers; sector trade events; executive referrals,0,68596086,411289,2 months,rejected
HarborSystems,HarborSystems is preparing a commercial platform connected to patient referral management within the fintech sector and is seeking funding to complete product development and marketing activities.,fintech,series-a,7422941,EUR,Businesses involved in patient referral management often mention administrative inefficiencies but purchasing priorities remain inconsistent.,municipal clinics,Management estimates the market opportunity to be substantial across multiple regions,HarborSystems plans to introduce a platform related to patient referral management with a combination of automation features and reporting tools for commercial users.,Deployment architecture supports intermittent connectivity environments common across secondary markets.,The business intends to establish brand recognition following product launch activities.,Subscription contracts; onboarding fees; API access charges,Monthly subscription structure combined with one-time deployment charges.,Industry association partnerships; outbound enterprise sales; regional conferences,11501,24772936,492353,3 months,rejected
HarborBase,HarborBase develops operational software for retail distributors managing inventory forecasting. The company is raising capital to expand enterprise integrations and scale regional sales operations.,edtech,pre-seed,5553276,EUR,"Companies handling inventory forecasting lack integrated visibility across suppliers, regulators, and internal systems, creating avoidable operational costs.",retail distributors,$53.5B estimated annual addressable spend across 21 national markets,"HarborBase provides a cloud platform that centralizes inventory forecasting, connects external data feeds, and automates exception handling through configurable workflows.",Native integrations with regional financial and regulatory systems reduce migration friction for enterprise clients.,The founding team previously managed operational infrastructure within the target industry and secured early reference accounts.,Subscription contracts; onboarding fees; API access charges,Tiered annual contracts priced according to active accounts and processing volume.,Pilot deployments with anchor customers; sector trade events; executive referrals,1452772,7263860,257510,23 months,approved
BlueLabs,BlueLabs develops operational software for vocational training providers managing credential verification. The company is raising capital to expand enterprise integrations and scale regional sales operations.,edtech,series-a,6200782,USD,"Independent vocational training providers rely on fragmented credential verification workflows, resulting in delayed reporting cycles and unresolved transaction discrepancies.",vocational training providers,$46.4B estimated annual addressable spend across 3 national markets,"BlueLabs provides a cloud platform that centralizes credential verification, connects external data feeds, and automates exception handling through configurable workflows.",The platform incorporates sector-specific compliance workflows rarely supported by horizontal software vendors.,Multi-year integration relationships with incumbent vendors create switching barriers for competing entrants.,Usage-based billing; premium analytics modules; integration retainers,Enterprise licensing agreements negotiated on multi-year procurement cycles.,Direct procurement outreach; channel reseller agreements; referral incentives,572777,4582216,164041,28 months,approved
RedwoodLogic,RedwoodLogic develops operational software for solar installers managing maintenance dispatch. The company is raising capital to expand enterprise integrations and scale regional sales operations.,fintech,idea,1407739,GBP,"Companies handling maintenance dispatch lack integrated visibility across suppliers, regulators, and internal systems, creating avoidable operational costs.",solar installers,$5.6B estimated annual addressable spend across 15 national markets,"RedwoodLogic provides a cloud platform that centralizes maintenance dispatch, connects external data feeds, and automates exception handling through configurable workflows.",Historical benchmarking data collected from pilot customers enables risk scoring unavailable through standard ERP systems.,The founding team previously managed operational infrastructure within the target industry and secured early reference accounts.,Usage-based billing; premium analytics modules; integration retainers,Usage-based pricing indexed to transaction activity and storage requirements.,Industry association partnerships; outbound enterprise sales; regional conferences,1937655,7750620,208109,20 months,approved
CinderMetrics,CinderMetrics develops operational software for insurance brokers managing claims intake. The company is raising capital to expand enterprise integrations and scale regional sales operations.,ecommerce,series-a,1071282,EUR,"Independent insurance brokers rely on fragmented claims intake workflows, resulting in delayed reporting cycles and unresolved transaction discrepancies.",insurance brokers,$31.6B estimated annual addressable spend across 12 national markets,"CinderMetrics provides a cloud platform that centralizes claims intake, connects external data feeds, and automates exception handling through configurable workflows.",The platform incorporates sector-specific compliance workflows rarely supported by horizontal software vendors.,Multi-year integration relationships with incumbent vendors create switching barriers for competing entrants.,Annual platform subscriptions; implementation services; support retainers,Tiered annual contracts priced according to active accounts and processing volume.,Industry association partnerships; outbound enterprise sales; regional conferences,1907587,5722761,79932,17 months,approved
BlueChain,BlueChain develops operational software for regional freight operators managing cross-border payment reconciliation. The company is raising capital to expand enterprise integrations and scale regional sales operations.,proptech,seed,768939,SGD,"regional freight operators continue to manage cross-border payment reconciliation through spreadsheets and email coordination, increasing operating losses and compliance exposure.",regional freight operators,$87.3B estimated annual addressable spend across 15 national markets,"BlueChain provides a cloud platform that centralizes cross-border payment reconciliation, connects external data feeds, and automates exception handling through configurable workflows.",Deployment architecture supports intermittent connectivity environments common across secondary markets.,Multi-year integration relationships with incumbent vendors create switching barriers for competing entrants.,Annual platform subscriptions; implementation services; support retainers,Usage-based pricing indexed to transaction activity and storage requirements.,Pilot deployments with anchor customers; sector trade events; executive referrals,806283,4837698,183325,12 months,approved
BlueMarkets,BlueMarkets develops operational software for vocational training providers managing credential verification. The company is raising capital to expand enterprise integrations and scale regional sales operations.,edtech,pre-seed,1141300,USD,"Companies handling credential verification lack integrated visibility across suppliers, regulators, and internal systems, creating avoidable operational costs.",vocational training providers,$69.5B estimated annual addressable spend across 12 national markets,"BlueMarkets provides a cloud platform that centralizes credential verification, connects external data feeds, and automates exception handling through configurable workflows.",The platform incorporates sector-specific compliance workflows rarely supported by horizontal software vendors.,Multi-year integration relationships with incumbent vendors create switching barriers for competing entrants.,Subscription contracts; onboarding fees; API access charges,Enterprise licensing agreements negotiated on multi-year procurement cycles.,Industry association partnerships; outbound enterprise sales; regional conferences,1162104,5810520,224949,23 months,approved
CobaltCapital,CobaltCapital develops operational software for vocational training providers managing credential verification. The company is raising capital to expand enterprise integrations and scale regional sales operations.,saas,seed,3662147,GBP,"vocational training providers continue to manage credential verification through spreadsheets and email coordination, increasing operating losses and compliance exposure.",vocational training providers,$88.3B estimated annual addressable spend across 20 national markets,"CobaltCapital provides a cloud platform that centralizes credential verification, connects external data feeds, and automates exception handling through configurable workflows.",Historical benchmarking data collected from pilot customers enables risk scoring unavailable through standard ERP systems.,Multi-year integration relationships with incumbent vendors create switching barriers for competing entrants.,Subscription contracts; onboarding fees; API access charges,Monthly subscription structure combined with one-time deployment charges.,Pilot deployments with anchor customers; sector trade events; executive referrals,274478,1646868,241024,16 months,approved
CobaltChain,CobaltChain develops operational software for grain cooperatives managing crop procurement tracking. The company is raising capital to expand enterprise integrations and scale regional sales operations.,edtech,pre-seed,4566216,SGD,"grain cooperatives continue to manage crop procurement tracking through spreadsheets and email coordination, increasing operating losses and compliance exposure.",grain cooperatives,$37.4B estimated annual addressable spend across 23 national markets,"CobaltChain provides a cloud platform that centralizes crop procurement tracking, connects external data feeds, and automates exception handling through configurable workflows.",The platform incorporates sector-specific compliance workflows rarely supported by horizontal software vendors.,Exclusive access to proprietary operational datasets improves forecasting accuracy during onboarding.,Annual platform subscriptions; implementation services; support retainers,Monthly subscription structure combined with one-time deployment charges.,Targeted account-based marketing; implementation partners; compliance webinars,58147,407029,232395,15 months,approved
LatticeCapital,LatticeCapital is preparing a commercial platform connected to cross-border payment reconciliation within the agritech sector and is seeking funding to complete product development and marketing activities.,agritech,pre-seed,4690221,USD,"regional freight operators face ongoing coordination challenges related to cross-border payment reconciliation, although the scale of the issue varies across regions.",regional freight operators,Internal assumptions suggest broad demand among digital businesses,LatticeCapital plans to introduce a platform related to cross-border payment reconciliation with a combination of automation features and reporting tools for commercial users.,Deployment architecture supports intermittent connectivity environments common across secondary markets.,"Several competitors operate in adjacent categories, though management expects demand to expand over time.",Usage-based billing; premium analytics modules; integration retainers,Usage-based pricing indexed to transaction activity and storage requirements.,Direct procurement outreach; channel reseller agreements; referral incentives,10651,9593048,656561,3 months,rejected
AtlasLedger,AtlasLedger is preparing a commercial platform connected to tenant documentation within the fintech sector and is seeking funding to complete product development and marketing activities.,fintech,series-a,271863,SGD,Businesses involved in tenant documentation often mention administrative inefficiencies but purchasing priorities remain inconsistent.,property managers,The company references a large international customer base without quantified segmentation,AtlasLedger plans to introduce a platform related to tenant documentation with a combination of automation features and reporting tools for commercial users.,Deployment architecture supports intermittent connectivity environments common across secondary markets.,Management believes the market remains open to new entrants without significant barriers.,Usage-based billing; premium analytics modules; integration retainers,Monthly subscription structure combined with one-time deployment charges.,Pilot deployments with anchor customers; sector trade events; executive referrals,0,80350379,797370,4 months,rejected
RiverBase,RiverBase is preparing a commercial platform connected to credential verification within the saas sector and is seeking funding to complete product development and marketing activities.,saas,seed,3256416,GBP,"vocational training providers face ongoing coordination challenges related to credential verification, although the scale of the issue varies across regions.",vocational training providers,Leadership expects long-term expansion as adoption of software tools increases,RiverBase plans to introduce a platform related to credential verification with a combination of automation features and reporting tools for commercial users.,The platform incorporates sector-specific compliance workflows rarely supported by horizontal software vendors.,The company expects product flexibility to support future differentiation as the market evolves.,Subscription contracts; onboarding fees; API access charges,Usage-based pricing indexed to transaction activity and storage requirements.,Targeted account-based marketing; implementation partners; compliance webinars,0,83321066,193928,8 months,rejected
AtlasGrid,AtlasGrid develops operational software for mid-sized law firms managing contract review. The company is raising capital to expand enterprise integrations and scale regional sales operations.,legaltech,seed,7312025,SGD,"mid-sized law firms continue to manage contract review through spreadsheets and email coordination, increasing operating losses and compliance exposure.",mid-sized law firms,$83.0B estimated annual addressable spend across 5 national markets,"AtlasGrid provides a cloud platform that centralizes contract review, connects external data feeds, and automates exception handling through configurable workflows.",The platform incorporates sector-specific compliance workflows rarely supported by horizontal software vendors.,The founding team previously managed operational infrastructure within the target industry and secured early reference accounts.,Subscription contracts; onboarding fees; API access charges,Enterprise licensing agreements negotiated on multi-year procurement cycles.,Pilot deployments with anchor customers; sector trade events; executive referrals,1815973,5447919,329649,24 months,approved
RiverBridge,RiverBridge develops operational software for mid-sized law firms managing contract review. The company is raising capital to expand enterprise integrations and scale regional sales operations.,legaltech,seed,6357814,SGD,"Companies handling contract review lack integrated visibility across suppliers, regulators, and internal systems, creating avoidable operational costs.",mid-sized law firms,$71.1B estimated annual addressable spend across 5 national markets,"RiverBridge provides a cloud platform that centralizes contract review, connects external data feeds, and automates exception handling through configurable workflows.",Deployment architecture supports intermittent connectivity environments common across secondary markets.,Exclusive access to proprietary operational datasets improves forecasting accuracy during onboarding.,Transaction commissions; enterprise licensing; compliance reporting services,Usage-based pricing indexed to transaction activity and storage requirements.,Targeted account-based marketing; implementation partners; compliance webinars,175166,525498,280817,15 months,approved
BlueGrid,BlueGrid develops operational software for regional freight operators managing cross-border payment reconciliation. The company is raising capital to expand enterprise integrations and scale regional sales operations.,cleantech,pre-seed,3792868,USD,"Companies handling cross-border payment reconciliation lack integrated visibility across suppliers, regulators, and internal systems, creating avoidable operational costs.",regional freight operators,$84.1B estimated annual addressable spend across 5 national markets,"BlueGrid provides a cloud platform that centralizes cross-border payment reconciliation, connects external data feeds, and automates exception handling through configurable workflows.",Deployment architecture supports intermittent connectivity environments common across secondary markets.,Exclusive access to proprietary operational datasets improves forecasting accuracy during onboarding.,Transaction commissions; enterprise licensing; compliance reporting services,Usage-based pricing indexed to transaction activity and storage requirements.,Industry association partnerships; outbound enterprise sales; regional conferences,2041835,10209175,236075,12 months,approved
DeltaPilot,DeltaPilot develops operational software for property managers managing tenant documentation. The company is raising capital to expand enterprise integrations and scale regional sales operations.,healthtech,idea,2677212,EUR,"Independent property managers rely on fragmented tenant documentation workflows, resulting in delayed reporting cycles and unresolved transaction discrepancies.",property managers,$77.4B estimated annual addressable spend across 20 national markets,"DeltaPilot provides a cloud platform that centralizes tenant documentation, connects external data feeds, and automates exception handling through configurable workflows.",The platform incorporates sector-specific compliance workflows rarely supported by horizontal software vendors.,Existing distribution agreements with sector operators provide direct access to procurement teams across three countries.,Annual platform subscriptions; implementation services; support retainers,Usage-based pricing indexed to transaction activity and storage requirements.,Targeted account-based marketing; implementation partners; compliance webinars,1876745,5630235,242448,21 months,approved
OakBase,OakBase develops operational software for warehouse operators managing fleet scheduling. The company is raising capital to expand enterprise integrations and scale regional sales operations.,saas,series-a,5572412,EUR,"Independent warehouse operators rely on fragmented fleet scheduling workflows, resulting in delayed reporting cycles and unresolved transaction discrepancies.",warehouse operators,$38.3B estimated annual addressable spend across 24 national markets,"OakBase provides a cloud platform that centralizes fleet scheduling, connects external data feeds, and automates exception handling through configurable workflows.",Deployment architecture supports intermittent connectivity environments common across secondary markets.,Exclusive access to proprietary operational datasets improves forecasting accuracy during onboarding.,Transaction commissions; enterprise licensing; compliance reporting services,Monthly subscription structure combined with one-time deployment charges.,Industry association partnerships; outbound enterprise sales; regional conferences,1258453,7550718,27701,22 months,approved
VectorSync,VectorSync develops operational software for municipal clinics managing patient referral management. The company is raising capital to expand enterprise integrations and scale regional sales operations.,ecommerce,pre-seed,5832723,GBP,"municipal clinics continue to manage patient referral management through spreadsheets and email coordination, increasing operating losses and compliance exposure.",municipal clinics,$5.5B estimated annual addressable spend across 18 national markets,"VectorSync provides a cloud platform that centralizes patient referral management, connects external data feeds, and automates exception handling through configurable workflows.",The platform incorporates sector-specific compliance workflows rarely supported by horizontal software vendors.,Multi-year integration relationships with incumbent vendors create switching barriers for competing entrants.,Usage-based billing; premium analytics modules; integration retainers,Monthly subscription structure combined with one-time deployment charges.,Direct procurement outreach; channel reseller agreements; referral incentives,2368455,14210730,50711,27 months,approved
NorthTransit,NorthTransit is preparing a commercial platform connected to claims intake within the logistics sector and is seeking funding to complete product development and marketing activities.,logistics,pre-seed,7212570,SGD,"insurance brokers face ongoing coordination challenges related to claims intake, although the scale of the issue varies across regions.",insurance brokers,Leadership expects long-term expansion as adoption of software tools increases,NorthTransit plans to introduce a platform related to claims intake with a combination of automation features and reporting tools for commercial users.,The platform incorporates sector-specific compliance workflows rarely supported by horizontal software vendors.,"Several competitors operate in adjacent categories, though management expects demand to expand over time.",Usage-based billing; premium analytics modules; integration retainers,Tiered annual contracts priced according to active accounts and processing volume.,Pilot deployments with anchor customers; sector trade events; executive referrals,4554,16030326,776316,2 months,rejected
VectorLedger,VectorLedger develops operational software for regional freight operators managing cross-border payment reconciliation. The company is raising capital to expand enterprise integrations and scale regional sales operations.,edtech,pre-seed,217310,SGD,"regional freight operators continue to manage cross-border payment reconciliation through spreadsheets and email coordination, increasing operating losses and compliance exposure.",regional freight operators,$10.1B estimated annual addressable spend across 23 national markets,"VectorLedger provides a cloud platform that centralizes cross-border payment reconciliation, connects external data feeds, and automates exception handling through configurable workflows.",Deployment architecture supports intermittent connectivity environments common across secondary markets.,Existing distribution agreements with sector operators provide direct access to procurement teams across three countries.,Annual platform subscriptions; implementation services; support retainers,Tiered annual contracts priced according to active accounts and processing volume.,Targeted account-based marketing; implementation partners; compliance webinars,1751944,5255832,106546,23 months,approved
ApexMarkets,ApexMarkets is preparing a commercial platform connected to maintenance dispatch within the saas sector and is seeking funding to complete product development and marketing activities.,saas,series-a,4906665,AED,"The current environment around maintenance dispatch appears difficult for some operators, though quantitative benchmarks are limited.",solar installers,Management estimates the market opportunity to be substantial across multiple regions,ApexMarkets plans to introduce a platform related to maintenance dispatch with a combination of automation features and reporting tools for commercial users.,Deployment architecture supports intermittent connectivity environments common across secondary markets.,Management believes the market remains open to new entrants without significant barriers.,Annual platform subscriptions; implementation services; support retainers,Usage-based pricing indexed to transaction activity and storage requirements.,Direct procurement outreach; channel reseller agreements; referral incentives,0,35625598,360456,8 months,rejected
LatticeMetrics,LatticeMetrics develops operational software for solar installers managing maintenance dispatch. The company is raising capital to expand enterprise integrations and scale regional sales operations.,ecommerce,series-a,4567753,AED,"solar installers continue to manage maintenance dispatch through spreadsheets and email coordination, increasing operating losses and compliance exposure.",solar installers,$63.0B estimated annual addressable spend across 14 national markets,"LatticeMetrics provides a cloud platform that centralizes maintenance dispatch, connects external data feeds, and automates exception handling through configurable workflows.",The platform incorporates sector-specific compliance workflows rarely supported by horizontal software vendors.,Existing distribution agreements with sector operators provide direct access to procurement teams across three countries.,Usage-based billing; premium analytics modules; integration retainers,Tiered annual contracts priced according to active accounts and processing volume.,Direct procurement outreach; channel reseller agreements; referral incentives,1562872,12502976,164719,27 months,approved
IronSync,IronSync is preparing a commercial platform connected to credential verification within the edtech sector and is seeking funding to complete product development and marketing activities.,edtech,idea,454920,EUR,"vocational training providers face ongoing coordination challenges related to credential verification, although the scale of the issue varies across regions.",vocational training providers,The company references a large international customer base without quantified segmentation,IronSync plans to introduce a platform related to credential verification with a combination of automation features and reporting tools for commercial users.,Historical benchmarking data collected from pilot customers enables risk scoring unavailable through standard ERP systems.,Management believes the market remains open to new entrants without significant barriers.,Usage-based billing; premium analytics modules; integration retainers,Tiered annual contracts priced according to active accounts and processing volume.,Direct procurement outreach; channel reseller agreements; referral incentives,0,51543976,423660,8 months,rejected
VectorSystems,VectorSystems is preparing a commercial platform connected to crop procurement tracking within the ecommerce sector and is seeking funding to complete product development and marketing activities.,ecommerce,idea,7981366,SGD,"The current environment around crop procurement tracking appears difficult for some operators, though quantitative benchmarks are limited.",grain cooperatives,Management estimates the market opportunity to be substantial across multiple regions,VectorSystems plans to introduce a platform related to crop procurement tracking with a combination of automation features and reporting tools for commercial users.,Deployment architecture supports intermittent connectivity environments common across secondary markets.,The company expects product flexibility to support future differentiation as the market evolves.,Transaction commissions; enterprise licensing; compliance reporting services,Monthly subscription structure combined with one-time deployment charges.,Pilot deployments with anchor customers; sector trade events; executive referrals,0,64342844,588876,5 months,rejected
SignalHealth,SignalHealth develops operational software for property managers managing tenant documentation. The company is raising capital to expand enterprise integrations and scale regional sales operations.,agritech,pre-seed,296255,EUR,"Independent property managers rely on fragmented tenant documentation workflows, resulting in delayed reporting cycles and unresolved transaction discrepancies.",property managers,$69.8B estimated annual addressable spend across 21 national markets,"SignalHealth provides a cloud platform that centralizes tenant documentation, connects external data feeds, and automates exception handling through configurable workflows.",Native integrations with regional financial and regulatory systems reduce migration friction for enterprise clients.,The founding team previously managed operational infrastructure within the target industry and secured early reference accounts.,Subscription contracts; onboarding fees; API access charges,Enterprise licensing agreements negotiated on multi-year procurement cycles.,Direct procurement outreach; channel reseller agreements; referral incentives,619791,3098955,125649,16 months,approved
LatticePilot,LatticePilot develops operational software for solar installers managing maintenance dispatch. The company is raising capital to expand enterprise integrations and scale regional sales operations.,proptech,idea,3803959,SGD,"Companies handling maintenance dispatch lack integrated visibility across suppliers, regulators, and internal systems, creating avoidable operational costs.",solar installers,$15.5B estimated annual addressable spend across 4 national markets,"LatticePilot provides a cloud platform that centralizes maintenance dispatch, connects external data feeds, and automates exception handling through configurable workflows.",Native integrations with regional financial and regulatory systems reduce migration friction for enterprise clients.,Exclusive access to proprietary operational datasets improves forecasting accuracy during onboarding.,Annual platform subscriptions; implementation services; support retainers,Enterprise licensing agreements negotiated on multi-year procurement cycles.,Industry association partnerships; outbound enterprise sales; regional conferences,57054,171162,29708,30 months,approved
SummitPilot,SummitPilot is preparing a commercial platform connected to patient referral management within the ecommerce sector and is seeking funding to complete product development and marketing activities.,ecommerce,series-a,2818092,SGD,Businesses involved in patient referral management often mention administrative inefficiencies but purchasing priorities remain inconsistent.,municipal clinics,Internal assumptions suggest broad demand among digital businesses,SummitPilot plans to introduce a platform related to patient referral management with a combination of automation features and reporting tools for commercial users.,Historical benchmarking data collected from pilot customers enables risk scoring unavailable through standard ERP systems.,The company expects product flexibility to support future differentiation as the market evolves.,Subscription contracts; onboarding fees; API access charges,Enterprise licensing agreements negotiated on multi-year procurement cycles.,Pilot deployments with anchor customers; sector trade events; executive referrals,0,62249443,208551,4 months,rejected
ApexAnalytics,ApexAnalytics is preparing a commercial platform connected to maintenance dispatch within the logistics sector and is seeking funding to complete product development and marketing activities.,logistics,series-a,1106698,GBP,Businesses involved in maintenance dispatch often mention administrative inefficiencies but purchasing priorities remain inconsistent.,solar installers,Management estimates the market opportunity to be substantial across multiple regions,ApexAnalytics plans to introduce a platform related to maintenance dispatch with a combination of automation features and reporting tools for commercial users.,Historical benchmarking data collected from pilot customers enables risk scoring unavailable through standard ERP systems.,The business intends to establish brand recognition following product launch activities.,Usage-based billing; premium analytics modules; integration retainers,Tiered annual contracts priced according to active accounts and processing volume.,Targeted account-based marketing; implementation partners; compliance webinars,13179,68593826,330993,7 months,rejected
LatticeCloud,LatticeCloud is preparing a commercial platform connected to inventory forecasting within the fintech sector and is seeking funding to complete product development and marketing activities.,fintech,idea,2266237,EUR,"retail distributors face ongoing coordination challenges related to inventory forecasting, although the scale of the issue varies across regions.",retail distributors,Internal assumptions suggest broad demand among digital businesses,LatticeCloud plans to introduce a platform related to inventory forecasting with a combination of automation features and reporting tools for commercial users.,The platform incorporates sector-specific compliance workflows rarely supported by horizontal software vendors.,The company expects product flexibility to support future differentiation as the market evolves.,Usage-based billing; premium analytics modules; integration retainers,Tiered annual contracts priced according to active accounts and processing volume.,Industry association partnerships; outbound enterprise sales; regional conferences,0,22732055,296598,6 months,rejected
PioneerChain,PioneerChain develops operational software for warehouse operators managing fleet scheduling. The company is raising capital to expand enterprise integrations and scale regional sales operations.,proptech,idea,5724241,SGD,"Companies handling fleet scheduling lack integrated visibility across suppliers, regulators, and internal systems, creating avoidable operational costs.",warehouse operators,$53.6B estimated annual addressable spend across 23 national markets,"PioneerChain provides a cloud platform that centralizes fleet scheduling, connects external data feeds, and automates exception handling through configurable workflows.",Deployment architecture supports intermittent connectivity environments common across secondary markets.,Exclusive access to proprietary operational datasets improves forecasting accuracy during onboarding.,Subscription contracts; onboarding fees; API access charges,Monthly subscription structure combined with one-time deployment charges.,Industry association partnerships; outbound enterprise sales; regional conferences,1499018,4497054,81124,20 months,approved
CinderLogic,CinderLogic is preparing a commercial platform connected to contract review within the proptech sector and is seeking funding to complete product development and marketing activities.,proptech,seed,7796576,AED,"mid-sized law firms face ongoing coordination challenges related to contract review, although the scale of the issue varies across regions.",mid-sized law firms,Internal assumptions suggest broad demand among digital businesses,CinderLogic plans to introduce a platform related to contract review with a combination of automation features and reporting tools for commercial users.,The platform incorporates sector-specific compliance workflows rarely supported by horizontal software vendors.,The company expects product flexibility to support future differentiation as the market evolves.,Subscription contracts; onboarding fees; API access charges,Monthly subscription structure combined with one-time deployment charges.,Industry association partnerships; outbound enterprise sales; regional conferences,10636,36663504,154739,5 months,rejected
DeltaPilot,DeltaPilot develops operational software for solar installers managing maintenance dispatch. The company is raising capital to expand enterprise integrations and scale regional sales operations.,logistics,seed,3882650,GBP,"Independent solar installers rely on fragmented maintenance dispatch workflows, resulting in delayed reporting cycles and unresolved transaction discrepancies.",solar installers,$76.8B estimated annual addressable spend across 13 national markets,"DeltaPilot provides a cloud platform that centralizes maintenance dispatch, connects external data feeds, and automates exception handling through configurable workflows.",The platform incorporates sector-specific compliance workflows rarely supported by horizontal software vendors.,Existing distribution agreements with sector operators provide direct access to procurement teams across three countries.,Annual platform subscriptions; implementation services; support retainers,Monthly subscription structure combined with one-time deployment charges.,Direct procurement outreach; channel reseller agreements; referral incentives,1381068,4143204,249436,17 months,approved
PeakMetrics,PeakMetrics is preparing a commercial platform connected to credential verification within the logistics sector and is seeking funding to complete product development and marketing activities.,logistics,series-a,1110884,AED,"vocational training providers face ongoing coordination challenges related to credential verification, although the scale of the issue varies across regions.",vocational training providers,Leadership expects long-term expansion as adoption of software tools increases,PeakMetrics plans to introduce a platform related to credential verification with a combination of automation features and reporting tools for commercial users.,The platform incorporates sector-specific compliance workflows rarely supported by horizontal software vendors.,"Several competitors operate in adjacent categories, though management expects demand to expand over time.",Subscription contracts; onboarding fees; API access charges,Enterprise licensing agreements negotiated on multi-year procurement cycles.,Direct procurement outreach; channel reseller agreements; referral incentives,0,83933781,506626,7 months,rejected
NorthGrid,NorthGrid is preparing a commercial platform connected to inventory forecasting within the proptech sector and is seeking funding to complete product development and marketing activities.,proptech,series-a,3514308,USD,"retail distributors face ongoing coordination challenges related to inventory forecasting, although the scale of the issue varies across regions.",retail distributors,Leadership expects long-term expansion as adoption of software tools increases,NorthGrid plans to introduce a platform related to inventory forecasting with a combination of automation features and reporting tools for commercial users.,Deployment architecture supports intermittent connectivity environments common across secondary markets.,The company expects product flexibility to support future differentiation as the market evolves.,Transaction commissions; enterprise licensing; compliance reporting services,Monthly subscription structure combined with one-time deployment charges.,Direct procurement outreach; channel reseller agreements; referral incentives,424,43780536,551652,2 months,rejected
CobaltLogic,CobaltLogic develops operational software for property managers managing tenant documentation. The company is raising capital to expand enterprise integrations and scale regional sales operations.,logistics,series-a,1818435,GBP,"Companies handling tenant documentation lack integrated visibility across suppliers, regulators, and internal systems, creating avoidable operational costs.",property managers,$22.5B estimated annual addressable spend across 15 national markets,"CobaltLogic provides a cloud platform that centralizes tenant documentation, connects external data feeds, and automates exception handling through configurable workflows.",Deployment architecture supports intermittent connectivity environments common across secondary markets.,The founding team previously managed operational infrastructure within the target industry and secured early reference accounts.,Subscription contracts; onboarding fees; API access charges,Monthly subscription structure combined with one-time deployment charges.,Direct procurement outreach; channel reseller agreements; referral incentives,2097536,12585216,88575,22 months,approved
DeltaBridge,DeltaBridge is preparing a commercial platform connected to tenant documentation within the legaltech sector and is seeking funding to complete product development and marketing activities.,legaltech,idea,5879023,GBP,"property managers face ongoing coordination challenges related to tenant documentation, although the scale of the issue varies across regions.",property managers,Internal assumptions suggest broad demand among digital businesses,DeltaBridge plans to introduce a platform related to tenant documentation with a combination of automation features and reporting tools for commercial users.,Native integrations with regional financial and regulatory systems reduce migration friction for enterprise clients.,Management believes the market remains open to new entrants without significant barriers.,Subscription contracts; onboarding fees; API access charges,Usage-based pricing indexed to transaction activity and storage requirements.,Direct procurement outreach; channel reseller agreements; referral incentives,6563,5015831,522110,5 months,rejected
SignalFlow,SignalFlow develops operational software for regional freight operators managing cross-border payment reconciliation. The company is raising capital to expand enterprise integrations and scale regional sales operations.,logistics,series-a,1501472,EUR,"Companies handling cross-border payment reconciliation lack integrated visibility across suppliers, regulators, and internal systems, creating avoidable operational costs.",regional freight operators,$62.5B estimated annual addressable spend across 20 national markets,"SignalFlow provides a cloud platform that centralizes cross-border payment reconciliation, connects external data feeds, and automates exception handling through configurable workflows.",Native integrations with regional financial and regulatory systems reduce migration friction for enterprise clients.,Multi-year integration relationships with incumbent vendors create switching barriers for competing entrants.,Subscription contracts; onboarding fees; API access charges,Enterprise licensing agreements negotiated on multi-year procurement cycles.,Industry association partnerships; outbound enterprise sales; regional conferences,250407,2003256,205010,24 months,approved
CobaltBase,CobaltBase is preparing a commercial platform connected to cross-border payment reconciliation within the cleantech sector and is seeking funding to complete product development and marketing activities.,cleantech,series-a,4239405,AED,Businesses involved in cross-border payment reconciliation often mention administrative inefficiencies but purchasing priorities remain inconsistent.,regional freight operators,Management estimates the market opportunity to be substantial across multiple regions,CobaltBase plans to introduce a platform related to cross-border payment reconciliation with a combination of automation features and reporting tools for commercial users.,Native integrations with regional financial and regulatory systems reduce migration friction for enterprise clients.,Management believes the market remains open to new entrants without significant barriers.,Transaction commissions; enterprise licensing; compliance reporting services,Monthly subscription structure combined with one-time deployment charges.,Direct procurement outreach; channel reseller agreements; referral incentives,533,6122325,807012,5 months,rejected
CinderFlow,CinderFlow develops operational software for grain cooperatives managing crop procurement tracking. The company is raising capital to expand enterprise integrations and scale regional sales operations.,logistics,seed,2797128,EUR,"grain cooperatives continue to manage crop procurement tracking through spreadsheets and email coordination, increasing operating losses and compliance exposure.",grain cooperatives,$12.0B estimated annual addressable spend across 4 national markets,"CinderFlow provides a cloud platform that centralizes crop procurement tracking, connects external data feeds, and automates exception handling through configurable workflows.",Native integrations with regional financial and regulatory systems reduce migration friction for enterprise clients.,The founding team previously managed operational infrastructure within the target industry and secured early reference accounts.,Annual platform subscriptions; implementation services; support retainers,Monthly subscription structure combined with one-time deployment charges.,Pilot deployments with anchor customers; sector trade events; executive referrals,370480,1111440,131366,30 months,approved
HarborWorks,HarborWorks develops operational software for warehouse operators managing fleet scheduling. The company is raising capital to expand enterprise integrations and scale regional sales operations.,proptech,seed,2219245,AED,"Independent warehouse operators rely on fragmented fleet scheduling workflows, resulting in delayed reporting cycles and unresolved transaction discrepancies.",warehouse operators,$89.1B estimated annual addressable spend across 7 national markets,"HarborWorks provides a cloud platform that centralizes fleet scheduling, connects external data feeds, and automates exception handling through configurable workflows.",Deployment architecture supports intermittent connectivity environments common across secondary markets.,Multi-year integration relationships with incumbent vendors create switching barriers for competing entrants.,Transaction commissions; enterprise licensing; compliance reporting services,Tiered annual contracts priced according to active accounts and processing volume.,Direct procurement outreach; channel reseller agreements; referral incentives,311177,933531,318371,18 months,approved
StoneFlow,StoneFlow is preparing a commercial platform connected to tenant documentation within the edtech sector and is seeking funding to complete product development and marketing activities.,edtech,idea,4993131,SGD,"property managers face ongoing coordination challenges related to tenant documentation, although the scale of the issue varies across regions.",property managers,The company references a large international customer base without quantified segmentation,StoneFlow plans to introduce a platform related to tenant documentation with a combination of automation features and reporting tools for commercial users.,Historical benchmarking data collected from pilot customers enables risk scoring unavailable through standard ERP systems.,"Several competitors operate in adjacent categories, though management expects demand to expand over time.",Annual platform subscriptions; implementation services; support retainers,Monthly subscription structure combined with one-time deployment charges.,Targeted account-based marketing; implementation partners; compliance webinars,2230,75456443,790701,5 months,rejected
ApexFlow,ApexFlow develops operational software for municipal clinics managing patient referral management. The company is raising capital to expand enterprise integrations and scale regional sales operations.,logistics,idea,5494152,SGD,"Independent municipal clinics rely on fragmented patient referral management workflows, resulting in delayed reporting cycles and unresolved transaction discrepancies.",municipal clinics,$56.1B estimated annual addressable spend across 5 national markets,"ApexFlow provides a cloud platform that centralizes patient referral management, connects external data feeds, and automates exception handling through configurable workflows.",Deployment architecture supports intermittent connectivity environments common across secondary markets.,Existing distribution agreements with sector operators provide direct access to procurement teams across three countries.,Subscription contracts; onboarding fees; API access charges,Tiered annual contracts priced according to active accounts and processing volume.,Pilot deployments with anchor customers; sector trade events; executive referrals,1834093,7336372,70498,21 months,approved
BlueGrid,BlueGrid develops operational software for property managers managing tenant documentation. The company is raising capital to expand enterprise integrations and scale regional sales operations.,cleantech,seed,3749822,GBP,"Companies handling tenant documentation lack integrated visibility across suppliers, regulators, and internal systems, creating avoidable operational costs.",property managers,$16.5B estimated annual addressable spend across 11 national markets,"BlueGrid provides a cloud platform that centralizes tenant documentation, connects external data feeds, and automates exception handling through configurable workflows.",The platform incorporates sector-specific compliance workflows rarely supported by horizontal software vendors.,Existing distribution agreements with sector operators provide direct access to procurement teams across three countries.,Usage-based billing; premium analytics modules; integration retainers,Tiered annual contracts priced according to active accounts and processing volume.,Industry association partnerships; outbound enterprise sales; regional conferences,1528370,4585110,207507,23 months,approved
ApexMetrics,ApexMetrics develops operational software for mid-sized law firms managing contract review. The company is raising capital to expand enterprise integrations and scale regional sales operations.,saas,series-a,5045460,AED,"mid-sized law firms continue to manage contract review through spreadsheets and email coordination, increasing operating losses and compliance exposure.",mid-sized law firms,$63.9B estimated annual addressable spend across 11 national markets,"ApexMetrics provides a cloud platform that centralizes contract review, connects external data feeds, and automates exception handling through configurable workflows.",Native integrations with regional financial and regulatory systems reduce migration friction for enterprise clients.,Exclusive access to proprietary operational datasets improves forecasting accuracy during onboarding.,Subscription contracts; onboarding fees; API access charges,Enterprise licensing agreements negotiated on multi-year procurement cycles.,Industry association partnerships; outbound enterprise sales; regional conferences,686169,4803183,142941,16 months,approved
CinderMetrics,CinderMetrics is preparing a commercial platform connected to tenant documentation within the fintech sector and is seeking funding to complete product development and marketing activities.,fintech,series-a,7149716,USD,Businesses involved in tenant documentation often mention administrative inefficiencies but purchasing priorities remain inconsistent.,property managers,Management estimates the market opportunity to be substantial across multiple regions,CinderMetrics plans to introduce a platform related to tenant documentation with a combination of automation features and reporting tools for commercial users.,Native integrations with regional financial and regulatory systems reduce migration friction for enterprise clients.,"Several competitors operate in adjacent categories, though management expects demand to expand over time.",Subscription contracts; onboarding fees; API access charges,Usage-based pricing indexed to transaction activity and storage requirements.,Industry association partnerships; outbound enterprise sales; regional conferences,3335,18149693,502114,4 months,rejected
SummitMarkets,SummitMarkets develops operational software for insurance brokers managing claims intake. The company is raising capital to expand enterprise integrations and scale regional sales operations.,edtech,pre-seed,1571765,USD,"Independent insurance brokers rely on fragmented claims intake workflows, resulting in delayed reporting cycles and unresolved transaction discrepancies.",insurance brokers,$2.6B estimated annual addressable spend across 15 national markets,"SummitMarkets provides a cloud platform that centralizes claims intake, connects external data feeds, and automates exception handling through configurable workflows.",Deployment architecture supports intermittent connectivity environments common across secondary markets.,Exclusive access to proprietary operational datasets improves forecasting accuracy during onboarding.,Usage-based billing; premium analytics modules; integration retainers,Tiered annual contracts priced according to active accounts and processing volume.,Targeted account-based marketing; implementation partners; compliance webinars,1402469,11219752,193907,17 months,approved
GraniteMarkets,GraniteMarkets develops operational software for mid-sized law firms managing contract review. The company is raising capital to expand enterprise integrations and scale regional sales operations.,proptech,seed,7264263,GBP,"Independent mid-sized law firms rely on fragmented contract review workflows, resulting in delayed reporting cycles and unresolved transaction discrepancies.",mid-sized law firms,$51.7B estimated annual addressable spend across 5 national markets,"GraniteMarkets provides a cloud platform that centralizes contract review, connects external data feeds, and automates exception handling through configurable workflows.",The platform incorporates sector-specific compliance workflows rarely supported by horizontal software vendors.,Exclusive access to proprietary operational datasets improves forecasting accuracy during onboarding.,Usage-based billing; premium analytics modules; integration retainers,Tiered annual contracts priced according to active accounts and processing volume.,Targeted account-based marketing; implementation partners; compliance webinars,2355394,18843152,92878,30 months,approved
VectorSync,VectorSync develops operational software for municipal clinics managing patient referral management. The company is raising capital to expand enterprise integrations and scale regional sales operations.,legaltech,seed,7794815,EUR,"Companies handling patient referral management lack integrated visibility across suppliers, regulators, and internal systems, creating avoidable operational costs.",municipal clinics,$30.7B estimated annual addressable spend across 24 national markets,"VectorSync provides a cloud platform that centralizes patient referral management, connects external data feeds, and automates exception handling through configurable workflows.",The platform incorporates sector-specific compliance workflows rarely supported by horizontal software vendors.,Exclusive access to proprietary operational datasets improves forecasting accuracy during onboarding.,Usage-based billing; premium analytics modules; integration retainers,Enterprise licensing agreements negotiated on multi-year procurement cycles.,Pilot deployments with anchor customers; sector trade events; executive referrals,768484,4610904,259756,18 months,approved
PeakGrid,PeakGrid is preparing a commercial platform connected to fleet scheduling within the edtech sector and is seeking funding to complete product development and marketing activities.,edtech,pre-seed,2167271,GBP,Businesses involved in fleet scheduling often mention administrative inefficiencies but purchasing priorities remain inconsistent.,warehouse operators,The company references a large international customer base without quantified segmentation,PeakGrid plans to introduce a platform related to fleet scheduling with a combination of automation features and reporting tools for commercial users.,Historical benchmarking data collected from pilot customers enables risk scoring unavailable through standard ERP systems.,The business intends to establish brand recognition following product launch activities.,Usage-based billing; premium analytics modules; integration retainers,Usage-based pricing indexed to transaction activity and storage requirements.,Direct procurement outreach; channel reseller agreements; referral incentives,10758,79151560,635004,6 months,rejected
CobaltLabs,CobaltLabs is preparing a commercial platform connected to crop procurement tracking within the logistics sector and is seeking funding to complete product development and marketing activities.,logistics,seed,1604660,EUR,"grain cooperatives face ongoing coordination challenges related to crop procurement tracking, although the scale of the issue varies across regions.",grain cooperatives,Management estimates the market opportunity to be substantial across multiple regions,CobaltLabs plans to introduce a platform related to crop procurement tracking with a combination of automation features and reporting tools for commercial users.,The platform incorporates sector-specific compliance workflows rarely supported by horizontal software vendors.,The company expects product flexibility to support future differentiation as the market evolves.,Transaction commissions; enterprise licensing; compliance reporting services,Usage-based pricing indexed to transaction activity and storage requirements.,Industry association partnerships; outbound enterprise sales; regional conferences,0,25461498,332631,2 months,rejected
IronLabs,IronLabs is preparing a commercial platform connected to claims intake within the legaltech sector and is seeking funding to complete product development and marketing activities.,legaltech,series-a,1193350,GBP,"insurance brokers face ongoing coordination challenges related to claims intake, although the scale of the issue varies across regions.",insurance brokers,Leadership expects long-term expansion as adoption of software tools increases,IronLabs plans to introduce a platform related to claims intake with a combination of automation features and reporting tools for commercial users.,The platform incorporates sector-specific compliance workflows rarely supported by horizontal software vendors.,Management believes the market remains open to new entrants without significant barriers.,Annual platform subscriptions; implementation services; support retainers,Tiered annual contracts priced according to active accounts and processing volume.,Direct procurement outreach; channel reseller agreements; referral incentives,0,102872171,178627,8 months,rejected
RedwoodLabs,RedwoodLabs is preparing a commercial platform connected to inventory forecasting within the logistics sector and is seeking funding to complete product development and marketing activities.,logistics,idea,7594252,EUR,"retail distributors face ongoing coordination challenges related to inventory forecasting, although the scale of the issue varies across regions.",retail distributors,Internal assumptions suggest broad demand among digital businesses,RedwoodLabs plans to introduce a platform related to inventory forecasting with a combination of automation features and reporting tools for commercial users.,Deployment architecture supports intermittent connectivity environments common across secondary markets.,Management believes the market remains open to new entrants without significant barriers.,Transaction commissions; enterprise licensing; compliance reporting services,Usage-based pricing indexed to transaction activity and storage requirements.,Targeted account-based marketing; implementation partners; compliance webinars,10389,57111571,271553,2 months,rejected
StoneCapital,StoneCapital is preparing a commercial platform connected to maintenance dispatch within the logistics sector and is seeking funding to complete product development and marketing activities.,logistics,idea,340553,GBP,"The current environment around maintenance dispatch appears difficult for some operators, though quantitative benchmarks are limited.",solar installers,Leadership expects long-term expansion as adoption of software tools increases,StoneCapital plans to introduce a platform related to maintenance dispatch with a combination of automation features and reporting tools for commercial users.,Native integrations with regional financial and regulatory systems reduce migration friction for enterprise clients.,The business intends to establish brand recognition following product launch activities.,Usage-based billing; premium analytics modules; integration retainers,Tiered annual contracts priced according to active accounts and processing volume.,Targeted account-based marketing; implementation partners; compliance webinars,9869,62256183,722471,5 months,rejected
StoneLogic,StoneLogic develops operational software for mid-sized law firms managing contract review. The company is raising capital to expand enterprise integrations and scale regional sales operations.,healthtech,series-a,2171075,SGD,"mid-sized law firms continue to manage contract review through spreadsheets and email coordination, increasing operating losses and compliance exposure.",mid-sized law firms,$1.0B estimated annual addressable spend across 17 national markets,"StoneLogic provides a cloud platform that centralizes contract review, connects external data feeds, and automates exception handling through configurable workflows.",Historical benchmarking data collected from pilot customers enables risk scoring unavailable through standard ERP systems.,Existing distribution agreements with sector operators provide direct access to procurement teams across three countries.,Transaction commissions; enterprise licensing; compliance reporting services,Enterprise licensing agreements negotiated on multi-year procurement cycles.,Pilot deployments with anchor customers; sector trade events; executive referrals,1278981,5115924,320737,27 months,approved
HarborMarkets,HarborMarkets is preparing a commercial platform connected to cross-border payment reconciliation within the cleantech sector and is seeking funding to complete product development and marketing activities.,cleantech,series-a,7761582,SGD,"The current environment around cross-border payment reconciliation appears difficult for some operators, though quantitative benchmarks are limited.",regional freight operators,Internal assumptions suggest broad demand among digital businesses,HarborMarkets plans to introduce a platform related to cross-border payment reconciliation with a combination of automation features and reporting tools for commercial users.,Historical benchmarking data collected from pilot customers enables risk scoring unavailable through standard ERP systems.,"Several competitors operate in adjacent categories, though management expects demand to expand over time.",Transaction commissions; enterprise licensing; compliance reporting services,Tiered annual contracts priced according to active accounts and processing volume.,Pilot deployments with anchor customers; sector trade events; executive referrals,8252,14949574,259468,3 months,rejected
PeakAnalytics,PeakAnalytics develops operational software for warehouse operators managing fleet scheduling. The company is raising capital to expand enterprise integrations and scale regional sales operations.,proptech,pre-seed,3433724,SGD,"Companies handling fleet scheduling lack integrated visibility across suppliers, regulators, and internal systems, creating avoidable operational costs.",warehouse operators,$45.4B estimated annual addressable spend across 10 national markets,"PeakAnalytics provides a cloud platform that centralizes fleet scheduling, connects external data feeds, and automates exception handling through configurable workflows.",The platform incorporates sector-specific compliance workflows rarely supported by horizontal software vendors.,Multi-year integration relationships with incumbent vendors create switching barriers for competing entrants.,Annual platform subscriptions; implementation services; support retainers,Monthly subscription structure combined with one-time deployment charges.,Targeted account-based marketing; implementation partners; compliance webinars,1308644,3925932,173455,20 months,approved
SummitSystems,SummitSystems is preparing a commercial platform connected to claims intake within the proptech sector and is seeking funding to complete product development and marketing activities.,proptech,series-a,7792881,SGD,Businesses involved in claims intake often mention administrative inefficiencies but purchasing priorities remain inconsistent.,insurance brokers,Management estimates the market opportunity to be substantial across multiple regions,SummitSystems plans to introduce a platform related to claims intake with a combination of automation features and reporting tools for commercial users.,Historical benchmarking data collected from pilot customers enables risk scoring unavailable through standard ERP systems.,The business intends to establish brand recognition following product launch activities.,Transaction commissions; enterprise licensing; compliance reporting services,Enterprise licensing agreements negotiated on multi-year procurement cycles.,Direct procurement outreach; channel reseller agreements; referral incentives,9364,112456554,664523,4 months,rejected
NorthCapital,NorthCapital develops operational software for warehouse operators managing fleet scheduling. The company is raising capital to expand enterprise integrations and scale regional sales operations.,logistics,pre-seed,7851667,USD,"warehouse operators continue to manage fleet scheduling through spreadsheets and email coordination, increasing operating losses and compliance exposure.",warehouse operators,$74.1B estimated annual addressable spend across 21 national markets,"NorthCapital provides a cloud platform that centralizes fleet scheduling, connects external data feeds, and automates exception handling through configurable workflows.",Native integrations with regional financial and regulatory systems reduce migration friction for enterprise clients.,Existing distribution agreements with sector operators provide direct access to procurement teams across three countries.,Annual platform subscriptions; implementation services; support retainers,Enterprise licensing agreements negotiated on multi-year procurement cycles.,Industry association partnerships; outbound enterprise sales; regional conferences,663674,3318370,27303,14 months,approved
SummitMetrics,SummitMetrics is preparing a commercial platform connected to cross-border payment reconciliation within the proptech sector and is seeking funding to complete product development and marketing activities.,proptech,pre-seed,6185478,SGD,"regional freight operators face ongoing coordination challenges related to cross-border payment reconciliation, although the scale of the issue varies across regions.",regional freight operators,Internal assumptions suggest broad demand among digital businesses,SummitMetrics plans to introduce a platform related to cross-border payment reconciliation with a combination of automation features and reporting tools for commercial users.,Deployment architecture supports intermittent connectivity environments common across secondary markets.,The company expects product flexibility to support future differentiation as the market evolves.,Subscription contracts; onboarding fees; API access charges,Usage-based pricing indexed to transaction activity and storage requirements.,Direct procurement outreach; channel reseller agreements; referral incentives,4679,51234975,176551,6 months,rejected
IronMetrics,IronMetrics is preparing a commercial platform connected to fleet scheduling within the ecommerce sector and is seeking funding to complete product development and marketing activities.,ecommerce,idea,362851,AED,"warehouse operators face ongoing coordination challenges related to fleet scheduling, although the scale of the issue varies across regions.",warehouse operators,Internal assumptions suggest broad demand among digital businesses,IronMetrics plans to introduce a platform related to fleet scheduling with a combination of automation features and reporting tools for commercial users.,Deployment architecture supports intermittent connectivity environments common across secondary markets.,The business intends to establish brand recognition following product launch activities.,Annual platform subscriptions; implementation services; support retainers,Usage-based pricing indexed to transaction activity and storage requirements.,Industry association partnerships; outbound enterprise sales; regional conferences,8302,44937496,741489,8 months,rejected
NorthGrid,NorthGrid develops operational software for vocational training providers managing credential verification. The company is raising capital to expand enterprise integrations and scale regional sales operations.,proptech,pre-seed,3237577,AED,"Companies handling credential verification lack integrated visibility across suppliers, regulators, and internal systems, creating avoidable operational costs.",vocational training providers,$45.8B estimated annual addressable spend across 15 national markets,"NorthGrid provides a cloud platform that centralizes credential verification, connects external data feeds, and automates exception handling through configurable workflows.",Deployment architecture supports intermittent connectivity environments common across secondary markets.,The founding team previously managed operational infrastructure within the target industry and secured early reference accounts.,Annual platform subscriptions; implementation services; support retainers,Tiered annual contracts priced according to active accounts and processing volume.,Industry association partnerships; outbound enterprise sales; regional conferences,2098602,8394408,228279,14 months,approved
CobaltLogic,CobaltLogic is preparing a commercial platform connected to claims intake within the ecommerce sector and is seeking funding to complete product development and marketing activities.,ecommerce,series-a,3216356,AED,"The current environment around claims intake appears difficult for some operators, though quantitative benchmarks are limited.",insurance brokers,Management estimates the market opportunity to be substantial across multiple regions,CobaltLogic plans to introduce a platform related to claims intake with a combination of automation features and reporting tools for commercial users.,Deployment architecture supports intermittent connectivity environments common across secondary markets.,The company expects product flexibility to support future differentiation as the market evolves.,Annual platform subscriptions; implementation services; support retainers,Usage-based pricing indexed to transaction activity and storage requirements.,Industry association partnerships; outbound enterprise sales; regional conferences,7707,102257917,484912,7 months,rejected
PioneerDynamics,PioneerDynamics develops operational software for warehouse operators managing fleet scheduling. The company is raising capital to expand enterprise integrations and scale regional sales operations.,fintech,idea,3689537,EUR,"warehouse operators continue to manage fleet scheduling through spreadsheets and email coordination, increasing operating losses and compliance exposure.",warehouse operators,$42.2B estimated annual addressable spend across 6 national markets,"PioneerDynamics provides a cloud platform that centralizes fleet scheduling, connects external data feeds, and automates exception handling through configurable workflows.",The platform incorporates sector-specific compliance workflows rarely supported by horizontal software vendors.,Existing distribution agreements with sector operators provide direct access to procurement teams across three countries.,Subscription contracts; onboarding fees; API access charges,Monthly subscription structure combined with one-time deployment charges.,Pilot deployments with anchor customers; sector trade events; executive referrals,108610,434440,321029,16 months,approved
CobaltBase,CobaltBase develops operational software for solar installers managing maintenance dispatch. The company is raising capital to expand enterprise integrations and scale regional sales operations.,edtech,series-a,3982281,EUR,"Independent solar installers rely on fragmented maintenance dispatch workflows, resulting in delayed reporting cycles and unresolved transaction discrepancies.",solar installers,$20.8B estimated annual addressable spend across 11 national markets,"CobaltBase provides a cloud platform that centralizes maintenance dispatch, connects external data feeds, and automates exception handling through configurable workflows.",The platform incorporates sector-specific compliance workflows rarely supported by horizontal software vendors.,Existing distribution agreements with sector operators provide direct access to procurement teams across three countries.,Subscription contracts; onboarding fees; API access charges,Tiered annual contracts priced according to active accounts and processing volume.,Pilot deployments with anchor customers; sector trade events; executive referrals,1059236,8473888,45001,26 months,approved
SummitFlow,SummitFlow is preparing a commercial platform connected to contract review within the legaltech sector and is seeking funding to complete product development and marketing activities.,legaltech,pre-seed,3708097,SGD,Businesses involved in contract review often mention administrative inefficiencies but purchasing priorities remain inconsistent.,mid-sized law firms,Management estimates the market opportunity to be substantial across multiple regions,SummitFlow plans to introduce a platform related to contract review with a combination of automation features and reporting tools for commercial users.,Historical benchmarking data collected from pilot customers enables risk scoring unavailable through standard ERP systems.,Management believes the market remains open to new entrants without significant barriers.,Usage-based billing; premium analytics modules; integration retainers,Enterprise licensing agreements negotiated on multi-year procurement cycles.,Industry association partnerships; outbound enterprise sales; regional conferences,4260,70374615,207535,8 months,rejected
ApexCloud,ApexCloud is preparing a commercial platform connected to contract review within the legaltech sector and is seeking funding to complete product development and marketing activities.,legaltech,idea,7591902,SGD,"The current environment around contract review appears difficult for some operators, though quantitative benchmarks are limited.",mid-sized law firms,Leadership expects long-term expansion as adoption of software tools increases,ApexCloud plans to introduce a platform related to contract review with a combination of automation features and reporting tools for commercial users.,Deployment architecture supports intermittent connectivity environments common across secondary markets.,Management believes the market remains open to new entrants without significant barriers.,Subscription contracts; onboarding fees; API access charges,Enterprise licensing agreements negotiated on multi-year procurement cycles.,Direct procurement outreach; channel reseller agreements; referral incentives,2662,84604593,300498,3 months,rejected
IronLabs,IronLabs develops operational software for solar installers managing maintenance dispatch. The company is raising capital to expand enterprise integrations and scale regional sales operations.,healthtech,pre-seed,2465828,SGD,"solar installers continue to manage maintenance dispatch through spreadsheets and email coordination, increasing operating losses and compliance exposure.",solar installers,$32.5B estimated annual addressable spend across 23 national markets,"IronLabs provides a cloud platform that centralizes maintenance dispatch, connects external data feeds, and automates exception handling through configurable workflows.",Historical benchmarking data collected from pilot customers enables risk scoring unavailable through standard ERP systems.,Existing distribution agreements with sector operators provide direct access to procurement teams across three countries.,Annual platform subscriptions; implementation services; support retainers,Monthly subscription structure combined with one-time deployment charges.,Direct procurement outreach; channel reseller agreements; referral incentives,400026,2800182,225303,26 months,approved
OakCapital,OakCapital is preparing a commercial platform connected to inventory forecasting within the proptech sector and is seeking funding to complete product development and marketing activities.,proptech,pre-seed,5088417,SGD,"The current environment around inventory forecasting appears difficult for some operators, though quantitative benchmarks are limited.",retail distributors,Internal assumptions suggest broad demand among digital businesses,OakCapital plans to introduce a platform related to inventory forecasting with a combination of automation features and reporting tools for commercial users.,Native integrations with regional financial and regulatory systems reduce migration friction for enterprise clients.,Management believes the market remains open to new entrants without significant barriers.,Subscription contracts; onboarding fees; API access charges,Enterprise licensing agreements negotiated on multi-year procurement cycles.,Direct procurement outreach; channel reseller agreements; referral incentives,3083,72568738,454920,7 months,rejected
PioneerPilot,PioneerPilot is preparing a commercial platform connected to inventory forecasting within the proptech sector and is seeking funding to complete product development and marketing activities.,proptech,idea,1969897,AED,Businesses involved in inventory forecasting often mention administrative inefficiencies but purchasing priorities remain inconsistent.,retail distributors,The company references a large international customer base without quantified segmentation,PioneerPilot plans to introduce a platform related to inventory forecasting with a combination of automation features and reporting tools for commercial users.,The platform incorporates sector-specific compliance workflows rarely supported by horizontal software vendors.,Management believes the market remains open to new entrants without significant barriers.,Annual platform subscriptions; implementation services; support retainers,Usage-based pricing indexed to transaction activity and storage requirements.,Direct procurement outreach; channel reseller agreements; referral incentives,0,27991709,895777,3 months,rejected
RedwoodWorks,RedwoodWorks develops operational software for property managers managing tenant documentation. The company is raising capital to expand enterprise integrations and scale regional sales operations.,cleantech,pre-seed,3489627,GBP,"Companies handling tenant documentation lack integrated visibility across suppliers, regulators, and internal systems, creating avoidable operational costs.",property managers,$48.6B estimated annual addressable spend across 19 national markets,"RedwoodWorks provides a cloud platform that centralizes tenant documentation, connects external data feeds, and automates exception handling through configurable workflows.",Native integrations with regional financial and regulatory systems reduce migration friction for enterprise clients.,The founding team previously managed operational infrastructure within the target industry and secured early reference accounts.,Annual platform subscriptions; implementation services; support retainers,Tiered annual contracts priced according to active accounts and processing volume.,Targeted account-based marketing; implementation partners; compliance webinars,827363,5791541,297987,24 months,approved
RiverTransit,RiverTransit is preparing a commercial platform connected to patient referral management within the healthtech sector and is seeking funding to complete product development and marketing activities.,healthtech,series-a,4476540,EUR,Businesses involved in patient referral management often mention administrative inefficiencies but purchasing priorities remain inconsistent.,municipal clinics,Internal assumptions suggest broad demand among digital businesses,RiverTransit plans to introduce a platform related to patient referral management with a combination of automation features and reporting tools for commercial users.,The platform incorporates sector-specific compliance workflows rarely supported by horizontal software vendors.,"Several competitors operate in adjacent categories, though management expects demand to expand over time.",Annual platform subscriptions; implementation services; support retainers,Usage-based pricing indexed to transaction activity and storage requirements.,Targeted account-based marketing; implementation partners; compliance webinars,9758,80477338,764793,4 months,rejected
RedwoodMarkets,RedwoodMarkets develops operational software for warehouse operators managing fleet scheduling. The company is raising capital to expand enterprise integrations and scale regional sales operations.,proptech,seed,7683962,GBP,"Companies handling fleet scheduling lack integrated visibility across suppliers, regulators, and internal systems, creating avoidable operational costs.",warehouse operators,$10.7B estimated annual addressable spend across 7 national markets,"RedwoodMarkets provides a cloud platform that centralizes fleet scheduling, connects external data feeds, and automates exception handling through configurable workflows.",Historical benchmarking data collected from pilot customers enables risk scoring unavailable through standard ERP systems.,Multi-year integration relationships with incumbent vendors create switching barriers for competing entrants.,Annual platform subscriptions; implementation services; support retainers,Monthly subscription structure combined with one-time deployment charges.,Industry association partnerships; outbound enterprise sales; regional conferences,1615317,12922536,67108,17 months,approved
VectorChain,VectorChain develops operational software for vocational training providers managing credential verification. The company is raising capital to expand enterprise integrations and scale regional sales operations.,ecommerce,pre-seed,2155146,EUR,"Independent vocational training providers rely on fragmented credential verification workflows, resulting in delayed reporting cycles and unresolved transaction discrepancies.",vocational training providers,$20.7B estimated annual addressable spend across 15 national markets,"VectorChain provides a cloud platform that centralizes credential verification, connects external data feeds, and automates exception handling through configurable workflows.",Deployment architecture supports intermittent connectivity environments common across secondary markets.,Multi-year integration relationships with incumbent vendors create switching barriers for competing entrants.,Transaction commissions; enterprise licensing; compliance reporting services,Monthly subscription structure combined with one-time deployment charges.,Industry association partnerships; outbound enterprise sales; regional conferences,2303564,9214256,228653,12 months,approved
GraniteChain,GraniteChain is preparing a commercial platform connected to credential verification within the edtech sector and is seeking funding to complete product development and marketing activities.,edtech,seed,1066515,GBP,Businesses involved in credential verification often mention administrative inefficiencies but purchasing priorities remain inconsistent.,vocational training providers,Management estimates the market opportunity to be substantial across multiple regions,GraniteChain plans to introduce a platform related to credential verification with a combination of automation features and reporting tools for commercial users.,The platform incorporates sector-specific compliance workflows rarely supported by horizontal software vendors.,Management believes the market remains open to new entrants without significant barriers.,Subscription contracts; onboarding fees; API access charges,Tiered annual contracts priced according to active accounts and processing volume.,Industry association partnerships; outbound enterprise sales; regional conferences,3326,7037841,637744,4 months,rejected
CobaltBridge,CobaltBridge is preparing a commercial platform connected to fleet scheduling within the healthtech sector and is seeking funding to complete product development and marketing activities.,healthtech,idea,6544196,EUR,"The current environment around fleet scheduling appears difficult for some operators, though quantitative benchmarks are limited.",warehouse operators,The company references a large international customer base without quantified segmentation,CobaltBridge plans to introduce a platform related to fleet scheduling with a combination of automation features and reporting tools for commercial users.,Deployment architecture supports intermittent connectivity environments common across secondary markets.,The business intends to establish brand recognition following product launch activities.,Annual platform subscriptions; implementation services; support retainers,Enterprise licensing agreements negotiated on multi-year procurement cycles.,Targeted account-based marketing; implementation partners; compliance webinars,14268,24755774,639092,5 months,rejected
StoneCapital,StoneCapital develops operational software for property managers managing tenant documentation. The company is raising capital to expand enterprise integrations and scale regional sales operations.,logistics,idea,4020953,USD,"property managers continue to manage tenant documentation through spreadsheets and email coordination, increasing operating losses and compliance exposure.",property managers,$80.2B estimated annual addressable spend across 23 national markets,"StoneCapital provides a cloud platform that centralizes tenant documentation, connects external data feeds, and automates exception handling through configurable workflows.",Historical benchmarking data collected from pilot customers enables risk scoring unavailable through standard ERP systems.,Multi-year integration relationships with incumbent vendors create switching barriers for competing entrants.,Transaction commissions; enterprise licensing; compliance reporting services,Usage-based pricing indexed to transaction activity and storage requirements.,Pilot deployments with anchor customers; sector trade events; executive referrals,1264833,3794499,113293,29 months,approved
BlueBase,BlueBase is preparing a commercial platform connected to maintenance dispatch within the ecommerce sector and is seeking funding to complete product development and marketing activities.,ecommerce,idea,724561,SGD,"solar installers face ongoing coordination challenges related to maintenance dispatch, although the scale of the issue varies across regions.",solar installers,The company references a large international customer base without quantified segmentation,BlueBase plans to introduce a platform related to maintenance dispatch with a combination of automation features and reporting tools for commercial users.,Historical benchmarking data collected from pilot customers enables risk scoring unavailable through standard ERP systems.,Management believes the market remains open to new entrants without significant barriers.,Annual platform subscriptions; implementation services; support retainers,Enterprise licensing agreements negotiated on multi-year procurement cycles.,Direct procurement outreach; channel reseller agreements; referral incentives,0,103312334,601106,2 months,rejected
CobaltSync,CobaltSync develops operational software for retail distributors managing inventory forecasting. The company is raising capital to expand enterprise integrations and scale regional sales operations.,healthtech,series-a,2318702,EUR,"Independent retail distributors rely on fragmented inventory forecasting workflows, resulting in delayed reporting cycles and unresolved transaction discrepancies.",retail distributors,$18.8B estimated annual addressable spend across 19 national markets,"CobaltSync provides a cloud platform that centralizes inventory forecasting, connects external data feeds, and automates exception handling through configurable workflows.",The platform incorporates sector-specific compliance workflows rarely supported by horizontal software vendors.,The founding team previously managed operational infrastructure within the target industry and secured early reference accounts.,Transaction commissions; enterprise licensing; compliance reporting services,Usage-based pricing indexed to transaction activity and storage requirements.,Direct procurement outreach; channel reseller agreements; referral incentives,1640009,8200045,222642,25 months,approved
VectorGrid,VectorGrid is preparing a commercial platform connected to fleet scheduling within the healthtech sector and is seeking funding to complete product development and marketing activities.,healthtech,pre-seed,4723915,USD,"The current environment around fleet scheduling appears difficult for some operators, though quantitative benchmarks are limited.",warehouse operators,Internal assumptions suggest broad demand among digital businesses,VectorGrid plans to introduce a platform related to fleet scheduling with a combination of automation features and reporting tools for commercial users.,Deployment architecture supports intermittent connectivity environments common across secondary markets.,The business intends to establish brand recognition following product launch activities.,Subscription contracts; onboarding fees; API access charges,Enterprise licensing agreements negotiated on multi-year procurement cycles.,Industry association partnerships; outbound enterprise sales; regional conferences,9647,42137826,616949,6 months,rejected
SignalLedger,SignalLedger develops operational software for solar installers managing maintenance dispatch. The company is raising capital to expand enterprise integrations and scale regional sales operations.,proptech,idea,6974358,EUR,"Independent solar installers rely on fragmented maintenance dispatch workflows, resulting in delayed reporting cycles and unresolved transaction discrepancies.",solar installers,$72.0B estimated annual addressable spend across 7 national markets,"SignalLedger provides a cloud platform that centralizes maintenance dispatch, connects external data feeds, and automates exception handling through configurable workflows.",Deployment architecture supports intermittent connectivity environments common across secondary markets.,Exclusive access to proprietary operational datasets improves forecasting accuracy during onboarding.,Usage-based billing; premium analytics modules; integration retainers,Enterprise licensing agreements negotiated on multi-year procurement cycles.,Industry association partnerships; outbound enterprise sales; regional conferences,2114898,14804286,263311,12 months,approved
SignalGrid,SignalGrid develops operational software for grain cooperatives managing crop procurement tracking. The company is raising capital to expand enterprise integrations and scale regional sales operations.,legaltech,pre-seed,7862018,AED,"grain cooperatives continue to manage crop procurement tracking through spreadsheets and email coordination, increasing operating losses and compliance exposure.",grain cooperatives,$65.5B estimated annual addressable spend across 21 national markets,"SignalGrid provides a cloud platform that centralizes crop procurement tracking, connects external data feeds, and automates exception handling through configurable workflows.",The platform incorporates sector-specific compliance workflows rarely supported by horizontal software vendors.,The founding team previously managed operational infrastructure within the target industry and secured early reference accounts.,Usage-based billing; premium analytics modules; integration retainers,Enterprise licensing agreements negotiated on multi-year procurement cycles.,Pilot deployments with anchor customers; sector trade events; executive referrals,2045644,14319508,125346,18 months,approved
CobaltBase,CobaltBase is preparing a commercial platform connected to maintenance dispatch within the legaltech sector and is seeking funding to complete product development and marketing activities.,legaltech,idea,5566034,USD,Businesses involved in maintenance dispatch often mention administrative inefficiencies but purchasing priorities remain inconsistent.,solar installers,The company references a large international customer base without quantified segmentation,CobaltBase plans to introduce a platform related to maintenance dispatch with a combination of automation features and reporting tools for commercial users.,The platform incorporates sector-specific compliance workflows rarely supported by horizontal software vendors.,Management believes the market remains open to new entrants without significant barriers.,Transaction commissions; enterprise licensing; compliance reporting services,Monthly subscription structure combined with one-time deployment charges.,Targeted account-based marketing; implementation partners; compliance webinars,5695,88802536,330767,8 months,rejected
SignalLogic,SignalLogic is preparing a commercial platform connected to contract review within the fintech sector and is seeking funding to complete product development and marketing activities.,fintech,pre-seed,7467826,SGD,"mid-sized law firms face ongoing coordination challenges related to contract review, although the scale of the issue varies across regions.",mid-sized law firms,Internal assumptions suggest broad demand among digital businesses,SignalLogic plans to introduce a platform related to contract review with a combination of automation features and reporting tools for commercial users.,Native integrations with regional financial and regulatory systems reduce migration friction for enterprise clients.,"Several competitors operate in adjacent categories, though management expects demand to expand over time.",Transaction commissions; enterprise licensing; compliance reporting services,Usage-based pricing indexed to transaction activity and storage requirements.,Targeted account-based marketing; implementation partners; compliance webinars,0,66512619,683449,3 months,rejected
SignalTransit,SignalTransit develops operational software for insurance brokers managing claims intake. The company is raising capital to expand enterprise integrations and scale regional sales operations.,legaltech,idea,2047458,EUR,"Companies handling claims intake lack integrated visibility across suppliers, regulators, and internal systems, creating avoidable operational costs.",insurance brokers,$71.8B estimated annual addressable spend across 4 national markets,"SignalTransit provides a cloud platform that centralizes claims intake, connects external data feeds, and automates exception handling through configurable workflows.",The platform incorporates sector-specific compliance workflows rarely supported by horizontal software vendors.,The founding team previously managed operational infrastructure within the target industry and secured early reference accounts.,Usage-based billing; premium analytics modules; integration retainers,Enterprise licensing agreements negotiated on multi-year procurement cycles.,Pilot deployments with anchor customers; sector trade events; executive referrals,217756,1306536,267066,24 months,approved
BlueCapital,BlueCapital develops operational software for regional freight operators managing cross-border payment reconciliation. The company is raising capital to expand enterprise integrations and scale regional sales operations.,agritech,series-a,2148535,EUR,"Companies handling cross-border payment reconciliation lack integrated visibility across suppliers, regulators, and internal systems, creating avoidable operational costs.",regional freight operators,$2.4B estimated annual addressable spend across 20 national markets,"BlueCapital provides a cloud platform that centralizes cross-border payment reconciliation, connects external data feeds, and automates exception handling through configurable workflows.",Deployment architecture supports intermittent connectivity environments common across secondary markets.,Multi-year integration relationships with incumbent vendors create switching barriers for competing entrants.,Transaction commissions; enterprise licensing; compliance reporting services,Enterprise licensing agreements negotiated on multi-year procurement cycles.,Industry association partnerships; outbound enterprise sales; regional conferences,215453,861812,290708,16 months,approved
PioneerChain,PioneerChain is preparing a commercial platform connected to patient referral management within the proptech sector and is seeking funding to complete product development and marketing activities.,proptech,seed,1733258,USD,"municipal clinics face ongoing coordination challenges related to patient referral management, although the scale of the issue varies across regions.",municipal clinics,Internal assumptions suggest broad demand among digital businesses,PioneerChain plans to introduce a platform related to patient referral management with a combination of automation features and reporting tools for commercial users.,Historical benchmarking data collected from pilot customers enables risk scoring unavailable through standard ERP systems.,The company expects product flexibility to support future differentiation as the market evolves.,Subscription contracts; onboarding fees; API access charges,Monthly subscription structure combined with one-time deployment charges.,Industry association partnerships; outbound enterprise sales; regional conferences,0,11201243,167433,8 months,rejected
AtlasHealth,AtlasHealth is preparing a commercial platform connected to tenant documentation within the proptech sector and is seeking funding to complete product development and marketing activities.,proptech,series-a,7308082,EUR,"property managers face ongoing coordination challenges related to tenant documentation, although the scale of the issue varies across regions.",property managers,Management estimates the market opportunity to be substantial across multiple regions,AtlasHealth plans to introduce a platform related to tenant documentation with a combination of automation features and reporting tools for commercial users.,Historical benchmarking data collected from pilot customers enables risk scoring unavailable through standard ERP systems.,Management believes the market remains open to new entrants without significant barriers.,Annual platform subscriptions; implementation services; support retainers,Tiered annual contracts priced according to active accounts and processing volume.,Targeted account-based marketing; implementation partners; compliance webinars,13252,49839077,818894,2 months,rejected
IronBase,IronBase is preparing a commercial platform connected to patient referral management within the edtech sector and is seeking funding to complete product development and marketing activities.,edtech,series-a,372550,GBP,"municipal clinics face ongoing coordination challenges related to patient referral management, although the scale of the issue varies across regions.",municipal clinics,The company references a large international customer base without quantified segmentation,IronBase plans to introduce a platform related to patient referral management with a combination of automation features and reporting tools for commercial users.,Historical benchmarking data collected from pilot customers enables risk scoring unavailable through standard ERP systems.,"Several competitors operate in adjacent categories, though management expects demand to expand over time.",Subscription contracts; onboarding fees; API access charges,Usage-based pricing indexed to transaction activity and storage requirements.,Direct procurement outreach; channel reseller agreements; referral incentives,7013,45210270,392242,6 months,rejected
AtlasPilot,AtlasPilot is preparing a commercial platform connected to crop procurement tracking within the logistics sector and is seeking funding to complete product development and marketing activities.,logistics,pre-seed,3833214,SGD,"The current environment around crop procurement tracking appears difficult for some operators, though quantitative benchmarks are limited.",grain cooperatives,The company references a large international customer base without quantified segmentation,AtlasPilot plans to introduce a platform related to crop procurement tracking with a combination of automation features and reporting tools for commercial users.,The platform incorporates sector-specific compliance workflows rarely supported by horizontal software vendors.,The company expects product flexibility to support future differentiation as the market evolves.,Annual platform subscriptions; implementation services; support retainers,Monthly subscription structure combined with one-time deployment charges.,Targeted account-based marketing; implementation partners; compliance webinars,0,31849226,267688,2 months,rejected
VectorCapital,VectorCapital develops operational software for vocational training providers managing credential verification. The company is raising capital to expand enterprise integrations and scale regional sales operations.,proptech,pre-seed,7915391,SGD,"Companies handling credential verification lack integrated visibility across suppliers, regulators, and internal systems, creating avoidable operational costs.",vocational training providers,$89.0B estimated annual addressable spend across 18 national markets,"VectorCapital provides a cloud platform that centralizes credential verification, connects external data feeds, and automates exception handling through configurable workflows.",Historical benchmarking data collected from pilot customers enables risk scoring unavailable through standard ERP systems.,Existing distribution agreements with sector operators provide direct access to procurement teams across three countries.,Subscription contracts; onboarding fees; API access charges,Usage-based pricing indexed to transaction activity and storage requirements.,Industry association partnerships; outbound enterprise sales; regional conferences,517821,1553463,341165,22 months,approved
CobaltLabs,CobaltLabs is preparing a commercial platform connected to patient referral management within the ecommerce sector and is seeking funding to complete product development and marketing activities.,ecommerce,pre-seed,2130189,SGD,"The current environment around patient referral management appears difficult for some operators, though quantitative benchmarks are limited.",municipal clinics,Leadership expects long-term expansion as adoption of software tools increases,CobaltLabs plans to introduce a platform related to patient referral management with a combination of automation features and reporting tools for commercial users.,Historical benchmarking data collected from pilot customers enables risk scoring unavailable through standard ERP systems.,Management believes the market remains open to new entrants without significant barriers.,Annual platform subscriptions; implementation services; support retainers,Tiered annual contracts priced according to active accounts and processing volume.,Direct procurement outreach; channel reseller agreements; referral incentives,7013,71280617,223301,8 months,rejected
NorthMarkets,NorthMarkets is preparing a commercial platform connected to patient referral management within the logistics sector and is seeking funding to complete product development and marketing activities.,logistics,series-a,288492,EUR,Businesses involved in patient referral management often mention administrative inefficiencies but purchasing priorities remain inconsistent.,municipal clinics,The company references a large international customer base without quantified segmentation,NorthMarkets plans to introduce a platform related to patient referral management with a combination of automation features and reporting tools for commercial users.,Historical benchmarking data collected from pilot customers enables risk scoring unavailable through standard ERP systems.,Management believes the market remains open to new entrants without significant barriers.,Subscription contracts; onboarding fees; API access charges,Monthly subscription structure combined with one-time deployment charges.,Industry association partnerships; outbound enterprise sales; regional conferences,0,67893647,474009,4 months,rejected
PeakChain,PeakChain is preparing a commercial platform connected to claims intake within the edtech sector and is seeking funding to complete product development and marketing activities.,edtech,seed,6517517,EUR,"insurance brokers face ongoing coordination challenges related to claims intake, although the scale of the issue varies across regions.",insurance brokers,Internal assumptions suggest broad demand among digital businesses,PeakChain plans to introduce a platform related to claims intake with a combination of automation features and reporting tools for commercial users.,Native integrations with regional financial and regulatory systems reduce migration friction for enterprise clients.,The business intends to establish brand recognition following product launch activities.,Usage-based billing; premium analytics modules; integration retainers,Enterprise licensing agreements negotiated on multi-year procurement cycles.,Pilot deployments with anchor customers; sector trade events; executive referrals,0,97634215,328801,6 months,rejected
SummitCloud,SummitCloud is preparing a commercial platform connected to maintenance dispatch within the ecommerce sector and is seeking funding to complete product development and marketing activities.,ecommerce,pre-seed,6395150,SGD,"The current environment around maintenance dispatch appears difficult for some operators, though quantitative benchmarks are limited.",solar installers,Leadership expects long-term expansion as adoption of software tools increases,SummitCloud plans to introduce a platform related to maintenance dispatch with a combination of automation features and reporting tools for commercial users.,Historical benchmarking data collected from pilot customers enables risk scoring unavailable through standard ERP systems.,The company expects product flexibility to support future differentiation as the market evolves.,Transaction commissions; enterprise licensing; compliance reporting services,Tiered annual contracts priced according to active accounts and processing volume.,Targeted account-based marketing; implementation partners; compliance webinars,11375,99997206,870831,2 months,rejected
VectorBase,VectorBase is preparing a commercial platform connected to claims intake within the ecommerce sector and is seeking funding to complete product development and marketing activities.,ecommerce,pre-seed,2413911,SGD,Businesses involved in claims intake often mention administrative inefficiencies but purchasing priorities remain inconsistent.,insurance brokers,Management estimates the market opportunity to be substantial across multiple regions,VectorBase plans to introduce a platform related to claims intake with a combination of automation features and reporting tools for commercial users.,Historical benchmarking data collected from pilot customers enables risk scoring unavailable through standard ERP systems.,Management believes the market remains open to new entrants without significant barriers.,Transaction commissions; enterprise licensing; compliance reporting services,Tiered annual contracts priced according to active accounts and processing volume.,Pilot deployments with anchor customers; sector trade events; executive referrals,5675,89214117,739185,7 months,rejected
PioneerWorks,PioneerWorks develops operational software for regional freight operators managing cross-border payment reconciliation. The company is raising capital to expand enterprise integrations and scale regional sales operations.,healthtech,series-a,1703974,GBP,"Independent regional freight operators rely on fragmented cross-border payment reconciliation workflows, resulting in delayed reporting cycles and unresolved transaction discrepancies.",regional freight operators,$46.6B estimated annual addressable spend across 25 national markets,"PioneerWorks provides a cloud platform that centralizes cross-border payment reconciliation, connects external data feeds, and automates exception handling through configurable workflows.",The platform incorporates sector-specific compliance workflows rarely supported by horizontal software vendors.,Multi-year integration relationships with incumbent vendors create switching barriers for competing entrants.,Subscription contracts; onboarding fees; API access charges,Usage-based pricing indexed to transaction activity and storage requirements.,Targeted account-based marketing; implementation partners; compliance webinars,2152222,15065554,67111,22 months,approved
StoneCapital,StoneCapital develops operational software for vocational training providers managing credential verification. The company is raising capital to expand enterprise integrations and scale regional sales operations.,fintech,pre-seed,7046423,AED,"Independent vocational training providers rely on fragmented credential verification workflows, resulting in delayed reporting cycles and unresolved transaction discrepancies.",vocational training providers,$36.2B estimated annual addressable spend across 12 national markets,"StoneCapital provides a cloud platform that centralizes credential verification, connects external data feeds, and automates exception handling through configurable workflows.",The platform incorporates sector-specific compliance workflows rarely supported by horizontal software vendors.,Multi-year integration relationships with incumbent vendors create switching barriers for competing entrants.,Usage-based billing; premium analytics modules; integration retainers,Monthly subscription structure combined with one-time deployment charges.,Pilot deployments with anchor customers; sector trade events; executive referrals,1327609,5310436,291007,20 months,approved
PeakSync,PeakSync develops operational software for vocational training providers managing credential verification. The company is raising capital to expand enterprise integrations and scale regional sales operations.,logistics,pre-seed,7621663,GBP,"vocational training providers continue to manage credential verification through spreadsheets and email coordination, increasing operating losses and compliance exposure.",vocational training providers,$49.4B estimated annual addressable spend across 17 national markets,"PeakSync provides a cloud platform that centralizes credential verification, connects external data feeds, and automates exception handling through configurable workflows.",Deployment architecture supports intermittent connectivity environments common across secondary markets.,Existing distribution agreements with sector operators provide direct access to procurement teams across three countries.,Subscription contracts; onboarding fees; API access charges,Monthly subscription structure combined with one-time deployment charges.,Industry association partnerships; outbound enterprise sales; regional conferences,350455,2102730,115457,24 months,approved
VectorAnalytics,VectorAnalytics develops operational software for retail distributors managing inventory forecasting. The company is raising capital to expand enterprise integrations and scale regional sales operations.,healthtech,pre-seed,2505362,AED,"Independent retail distributors rely on fragmented inventory forecasting workflows, resulting in delayed reporting cycles and unresolved transaction discrepancies.",retail distributors,$1.0B estimated annual addressable spend across 10 national markets,"VectorAnalytics provides a cloud platform that centralizes inventory forecasting, connects external data feeds, and automates exception handling through configurable workflows.",Native integrations with regional financial and regulatory systems reduce migration friction for enterprise clients.,The founding team previously managed operational infrastructure within the target industry and secured early reference accounts.,Usage-based billing; premium analytics modules; integration retainers,Enterprise licensing agreements negotiated on multi-year procurement cycles.,Pilot deployments with anchor customers; sector trade events; executive referrals,938926,6572482,319955,30 months,approved
VectorBridge,VectorBridge is preparing a commercial platform connected to inventory forecasting within the proptech sector and is seeking funding to complete product development and marketing activities.,proptech,idea,4642878,EUR,Businesses involved in inventory forecasting often mention administrative inefficiencies but purchasing priorities remain inconsistent.,retail distributors,Internal assumptions suggest broad demand among digital businesses,VectorBridge plans to introduce a platform related to inventory forecasting with a combination of automation features and reporting tools for commercial users.,Deployment architecture supports intermittent connectivity environments common across secondary markets.,"Several competitors operate in adjacent categories, though management expects demand to expand over time.",Transaction commissions; enterprise licensing; compliance reporting services,Usage-based pricing indexed to transaction activity and storage requirements.,Industry association partnerships; outbound enterprise sales; regional conferences,0,12893308,191736,2 months,rejected
VectorGrid,VectorGrid develops operational software for warehouse operators managing fleet scheduling. The company is raising capital to expand enterprise integrations and scale regional sales operations.,saas,idea,4337023,USD,"Independent warehouse operators rely on fragmented fleet scheduling workflows, resulting in delayed reporting cycles and unresolved transaction discrepancies.",warehouse operators,$56.2B estimated annual addressable spend across 22 national markets,"VectorGrid provides a cloud platform that centralizes fleet scheduling, connects external data feeds, and automates exception handling through configurable workflows.",Native integrations with regional financial and regulatory systems reduce migration friction for enterprise clients.,Exclusive access to proprietary operational datasets improves forecasting accuracy during onboarding.,Usage-based billing; premium analytics modules; integration retainers,Monthly subscription structure combined with one-time deployment charges.,Industry association partnerships; outbound enterprise sales; regional conferences,1751617,14012936,319953,28 months,approved
IronBase,IronBase develops operational software for solar installers managing maintenance dispatch. The company is raising capital to expand enterprise integrations and scale regional sales operations.,edtech,seed,855488,SGD,"solar installers continue to manage maintenance dispatch through spreadsheets and email coordination, increasing operating losses and compliance exposure.",solar installers,$38.4B estimated annual addressable spend across 22 national markets,"IronBase provides a cloud platform that centralizes maintenance dispatch, connects external data feeds, and automates exception handling through configurable workflows.",Native integrations with regional financial and regulatory systems reduce migration friction for enterprise clients.,Multi-year integration relationships with incumbent vendors create switching barriers for competing entrants.,Annual platform subscriptions; implementation services; support retainers,Tiered annual contracts priced according to active accounts and processing volume.,Targeted account-based marketing; implementation partners; compliance webinars,1494121,11952968,156493,27 months,approved
PioneerPilot,PioneerPilot develops operational software for warehouse operators managing fleet scheduling. The company is raising capital to expand enterprise integrations and scale regional sales operations.,fintech,seed,1896233,USD,"warehouse operators continue to manage fleet scheduling through spreadsheets and email coordination, increasing operating losses and compliance exposure.",warehouse operators,$67.8B estimated annual addressable spend across 15 national markets,"PioneerPilot provides a cloud platform that centralizes fleet scheduling, connects external data feeds, and automates exception handling through configurable workflows.",Deployment architecture supports intermittent connectivity environments common across secondary markets.,The founding team previously managed operational infrastructure within the target industry and secured early reference accounts.,Subscription contracts; onboarding fees; API access charges,Usage-based pricing indexed to transaction activity and storage requirements.,Targeted account-based marketing; implementation partners; compliance webinars,1963883,15711064,299648,14 months,approved
RiverAnalytics,RiverAnalytics is preparing a commercial platform connected to cross-border payment reconciliation within the agritech sector and is seeking funding to complete product development and marketing activities.,agritech,seed,3278519,SGD,Businesses involved in cross-border payment reconciliation often mention administrative inefficiencies but purchasing priorities remain inconsistent.,regional freight operators,The company references a large international customer base without quantified segmentation,RiverAnalytics plans to introduce a platform related to cross-border payment reconciliation with a combination of automation features and reporting tools for commercial users.,The platform incorporates sector-specific compliance workflows rarely supported by horizontal software vendors.,The company expects product flexibility to support future differentiation as the market evolves.,Annual platform subscriptions; implementation services; support retainers,Usage-based pricing indexed to transaction activity and storage requirements.,Direct procurement outreach; channel reseller agreements; referral incentives,676,15220905,807899,5 months,rejected
PeakBase,PeakBase is preparing a commercial platform connected to maintenance dispatch within the ecommerce sector and is seeking funding to complete product development and marketing activities.,ecommerce,pre-seed,7463985,USD,"solar installers face ongoing coordination challenges related to maintenance dispatch, although the scale of the issue varies across regions.",solar installers,Management estimates the market opportunity to be substantial across multiple regions,PeakBase plans to introduce a platform related to maintenance dispatch with a combination of automation features and reporting tools for commercial users.,Deployment architecture supports intermittent connectivity environments common across secondary markets.,"Several competitors operate in adjacent categories, though management expects demand to expand over time.",Subscription contracts; onboarding fees; API access charges,Monthly subscription structure combined with one-time deployment charges.,Targeted account-based marketing; implementation partners; compliance webinars,9655,10573571,454989,6 months,rejected
GraniteWorks,GraniteWorks develops operational software for warehouse operators managing fleet scheduling. The company is raising capital to expand enterprise integrations and scale regional sales operations.,healthtech,series-a,3070626,USD,"warehouse operators continue to manage fleet scheduling through spreadsheets and email coordination, increasing operating losses and compliance exposure.",warehouse operators,$17.0B estimated annual addressable spend across 12 national markets,"GraniteWorks provides a cloud platform that centralizes fleet scheduling, connects external data feeds, and automates exception handling through configurable workflows.",Historical benchmarking data collected from pilot customers enables risk scoring unavailable through standard ERP systems.,Multi-year integration relationships with incumbent vendors create switching barriers for competing entrants.,Annual platform subscriptions; implementation services; support retainers,Monthly subscription structure combined with one-time deployment charges.,Industry association partnerships; outbound enterprise sales; regional conferences,2357654,9430616,92843,14 months,approved
VectorSystems,VectorSystems develops operational software for regional freight operators managing cross-border payment reconciliation. The company is raising capital to expand enterprise integrations and scale regional sales operations.,saas,idea,3341025,EUR,"Companies handling cross-border payment reconciliation lack integrated visibility across suppliers, regulators, and internal systems, creating avoidable operational costs.",regional freight operators,$4.3B estimated annual addressable spend across 17 national markets,"VectorSystems provides a cloud platform that centralizes cross-border payment reconciliation, connects external data feeds, and automates exception handling through configurable workflows.",Native integrations with regional financial and regulatory systems reduce migration friction for enterprise clients.,Exclusive access to proprietary operational datasets improves forecasting accuracy during onboarding.,Subscription contracts; onboarding fees; API access charges,Monthly subscription structure combined with one-time deployment charges.,Industry association partnerships; outbound enterprise sales; regional conferences,2176200,13057200,276422,22 months,approved
AtlasCapital,AtlasCapital is preparing a commercial platform connected to cross-border payment reconciliation within the cleantech sector and is seeking funding to complete product development and marketing activities.,cleantech,idea,4763424,EUR,"The current environment around cross-border payment reconciliation appears difficult for some operators, though quantitative benchmarks are limited.",regional freight operators,Internal assumptions suggest broad demand among digital businesses,AtlasCapital plans to introduce a platform related to cross-border payment reconciliation with a combination of automation features and reporting tools for commercial users.,Native integrations with regional financial and regulatory systems reduce migration friction for enterprise clients.,The business intends to establish brand recognition following product launch activities.,Annual platform subscriptions; implementation services; support retainers,Tiered annual contracts priced according to active accounts and processing volume.,Direct procurement outreach; channel reseller agreements; referral incentives,0,80471873,177812,7 months,rejected
PeakPilot,PeakPilot is preparing a commercial platform connected to patient referral management within the healthtech sector and is seeking funding to complete product development and marketing activities.,healthtech,pre-seed,1368640,USD,"The current environment around patient referral management appears difficult for some operators, though quantitative benchmarks are limited.",municipal clinics,Leadership expects long-term expansion as adoption of software tools increases,PeakPilot plans to introduce a platform related to patient referral management with a combination of automation features and reporting tools for commercial users.,The platform incorporates sector-specific compliance workflows rarely supported by horizontal software vendors.,The company expects product flexibility to support future differentiation as the market evolves.,Annual platform subscriptions; implementation services; support retainers,Monthly subscription structure combined with one-time deployment charges.,Targeted account-based marketing; implementation partners; compliance webinars,0,84905106,865554,8 months,rejected
VectorHealth,VectorHealth develops operational software for solar installers managing maintenance dispatch. The company is raising capital to expand enterprise integrations and scale regional sales operations.,fintech,idea,3769683,EUR,"Companies handling maintenance dispatch lack integrated visibility across suppliers, regulators, and internal systems, creating avoidable operational costs.",solar installers,$12.6B estimated annual addressable spend across 12 national markets,"VectorHealth provides a cloud platform that centralizes maintenance dispatch, connects external data feeds, and automates exception handling through configurable workflows.",Historical benchmarking data collected from pilot customers enables risk scoring unavailable through standard ERP systems.,Existing distribution agreements with sector operators provide direct access to procurement teams across three countries.,Usage-based billing; premium analytics modules; integration retainers,Tiered annual contracts priced according to active accounts and processing volume.,Targeted account-based marketing; implementation partners; compliance webinars,1178994,4715976,86690,25 months,approved
SignalBase,SignalBase is preparing a commercial platform connected to contract review within the logistics sector and is seeking funding to complete product development and marketing activities.,logistics,pre-seed,1701682,AED,"The current environment around contract review appears difficult for some operators, though quantitative benchmarks are limited.",mid-sized law firms,The company references a large international customer base without quantified segmentation,SignalBase plans to introduce a platform related to contract review with a combination of automation features and reporting tools for commercial users.,Historical benchmarking data collected from pilot customers enables risk scoring unavailable through standard ERP systems.,"Several competitors operate in adjacent categories, though management expects demand to expand over time.",Transaction commissions; enterprise licensing; compliance reporting services,Monthly subscription structure combined with one-time deployment charges.,Targeted account-based marketing; implementation partners; compliance webinars,0,27830608,678467,4 months,rejected
CinderLedger,CinderLedger develops operational software for grain cooperatives managing crop procurement tracking. The company is raising capital to expand enterprise integrations and scale regional sales operations.,ecommerce,idea,7351868,AED,"Companies handling crop procurement tracking lack integrated visibility across suppliers, regulators, and internal systems, creating avoidable operational costs.",grain cooperatives,$67.1B estimated annual addressable spend across 19 national markets,"CinderLedger provides a cloud platform that centralizes crop procurement tracking, connects external data feeds, and automates exception handling through configurable workflows.",Native integrations with regional financial and regulatory systems reduce migration friction for enterprise clients.,The founding team previously managed operational infrastructure within the target industry and secured early reference accounts.,Usage-based billing; premium analytics modules; integration retainers,Enterprise licensing agreements negotiated on multi-year procurement cycles.,Pilot deployments with anchor customers; sector trade events; executive referrals,1060922,7426454,96919,20 months,approved
BlueWorks,BlueWorks develops operational software for property managers managing tenant documentation. The company is raising capital to expand enterprise integrations and scale regional sales operations.,ecommerce,pre-seed,4432147,USD,"Companies handling tenant documentation lack integrated visibility across suppliers, regulators, and internal systems, creating avoidable operational costs.",property managers,$14.5B estimated annual addressable spend across 21 national markets,"BlueWorks provides a cloud platform that centralizes tenant documentation, connects external data feeds, and automates exception handling through configurable workflows.",Historical benchmarking data collected from pilot customers enables risk scoring unavailable through standard ERP systems.,The founding team previously managed operational infrastructure within the target industry and secured early reference accounts.,Subscription contracts; onboarding fees; API access charges,Enterprise licensing agreements negotiated on multi-year procurement cycles.,Industry association partnerships; outbound enterprise sales; regional conferences,2113372,16906976,40978,25 months,approved
HarborLogic,HarborLogic is preparing a commercial platform connected to fleet scheduling within the fintech sector and is seeking funding to complete product development and marketing activities.,fintech,seed,7469209,SGD,"The current environment around fleet scheduling appears difficult for some operators, though quantitative benchmarks are limited.",warehouse operators,Management estimates the market opportunity to be substantial across multiple regions,HarborLogic plans to introduce a platform related to fleet scheduling with a combination of automation features and reporting tools for commercial users.,Native integrations with regional financial and regulatory systems reduce migration friction for enterprise clients.,Management believes the market remains open to new entrants without significant barriers.,Annual platform subscriptions; implementation services; support retainers,Enterprise licensing agreements negotiated on multi-year procurement cycles.,Direct procurement outreach; channel reseller agreements; referral incentives,0,106521520,458965,5 months,rejected
AtlasLedger,AtlasLedger is preparing a commercial platform connected to patient referral management within the proptech sector and is seeking funding to complete product development and marketing activities.,proptech,idea,5937584,SGD,"The current environment around patient referral management appears difficult for some operators, though quantitative benchmarks are limited.",municipal clinics,Management estimates the market opportunity to be substantial across multiple regions,AtlasLedger plans to introduce a platform related to patient referral management with a combination of automation features and reporting tools for commercial users.,The platform incorporates sector-specific compliance workflows rarely supported by horizontal software vendors.,"Several competitors operate in adjacent categories, though management expects demand to expand over time.",Subscription contracts; onboarding fees; API access charges,Monthly subscription structure combined with one-time deployment charges.,Industry association partnerships; outbound enterprise sales; regional conferences,0,81119764,713669,8 months,rejected
LatticeTransit,LatticeTransit develops operational software for retail distributors managing inventory forecasting. The company is raising capital to expand enterprise integrations and scale regional sales operations.,healthtech,seed,6936903,AED,"retail distributors continue to manage inventory forecasting through spreadsheets and email coordination, increasing operating losses and compliance exposure.",retail distributors,$13.0B estimated annual addressable spend across 15 national markets,"LatticeTransit provides a cloud platform that centralizes inventory forecasting, connects external data feeds, and automates exception handling through configurable workflows.",Deployment architecture supports intermittent connectivity environments common across secondary markets.,Existing distribution agreements with sector operators provide direct access to procurement teams across three countries.,Usage-based billing; premium analytics modules; integration retainers,Enterprise licensing agreements negotiated on multi-year procurement cycles.,Targeted account-based marketing; implementation partners; compliance webinars,1867575,14940600,106376,27 months,approved
RiverGrid,RiverGrid is preparing a commercial platform connected to crop procurement tracking within the proptech sector and is seeking funding to complete product development and marketing activities.,proptech,idea,6223655,SGD,"grain cooperatives face ongoing coordination challenges related to crop procurement tracking, although the scale of the issue varies across regions.",grain cooperatives,Management estimates the market opportunity to be substantial across multiple regions,RiverGrid plans to introduce a platform related to crop procurement tracking with a combination of automation features and reporting tools for commercial users.,Native integrations with regional financial and regulatory systems reduce migration friction for enterprise clients.,Management believes the market remains open to new entrants without significant barriers.,Transaction commissions; enterprise licensing; compliance reporting services,Usage-based pricing indexed to transaction activity and storage requirements.,Targeted account-based marketing; implementation partners; compliance webinars,0,84531460,668595,7 months,rejected
ApexTransit,ApexTransit develops operational software for retail distributors managing inventory forecasting. The company is raising capital to expand enterprise integrations and scale regional sales operations.,proptech,idea,3814671,SGD,"Independent retail distributors rely on fragmented inventory forecasting workflows, resulting in delayed reporting cycles and unresolved transaction discrepancies.",retail distributors,$60.2B estimated annual addressable spend across 6 national markets,"ApexTransit provides a cloud platform that centralizes inventory forecasting, connects external data feeds, and automates exception handling through configurable workflows.",Historical benchmarking data collected from pilot customers enables risk scoring unavailable through standard ERP systems.,Exclusive access to proprietary operational datasets improves forecasting accuracy during onboarding.,Annual platform subscriptions; implementation services; support retainers,Enterprise licensing agreements negotiated on multi-year procurement cycles.,Targeted account-based marketing; implementation partners; compliance webinars,1325043,9275301,204709,21 months,approved
SummitCloud,SummitCloud develops operational software for vocational training providers managing credential verification. The company is raising capital to expand enterprise integrations and scale regional sales operations.,ecommerce,seed,2141320,AED,"Independent vocational training providers rely on fragmented credential verification workflows, resulting in delayed reporting cycles and unresolved transaction discrepancies.",vocational training providers,$8.9B estimated annual addressable spend across 7 national markets,"SummitCloud provides a cloud platform that centralizes credential verification, connects external data feeds, and automates exception handling through configurable workflows.",Native integrations with regional financial and regulatory systems reduce migration friction for enterprise clients.,Multi-year integration relationships with incumbent vendors create switching barriers for competing entrants.,Annual platform subscriptions; implementation services; support retainers,Monthly subscription structure combined with one-time deployment charges.,Direct procurement outreach; channel reseller agreements; referral incentives,147647,738235,251153,23 months,approved
PeakMetrics,PeakMetrics develops operational software for warehouse operators managing fleet scheduling. The company is raising capital to expand enterprise integrations and scale regional sales operations.,legaltech,seed,4067125,SGD,"warehouse operators continue to manage fleet scheduling through spreadsheets and email coordination, increasing operating losses and compliance exposure.",warehouse operators,$24.6B estimated annual addressable spend across 10 national markets,"PeakMetrics provides a cloud platform that centralizes fleet scheduling, connects external data feeds, and automates exception handling through configurable workflows.",The platform incorporates sector-specific compliance workflows rarely supported by horizontal software vendors.,Exclusive access to proprietary operational datasets improves forecasting accuracy during onboarding.,Annual platform subscriptions; implementation services; support retainers,Usage-based pricing indexed to transaction activity and storage requirements.,Industry association partnerships; outbound enterprise sales; regional conferences,41089,246534,100897,16 months,approved
VectorCloud,VectorCloud is preparing a commercial platform connected to maintenance dispatch within the proptech sector and is seeking funding to complete product development and marketing activities.,proptech,seed,5107826,USD,Businesses involved in maintenance dispatch often mention administrative inefficiencies but purchasing priorities remain inconsistent.,solar installers,Internal assumptions suggest broad demand among digital businesses,VectorCloud plans to introduce a platform related to maintenance dispatch with a combination of automation features and reporting tools for commercial users.,Historical benchmarking data collected from pilot customers enables risk scoring unavailable through standard ERP systems.,Management believes the market remains open to new entrants without significant barriers.,Subscription contracts; onboarding fees; API access charges,Monthly subscription structure combined with one-time deployment charges.,Pilot deployments with anchor customers; sector trade events; executive referrals,0,113082252,650543,7 months,rejected
SignalCloud,SignalCloud is preparing a commercial platform connected to maintenance dispatch within the ecommerce sector and is seeking funding to complete product development and marketing activities.,ecommerce,pre-seed,778910,EUR,"The current environment around maintenance dispatch appears difficult for some operators, though quantitative benchmarks are limited.",solar installers,The company references a large international customer base without quantified segmentation,SignalCloud plans to introduce a platform related to maintenance dispatch with a combination of automation features and reporting tools for commercial users.,Native integrations with regional financial and regulatory systems reduce migration friction for enterprise clients.,Management believes the market remains open to new entrants without significant barriers.,Transaction commissions; enterprise licensing; compliance reporting services,Usage-based pricing indexed to transaction activity and storage requirements.,Direct procurement outreach; channel reseller agreements; referral incentives,0,113828211,375823,8 months,rejected
AtlasCloud,AtlasCloud develops operational software for vocational training providers managing credential verification. The company is raising capital to expand enterprise integrations and scale regional sales operations.,agritech,seed,7875890,SGD,"Companies handling credential verification lack integrated visibility across suppliers, regulators, and internal systems, creating avoidable operational costs.",vocational training providers,$46.9B estimated annual addressable spend across 15 national markets,"AtlasCloud provides a cloud platform that centralizes credential verification, connects external data feeds, and automates exception handling through configurable workflows.",Deployment architecture supports intermittent connectivity environments common across secondary markets.,Multi-year integration relationships with incumbent vendors create switching barriers for competing entrants.,Transaction commissions; enterprise licensing; compliance reporting services,Tiered annual contracts priced according to active accounts and processing volume.,Pilot deployments with anchor customers; sector trade events; executive referrals,1871327,14970616,73305,16 months,approved
CobaltGrid,CobaltGrid is preparing a commercial platform connected to patient referral management within the ecommerce sector and is seeking funding to complete product development and marketing activities.,ecommerce,idea,4962460,EUR,"municipal clinics face ongoing coordination challenges related to patient referral management, although the scale of the issue varies across regions.",municipal clinics,Management estimates the market opportunity to be substantial across multiple regions,CobaltGrid plans to introduce a platform related to patient referral management with a combination of automation features and reporting tools for commercial users.,Native integrations with regional financial and regulatory systems reduce migration friction for enterprise clients.,The company expects product flexibility to support future differentiation as the market evolves.,Annual platform subscriptions; implementation services; support retainers,Monthly subscription structure combined with one-time deployment charges.,Targeted account-based marketing; implementation partners; compliance webinars,0,25673753,543934,6 months,rejected
RiverCapital,RiverCapital is preparing a commercial platform connected to fleet scheduling within the edtech sector and is seeking funding to complete product development and marketing activities.,edtech,idea,6960787,EUR,"warehouse operators face ongoing coordination challenges related to fleet scheduling, although the scale of the issue varies across regions.",warehouse operators,Management estimates the market opportunity to be substantial across multiple regions,RiverCapital plans to introduce a platform related to fleet scheduling with a combination of automation features and reporting tools for commercial users.,Deployment architecture supports intermittent connectivity environments common across secondary markets.,Management believes the market remains open to new entrants without significant barriers.,Usage-based billing; premium analytics modules; integration retainers,Tiered annual contracts priced according to active accounts and processing volume.,Targeted account-based marketing; implementation partners; compliance webinars,5625,52736515,180572,5 months,rejected
CobaltBase,CobaltBase develops operational software for regional freight operators managing cross-border payment reconciliation. The company is raising capital to expand enterprise integrations and scale regional sales operations.,healthtech,idea,7146205,EUR,"Companies handling cross-border payment reconciliation lack integrated visibility across suppliers, regulators, and internal systems, creating avoidable operational costs.",regional freight operators,$48.1B estimated annual addressable spend across 19 national markets,"CobaltBase provides a cloud platform that centralizes cross-border payment reconciliation, connects external data feeds, and automates exception handling through configurable workflows.",The platform incorporates sector-specific compliance workflows rarely supported by horizontal software vendors.,Multi-year integration relationships with incumbent vendors create switching barriers for competing entrants.,Transaction commissions; enterprise licensing; compliance reporting services,Enterprise licensing agreements negotiated on multi-year procurement cycles.,Industry association partnerships; outbound enterprise sales; regional conferences,1668444,8342220,32510,17 months,approved
CinderDynamics,CinderDynamics is preparing a commercial platform connected to fleet scheduling within the legaltech sector and is seeking funding to complete product development and marketing activities.,legaltech,seed,428705,EUR,"warehouse operators face ongoing coordination challenges related to fleet scheduling, although the scale of the issue varies across regions.",warehouse operators,Leadership expects long-term expansion as adoption of software tools increases,CinderDynamics plans to introduce a platform related to fleet scheduling with a combination of automation features and reporting tools for commercial users.,Native integrations with regional financial and regulatory systems reduce migration friction for enterprise clients.,Management believes the market remains open to new entrants without significant barriers.,Subscription contracts; onboarding fees; API access charges,Tiered annual contracts priced according to active accounts and processing volume.,Industry association partnerships; outbound enterprise sales; regional conferences,0,83499272,358806,5 months,rejected
BlueLabs,BlueLabs develops operational software for property managers managing tenant documentation. The company is raising capital to expand enterprise integrations and scale regional sales operations.,ecommerce,pre-seed,7113669,EUR,"property managers continue to manage tenant documentation through spreadsheets and email coordination, increasing operating losses and compliance exposure.",property managers,$78.1B estimated annual addressable spend across 11 national markets,"BlueLabs provides a cloud platform that centralizes tenant documentation, connects external data feeds, and automates exception handling through configurable workflows.",Deployment architecture supports intermittent connectivity environments common across secondary markets.,The founding team previously managed operational infrastructure within the target industry and secured early reference accounts.,Annual platform subscriptions; implementation services; support retainers,Usage-based pricing indexed to transaction activity and storage requirements.,Targeted account-based marketing; implementation partners; compliance webinars,40224,281568,83212,20 months,approved
