title,summary,sector,stage,targetAmount,currency,problem_statement,problem_targetMarket,problem_marketSize,solution_description,solution_uniqueValue,solution_competitiveAdvantage,businessModel_revenueStreams,businessModel_pricingStrategy,businessModel_customerAcquisition,financials_currentRevenue,financials_projectedRevenue,financials_burnRate,financials_runway,status
GraniteMetrics,"GraniteMetrics operates a workflow platform used by commercial property groups responsible for maintenance dispatching. Capital from the current round is allocated toward integration support, implementation staffing, and account expansion activity.",edtech,pre-seed,4477635,SGD,Teams handling maintenance dispatching often rely on fragmented operational processes requiring repeated reconciliation between internal systems and external service providers.,commercial property groups,$54.4B annual operating market across 7 regions,"The platform consolidates operational records associated with maintenance dispatching, synchronizes data across connected systems, and maintains configurable reporting controls.",The deployment architecture supports phased onboarding across distributed customer operating environments.,Customer deployments are managed through standardized implementation procedures across account operating environments.,Recurring software subscriptions; onboarding retainers; reporting modules,Customers are billed through annual contracts aligned with usage activity and implementation requirements.,"Customer acquisition relies on procurement referrals, implementation partners, and direct enterprise sales activity.",1366698,18027710,195290,9 months,rejected
PioneerPilot,"PioneerPilot develops operational software for retail distribution chains managing vendor reconciliation. The current financing round supports deployment capacity, onboarding operations, and implementation coverage across additional markets.",saas,series-a,4571515,USD,"Operational groups managing vendor reconciliation typically lack centralized visibility across reporting environments, vendor records, and implementation workflows.",retail distribution chains,$69.3B annual operating market across 18 regions,"The software standardizes workflows related to vendor reconciliation while supporting audit visibility, role-based access management, and operational tracking.",The implementation framework maintains configurable workflow rules across customer operating environments.,The implementation framework supports staged account onboarding across distributed operational environments.,Usage-based billing; workflow modules; deployment support services,Pricing combines recurring subscription commitments with onboarding and reporting service charges.,"The company sources accounts through regional implementation partners, outbound sales outreach, and executive referral networks.",1277726,17944633,278464,7 months,rejected
VectorMetrics,"VectorMetrics develops operational software for warehouse operators managing tenant onboarding. The current financing round supports deployment capacity, onboarding operations, and implementation coverage across additional markets.",logistics,pre-seed,3164709,SGD,"Operational groups managing tenant onboarding typically lack centralized visibility across reporting environments, vendor records, and implementation workflows.",warehouse operators,$8.0B annual operating market across 20 regions,The product centralizes operational coordination associated with tenant onboarding into a unified management environment with configurable workflow logic.,The implementation framework maintains configurable workflow rules across customer operating environments.,Customer deployments are managed through standardized implementation procedures across account operating environments.,Usage-based billing; workflow modules; deployment support services,Pricing combines recurring subscription commitments with onboarding and reporting service charges.,"The company sources accounts through regional implementation partners, outbound sales outreach, and executive referral networks.",2047340,24411376,764449,5 months,rejected
SummitCloud,"SummitCloud develops operational software for independent legal practices managing compliance tracking. The current financing round supports deployment capacity, onboarding operations, and implementation coverage across additional markets.",edtech,series-a,3030824,EUR,"Organizations responsible for compliance tracking frequently coordinate activity across disconnected systems, vendor portals, and manual reporting workflows.",independent legal practices,$87.3B annual operating market across 9 regions,"The software standardizes workflows related to compliance tracking while supporting audit visibility, role-based access management, and operational tracking.",The deployment architecture supports phased onboarding across distributed customer operating environments.,Customer deployments are managed through standardized implementation procedures across account operating environments.,Recurring software subscriptions; onboarding retainers; reporting modules,Pricing combines recurring subscription commitments with onboarding and reporting service charges.,"The company sources accounts through regional implementation partners, outbound sales outreach, and executive referral networks.",2348742,24807727,217592,4 months,rejected
ApexMetrics,"ApexMetrics operates a workflow platform used by multi-campus training institutes responsible for vendor reconciliation. Capital from the current round is allocated toward integration support, implementation staffing, and account expansion activity.",healthtech,series-a,2885858,USD,"Operational groups managing vendor reconciliation typically lack centralized visibility across reporting environments, vendor records, and implementation workflows.",multi-campus training institutes,$84.9B annual operating market across 6 regions,The product centralizes operational coordination associated with vendor reconciliation into a unified management environment with configurable workflow logic.,The software includes configurable controls aligned with procurement and reporting requirements.,Customer deployments are managed through standardized implementation procedures across account operating environments.,Annual platform agreements; implementation services; support contracts,Customers are billed through annual contracts aligned with usage activity and implementation requirements.,"The company sources accounts through regional implementation partners, outbound sales outreach, and executive referral networks.",1610313,21817138,679603,7 months,rejected
PioneerLogic,"PioneerLogic develops operational software for multi-campus training institutes managing claims intake. The current financing round supports deployment capacity, onboarding operations, and implementation coverage across additional markets.",saas,series-a,2682789,SGD,Teams handling claims intake often rely on fragmented operational processes requiring repeated reconciliation between internal systems and external service providers.,multi-campus training institutes,$36.5B annual operating market across 6 regions,"The platform consolidates operational records associated with claims intake, synchronizes data across connected systems, and maintains configurable reporting controls.",The platform supports integration with operational systems commonly used across secondary regional markets.,Deployment operations follow a structured onboarding process across customer operating environments with phased implementation support during rollout.,Annual platform agreements; implementation services; support contracts,"Commercial agreements are indexed to deployment scope, transaction activity, and active operating locations.","Customer acquisition relies on procurement referrals, implementation partners, and direct enterprise sales activity.",2033644,22276134,619640,9 months,rejected
PioneerLedger,PioneerLedger provides enterprise software focused on tenant onboarding for independent legal practices. The company is raising funding to support regional deployment operations and commercial onboarding capacity.,healthtech,pre-seed,9375230,SGD,"Organizations responsible for tenant onboarding frequently coordinate activity across disconnected systems, vendor portals, and manual reporting workflows.",independent legal practices,$76.3B annual operating market across 22 regions,The product centralizes operational coordination associated with tenant onboarding into a unified management environment with configurable workflow logic.,The software includes configurable controls aligned with procurement and reporting requirements.,The implementation framework supports staged account onboarding across distributed operational environments.,Recurring software subscriptions; onboarding retainers; reporting modules,"Commercial agreements are indexed to deployment scope, transaction activity, and active operating locations.","Commercial growth is supported through pilot deployments, sector conferences, and referral relationships.",856618,13400134,572342,7 months,rejected
ApexGrid,"ApexGrid operates a workflow platform used by independent legal practices responsible for maintenance dispatching. Capital from the current round is allocated toward integration support, implementation staffing, and account expansion activity.",cleantech,seed,1190386,EUR,Teams handling maintenance dispatching often rely on fragmented operational processes requiring repeated reconciliation between internal systems and external service providers.,independent legal practices,$37.3B annual operating market across 14 regions,"The platform consolidates operational records associated with maintenance dispatching, synchronizes data across connected systems, and maintains configurable reporting controls.",The implementation framework maintains configurable workflow rules across customer operating environments.,Deployment operations follow a structured onboarding process across customer operating environments with phased implementation support during rollout.,Recurring software subscriptions; onboarding retainers; reporting modules,"Commercial agreements are indexed to deployment scope, transaction activity, and active operating locations.","Commercial growth is supported through pilot deployments, sector conferences, and referral relationships.",80552,5614003,87526,19 months,approved
AtlasPilot,"AtlasPilot develops operational software for urban transport contractors managing credential verification. The current financing round supports deployment capacity, onboarding operations, and implementation coverage across additional markets.",legaltech,pre-seed,9288540,AED,"Operational groups managing credential verification typically lack centralized visibility across reporting environments, vendor records, and implementation workflows.",urban transport contractors,$79.3B annual operating market across 14 regions,"The platform consolidates operational records associated with credential verification, synchronizes data across connected systems, and maintains configurable reporting controls.",The deployment architecture supports phased onboarding across distributed customer operating environments.,The implementation framework supports staged account onboarding across distributed operational environments.,Usage-based billing; workflow modules; deployment support services,Pricing combines recurring subscription commitments with onboarding and reporting service charges.,"The company sources accounts through regional implementation partners, outbound sales outreach, and executive referral networks.",1559978,24681260,209786,6 months,rejected
SignalPilot,"SignalPilot develops operational software for commercial property groups managing maintenance dispatching. The current financing round supports deployment capacity, onboarding operations, and implementation coverage across additional markets.",saas,pre-seed,1089905,AED,"Organizations responsible for maintenance dispatching frequently coordinate activity across disconnected systems, vendor portals, and manual reporting workflows.",commercial property groups,$25.6B annual operating market across 15 regions,"The platform consolidates operational records associated with maintenance dispatching, synchronizes data across connected systems, and maintains configurable reporting controls.",The software includes configurable controls aligned with procurement and reporting requirements.,Deployment operations follow a structured onboarding process across customer operating environments with phased implementation support during rollout.,Annual platform agreements; implementation services; support contracts,Customers are billed through annual contracts aligned with usage activity and implementation requirements.,"Commercial growth is supported through pilot deployments, sector conferences, and referral relationships.",1245062,4804925,73087,27 months,approved
SummitBase,SummitBase provides enterprise software focused on claims intake for urban transport contractors. The company is raising funding to support regional deployment operations and commercial onboarding capacity.,edtech,pre-seed,8293522,EUR,"Organizations responsible for claims intake frequently coordinate activity across disconnected systems, vendor portals, and manual reporting workflows.",urban transport contractors,$6.9B annual operating market across 16 regions,"The platform consolidates operational records associated with claims intake, synchronizes data across connected systems, and maintains configurable reporting controls.",The implementation framework maintains configurable workflow rules across customer operating environments.,The implementation framework supports staged account onboarding across distributed operational environments.,Recurring software subscriptions; onboarding retainers; reporting modules,Pricing combines recurring subscription commitments with onboarding and reporting service charges.,"The company sources accounts through regional implementation partners, outbound sales outreach, and executive referral networks.",1621131,18649545,429358,6 months,rejected
AtlasGrid,AtlasGrid provides enterprise software focused on inventory forecasting for independent legal practices. The company is raising funding to support regional deployment operations and commercial onboarding capacity.,legaltech,idea,3635466,GBP,Teams handling inventory forecasting often rely on fragmented operational processes requiring repeated reconciliation between internal systems and external service providers.,independent legal practices,$10.8B annual operating market across 20 regions,"The platform consolidates operational records associated with inventory forecasting, synchronizes data across connected systems, and maintains configurable reporting controls.",The software includes configurable controls aligned with procurement and reporting requirements.,Customer deployments are managed through standardized implementation procedures across account operating environments.,Annual platform agreements; implementation services; support contracts,Customers are billed through annual contracts aligned with usage activity and implementation requirements.,"Customer acquisition relies on procurement referrals, implementation partners, and direct enterprise sales activity.",1613866,4651428,75330,25 months,approved
AtlasFlow,AtlasFlow provides enterprise software focused on credential verification for multi-campus training institutes. The company is raising funding to support regional deployment operations and commercial onboarding capacity.,saas,seed,3940350,USD,"Organizations responsible for credential verification frequently coordinate activity across disconnected systems, vendor portals, and manual reporting workflows.",multi-campus training institutes,$81.0B annual operating market across 10 regions,The product centralizes operational coordination associated with credential verification into a unified management environment with configurable workflow logic.,The implementation framework maintains configurable workflow rules across customer operating environments.,The implementation framework supports staged account onboarding across distributed operational environments.,Annual platform agreements; implementation services; support contracts,Customers are billed through annual contracts aligned with usage activity and implementation requirements.,"Commercial growth is supported through pilot deployments, sector conferences, and referral relationships.",41766,8652068,294481,8 months,rejected
DeltaLedger,DeltaLedger provides enterprise software focused on maintenance dispatching for regional insurers. The company is raising funding to support regional deployment operations and commercial onboarding capacity.,cleantech,seed,2137489,EUR,"Organizations responsible for maintenance dispatching frequently coordinate activity across disconnected systems, vendor portals, and manual reporting workflows.",regional insurers,$83.9B annual operating market across 10 regions,The product centralizes operational coordination associated with maintenance dispatching into a unified management environment with configurable workflow logic.,The software includes configurable controls aligned with procurement and reporting requirements.,The implementation framework supports staged account onboarding across distributed operational environments.,Recurring software subscriptions; onboarding retainers; reporting modules,"Commercial agreements are indexed to deployment scope, transaction activity, and active operating locations.","Customer acquisition relies on procurement referrals, implementation partners, and direct enterprise sales activity.",1723802,7178482,182619,24 months,approved
IronCloud,"IronCloud develops operational software for urban transport contractors managing credential verification. The current financing round supports deployment capacity, onboarding operations, and implementation coverage across additional markets.",agritech,series-a,669131,EUR,"Organizations responsible for credential verification frequently coordinate activity across disconnected systems, vendor portals, and manual reporting workflows.",urban transport contractors,$8.9B annual operating market across 12 regions,The product centralizes operational coordination associated with credential verification into a unified management environment with configurable workflow logic.,The implementation framework maintains configurable workflow rules across customer operating environments.,Customer deployments are managed through standardized implementation procedures across account operating environments.,Annual platform agreements; implementation services; support contracts,Customers are billed through annual contracts aligned with usage activity and implementation requirements.,"Commercial growth is supported through pilot deployments, sector conferences, and referral relationships.",21466,5735753,55827,24 months,approved
ApexCloud,ApexCloud provides enterprise software focused on inventory forecasting for regional insurers. The company is raising funding to support regional deployment operations and commercial onboarding capacity.,fintech,idea,1811213,EUR,Teams handling inventory forecasting often rely on fragmented operational processes requiring repeated reconciliation between internal systems and external service providers.,regional insurers,$81.5B annual operating market across 16 regions,"The platform consolidates operational records associated with inventory forecasting, synchronizes data across connected systems, and maintains configurable reporting controls.",The implementation framework maintains configurable workflow rules across customer operating environments.,Customer deployments are managed through standardized implementation procedures across account operating environments.,Recurring software subscriptions; onboarding retainers; reporting modules,Customers are billed through annual contracts aligned with usage activity and implementation requirements.,"Customer acquisition relies on procurement referrals, implementation partners, and direct enterprise sales activity.",596292,3247910,121740,15 months,approved
IronLogic,IronLogic provides enterprise software focused on maintenance dispatching for specialty clinics. The company is raising funding to support regional deployment operations and commercial onboarding capacity.,agritech,idea,4231671,USD,"Operational groups managing maintenance dispatching typically lack centralized visibility across reporting environments, vendor records, and implementation workflows.",specialty clinics,$64.2B annual operating market across 13 regions,"The platform consolidates operational records associated with maintenance dispatching, synchronizes data across connected systems, and maintains configurable reporting controls.",The software includes configurable controls aligned with procurement and reporting requirements.,The implementation framework supports staged account onboarding across distributed operational environments.,Recurring software subscriptions; onboarding retainers; reporting modules,Customers are billed through annual contracts aligned with usage activity and implementation requirements.,"Commercial growth is supported through pilot deployments, sector conferences, and referral relationships.",1517069,22263998,179148,4 months,rejected
GraniteWorks,"GraniteWorks develops operational software for warehouse operators managing compliance tracking. The current financing round supports deployment capacity, onboarding operations, and implementation coverage across additional markets.",saas,pre-seed,2187256,SGD,"Operational groups managing compliance tracking typically lack centralized visibility across reporting environments, vendor records, and implementation workflows.",warehouse operators,$12.3B annual operating market across 8 regions,The product centralizes operational coordination associated with compliance tracking into a unified management environment with configurable workflow logic.,The implementation framework maintains configurable workflow rules across customer operating environments.,The implementation framework supports staged account onboarding across distributed operational environments.,Usage-based billing; workflow modules; deployment support services,Customers are billed through annual contracts aligned with usage activity and implementation requirements.,"Customer acquisition relies on procurement referrals, implementation partners, and direct enterprise sales activity.",2477861,13376302,40488,16 months,approved
SummitPilot,SummitPilot provides enterprise software focused on crop purchasing for specialty clinics. The company is raising funding to support regional deployment operations and commercial onboarding capacity.,ecommerce,series-a,709212,USD,"Organizations responsible for crop purchasing frequently coordinate activity across disconnected systems, vendor portals, and manual reporting workflows.",specialty clinics,$60.5B annual operating market across 5 regions,The product centralizes operational coordination associated with crop purchasing into a unified management environment with configurable workflow logic.,The implementation framework maintains configurable workflow rules across customer operating environments.,Customer deployments are managed through standardized implementation procedures across account operating environments.,Annual platform agreements; implementation services; support contracts,"Commercial agreements are indexed to deployment scope, transaction activity, and active operating locations.","Customer acquisition relies on procurement referrals, implementation partners, and direct enterprise sales activity.",1542262,3539374,48785,15 months,approved
PioneerCloud,"PioneerCloud develops operational software for warehouse operators managing crop purchasing. The current financing round supports deployment capacity, onboarding operations, and implementation coverage across additional markets.",edtech,seed,3190175,SGD,"Operational groups managing crop purchasing typically lack centralized visibility across reporting environments, vendor records, and implementation workflows.",warehouse operators,$76.0B annual operating market across 5 regions,The product centralizes operational coordination associated with crop purchasing into a unified management environment with configurable workflow logic.,The deployment architecture supports phased onboarding across distributed customer operating environments.,The implementation framework supports staged account onboarding across distributed operational environments.,Annual platform agreements; implementation services; support contracts,"Commercial agreements are indexed to deployment scope, transaction activity, and active operating locations.","Customer acquisition relies on procurement referrals, implementation partners, and direct enterprise sales activity.",609564,2934308,109986,28 months,approved
HarborFlow,HarborFlow provides enterprise software focused on inventory forecasting for retail distribution chains. The company is raising funding to support regional deployment operations and commercial onboarding capacity.,saas,series-a,2515690,GBP,"Operational groups managing inventory forecasting typically lack centralized visibility across reporting environments, vendor records, and implementation workflows.",retail distribution chains,$14.6B annual operating market across 10 regions,"The software standardizes workflows related to inventory forecasting while supporting audit visibility, role-based access management, and operational tracking.",The platform supports integration with operational systems commonly used across secondary regional markets.,Deployment operations follow a structured onboarding process across customer operating environments with phased implementation support during rollout.,Annual platform agreements; implementation services; support contracts,Pricing combines recurring subscription commitments with onboarding and reporting service charges.,"Customer acquisition relies on procurement referrals, implementation partners, and direct enterprise sales activity.",552086,11768241,643135,3 months,rejected
IronLedger,"IronLedger operates a workflow platform used by industrial procurement teams responsible for inventory forecasting. Capital from the current round is allocated toward integration support, implementation staffing, and account expansion activity.",ecommerce,series-a,920754,AED,Teams handling inventory forecasting often rely on fragmented operational processes requiring repeated reconciliation between internal systems and external service providers.,industrial procurement teams,$34.1B annual operating market across 20 regions,"The platform consolidates operational records associated with inventory forecasting, synchronizes data across connected systems, and maintains configurable reporting controls.",The platform supports integration with operational systems commonly used across secondary regional markets.,The implementation framework supports staged account onboarding across distributed operational environments.,Annual platform agreements; implementation services; support contracts,Customers are billed through annual contracts aligned with usage activity and implementation requirements.,"Commercial growth is supported through pilot deployments, sector conferences, and referral relationships.",821314,3610923,121817,15 months,approved
GraniteBase,"GraniteBase operates a workflow platform used by urban transport contractors responsible for inventory forecasting. Capital from the current round is allocated toward integration support, implementation staffing, and account expansion activity.",fintech,pre-seed,8425726,SGD,"Operational groups managing inventory forecasting typically lack centralized visibility across reporting environments, vendor records, and implementation workflows.",urban transport contractors,$75.1B annual operating market across 15 regions,"The software standardizes workflows related to inventory forecasting while supporting audit visibility, role-based access management, and operational tracking.",The software includes configurable controls aligned with procurement and reporting requirements.,The implementation framework supports staged account onboarding across distributed operational environments.,Annual platform agreements; implementation services; support contracts,Customers are billed through annual contracts aligned with usage activity and implementation requirements.,"Customer acquisition relies on procurement referrals, implementation partners, and direct enterprise sales activity.",1261975,14577319,391514,7 months,rejected
SignalLedger,SignalLedger provides enterprise software focused on shipment coordination for specialty clinics. The company is raising funding to support regional deployment operations and commercial onboarding capacity.,ecommerce,pre-seed,3964085,EUR,"Operational groups managing shipment coordination typically lack centralized visibility across reporting environments, vendor records, and implementation workflows.",specialty clinics,$44.5B annual operating market across 9 regions,The product centralizes operational coordination associated with shipment coordination into a unified management environment with configurable workflow logic.,The implementation framework maintains configurable workflow rules across customer operating environments.,Deployment operations follow a structured onboarding process across customer operating environments with phased implementation support during rollout.,Recurring software subscriptions; onboarding retainers; reporting modules,Pricing combines recurring subscription commitments with onboarding and reporting service charges.,"The company sources accounts through regional implementation partners, outbound sales outreach, and executive referral networks.",150458,4241870,113333,21 months,approved
SummitCloud,"SummitCloud develops operational software for regional insurers managing maintenance dispatching. The current financing round supports deployment capacity, onboarding operations, and implementation coverage across additional markets.",proptech,idea,7139320,GBP,"Operational groups managing maintenance dispatching typically lack centralized visibility across reporting environments, vendor records, and implementation workflows.",regional insurers,$64.2B annual operating market across 22 regions,"The software standardizes workflows related to maintenance dispatching while supporting audit visibility, role-based access management, and operational tracking.",The platform supports integration with operational systems commonly used across secondary regional markets.,The implementation framework supports staged account onboarding across distributed operational environments.,Annual platform agreements; implementation services; support contracts,Customers are billed through annual contracts aligned with usage activity and implementation requirements.,"The company sources accounts through regional implementation partners, outbound sales outreach, and executive referral networks.",1121198,10665389,461683,7 months,rejected
GraniteGrid,GraniteGrid provides enterprise software focused on claims intake for multi-campus training institutes. The company is raising funding to support regional deployment operations and commercial onboarding capacity.,ecommerce,pre-seed,4144010,SGD,"Operational groups managing claims intake typically lack centralized visibility across reporting environments, vendor records, and implementation workflows.",multi-campus training institutes,$88.3B annual operating market across 18 regions,The product centralizes operational coordination associated with claims intake into a unified management environment with configurable workflow logic.,The software includes configurable controls aligned with procurement and reporting requirements.,Customer deployments are managed through standardized implementation procedures across account operating environments.,Annual platform agreements; implementation services; support contracts,"Commercial agreements are indexed to deployment scope, transaction activity, and active operating locations.","Commercial growth is supported through pilot deployments, sector conferences, and referral relationships.",394982,24863602,585364,3 months,rejected
PioneerLedger,"PioneerLedger develops operational software for industrial procurement teams managing patient scheduling. The current financing round supports deployment capacity, onboarding operations, and implementation coverage across additional markets.",ecommerce,series-a,1017137,AED,"Organizations responsible for patient scheduling frequently coordinate activity across disconnected systems, vendor portals, and manual reporting workflows.",industrial procurement teams,$89.1B annual operating market across 21 regions,"The platform consolidates operational records associated with patient scheduling, synchronizes data across connected systems, and maintains configurable reporting controls.",The deployment architecture supports phased onboarding across distributed customer operating environments.,Deployment operations follow a structured onboarding process across customer operating environments with phased implementation support during rollout.,Usage-based billing; workflow modules; deployment support services,Pricing combines recurring subscription commitments with onboarding and reporting service charges.,"The company sources accounts through regional implementation partners, outbound sales outreach, and executive referral networks.",96598,4100741,175396,23 months,approved
NorthLedger,"NorthLedger operates a workflow platform used by commercial property groups responsible for compliance tracking. Capital from the current round is allocated toward integration support, implementation staffing, and account expansion activity.",agritech,seed,4518346,AED,"Organizations responsible for compliance tracking frequently coordinate activity across disconnected systems, vendor portals, and manual reporting workflows.",commercial property groups,$35.4B annual operating market across 10 regions,"The software standardizes workflows related to compliance tracking while supporting audit visibility, role-based access management, and operational tracking.",The deployment architecture supports phased onboarding across distributed customer operating environments.,Customer deployments are managed through standardized implementation procedures across account operating environments.,Annual platform agreements; implementation services; support contracts,Pricing combines recurring subscription commitments with onboarding and reporting service charges.,"Commercial growth is supported through pilot deployments, sector conferences, and referral relationships.",427847,3572775,678871,3 months,rejected
AtlasPilot,"AtlasPilot develops operational software for multi-campus training institutes managing shipment coordination. The current financing round supports deployment capacity, onboarding operations, and implementation coverage across additional markets.",logistics,seed,5512353,GBP,Teams handling shipment coordination often rely on fragmented operational processes requiring repeated reconciliation between internal systems and external service providers.,multi-campus training institutes,$66.3B annual operating market across 20 regions,"The software standardizes workflows related to shipment coordination while supporting audit visibility, role-based access management, and operational tracking.",The software includes configurable controls aligned with procurement and reporting requirements.,The implementation framework supports staged account onboarding across distributed operational environments.,Recurring software subscriptions; onboarding retainers; reporting modules,"Commercial agreements are indexed to deployment scope, transaction activity, and active operating locations.","Customer acquisition relies on procurement referrals, implementation partners, and direct enterprise sales activity.",1192727,21992896,807096,6 months,rejected
DeltaPilot,DeltaPilot provides enterprise software focused on compliance tracking for industrial procurement teams. The company is raising funding to support regional deployment operations and commercial onboarding capacity.,cleantech,idea,3178356,EUR,"Operational groups managing compliance tracking typically lack centralized visibility across reporting environments, vendor records, and implementation workflows.",industrial procurement teams,$94.7B annual operating market across 10 regions,"The platform consolidates operational records associated with compliance tracking, synchronizes data across connected systems, and maintains configurable reporting controls.",The software includes configurable controls aligned with procurement and reporting requirements.,Customer deployments are managed through standardized implementation procedures across account operating environments.,Annual platform agreements; implementation services; support contracts,Pricing combines recurring subscription commitments with onboarding and reporting service charges.,"Customer acquisition relies on procurement referrals, implementation partners, and direct enterprise sales activity.",965385,15994076,148528,10 months,rejected
ApexGrid,"ApexGrid operates a workflow platform used by independent legal practices responsible for maintenance dispatching. Capital from the current round is allocated toward integration support, implementation staffing, and account expansion activity.",cleantech,seed,7847514,EUR,Teams handling maintenance dispatching often rely on fragmented operational processes requiring repeated reconciliation between internal systems and external service providers.,independent legal practices,$37.3B annual operating market across 14 regions,"The platform consolidates operational records associated with maintenance dispatching, synchronizes data across connected systems, and maintains configurable reporting controls.",The implementation framework maintains configurable workflow rules across customer operating environments.,Deployment operations follow a structured onboarding process across customer operating environments with phased implementation support during rollout.,Recurring software subscriptions; onboarding retainers; reporting modules,"Commercial agreements are indexed to deployment scope, transaction activity, and active operating locations.","Commercial growth is supported through pilot deployments, sector conferences, and referral relationships.",511676,25699061,799647,5 months,rejected
PioneerBase,"PioneerBase operates a workflow platform used by retail distribution chains responsible for compliance tracking. Capital from the current round is allocated toward integration support, implementation staffing, and account expansion activity.",fintech,idea,3059322,AED,"Organizations responsible for compliance tracking frequently coordinate activity across disconnected systems, vendor portals, and manual reporting workflows.",retail distribution chains,$55.6B annual operating market across 5 regions,The product centralizes operational coordination associated with compliance tracking into a unified management environment with configurable workflow logic.,The platform supports integration with operational systems commonly used across secondary regional markets.,The implementation framework supports staged account onboarding across distributed operational environments.,Usage-based billing; workflow modules; deployment support services,Pricing combines recurring subscription commitments with onboarding and reporting service charges.,"Commercial growth is supported through pilot deployments, sector conferences, and referral relationships.",281616,697763,161689,22 months,approved
VectorCore,VectorCore provides enterprise software focused on compliance tracking for independent legal practices. The company is raising funding to support regional deployment operations and commercial onboarding capacity.,logistics,seed,6501273,USD,Teams handling compliance tracking often rely on fragmented operational processes requiring repeated reconciliation between internal systems and external service providers.,independent legal practices,$78.2B annual operating market across 21 regions,"The software standardizes workflows related to compliance tracking while supporting audit visibility, role-based access management, and operational tracking.",The deployment architecture supports phased onboarding across distributed customer operating environments.,The implementation framework supports staged account onboarding across distributed operational environments.,Usage-based billing; workflow modules; deployment support services,"Commercial agreements are indexed to deployment scope, transaction activity, and active operating locations.","Customer acquisition relies on procurement referrals, implementation partners, and direct enterprise sales activity.",2139452,21298669,253802,10 months,rejected
LatticeCore,"LatticeCore develops operational software for multi-campus training institutes managing inventory forecasting. The current financing round supports deployment capacity, onboarding operations, and implementation coverage across additional markets.",agritech,idea,4067252,USD,"Organizations responsible for inventory forecasting frequently coordinate activity across disconnected systems, vendor portals, and manual reporting workflows.",multi-campus training institutes,$78.7B annual operating market across 6 regions,"The platform consolidates operational records associated with inventory forecasting, synchronizes data across connected systems, and maintains configurable reporting controls.",The implementation framework maintains configurable workflow rules across customer operating environments.,Customer deployments are managed through standardized implementation procedures across account operating environments.,Usage-based billing; workflow modules; deployment support services,"Commercial agreements are indexed to deployment scope, transaction activity, and active operating locations.","The company sources accounts through regional implementation partners, outbound sales outreach, and executive referral networks.",1483832,6610337,296155,7 months,rejected
PioneerBridge,PioneerBridge provides enterprise software focused on inventory forecasting for agricultural exporters. The company is raising funding to support regional deployment operations and commercial onboarding capacity.,fintech,idea,944831,EUR,Teams handling inventory forecasting often rely on fragmented operational processes requiring repeated reconciliation between internal systems and external service providers.,agricultural exporters,$83.4B annual operating market across 14 regions,The product centralizes operational coordination associated with inventory forecasting into a unified management environment with configurable workflow logic.,The platform supports integration with operational systems commonly used across secondary regional markets.,Customer deployments are managed through standardized implementation procedures across account operating environments.,Annual platform agreements; implementation services; support contracts,Pricing combines recurring subscription commitments with onboarding and reporting service charges.,"Commercial growth is supported through pilot deployments, sector conferences, and referral relationships.",392059,2122629,186286,21 months,approved
SummitBase,"SummitBase develops operational software for regional insurers managing crop purchasing. The current financing round supports deployment capacity, onboarding operations, and implementation coverage across additional markets.",cleantech,idea,5877114,GBP,Teams handling crop purchasing often rely on fragmented operational processes requiring repeated reconciliation between internal systems and external service providers.,regional insurers,$91.4B annual operating market across 20 regions,"The software standardizes workflows related to crop purchasing while supporting audit visibility, role-based access management, and operational tracking.",The software includes configurable controls aligned with procurement and reporting requirements.,Customer deployments are managed through standardized implementation procedures across account operating environments.,Usage-based billing; workflow modules; deployment support services,Customers are billed through annual contracts aligned with usage activity and implementation requirements.,"Commercial growth is supported through pilot deployments, sector conferences, and referral relationships.",2589082,27892833,215601,4 months,rejected
SignalFlow,"SignalFlow operates a workflow platform used by commercial property groups responsible for shipment coordination. Capital from the current round is allocated toward integration support, implementation staffing, and account expansion activity.",ecommerce,seed,2016272,AED,"Operational groups managing shipment coordination typically lack centralized visibility across reporting environments, vendor records, and implementation workflows.",commercial property groups,$91.2B annual operating market across 18 regions,"The platform consolidates operational records associated with shipment coordination, synchronizes data across connected systems, and maintains configurable reporting controls.",The platform supports integration with operational systems commonly used across secondary regional markets.,Customer deployments are managed through standardized implementation procedures across account operating environments.,Recurring software subscriptions; onboarding retainers; reporting modules,Pricing combines recurring subscription commitments with onboarding and reporting service charges.,"Commercial growth is supported through pilot deployments, sector conferences, and referral relationships.",2173490,11109547,114520,22 months,approved
VectorBridge,"VectorBridge operates a workflow platform used by multi-campus training institutes responsible for patient scheduling. Capital from the current round is allocated toward integration support, implementation staffing, and account expansion activity.",edtech,series-a,2686708,USD,"Operational groups managing patient scheduling typically lack centralized visibility across reporting environments, vendor records, and implementation workflows.",multi-campus training institutes,$37.2B annual operating market across 5 regions,"The platform consolidates operational records associated with patient scheduling, synchronizes data across connected systems, and maintains configurable reporting controls.",The platform supports integration with operational systems commonly used across secondary regional markets.,Customer deployments are managed through standardized implementation procedures across account operating environments.,Recurring software subscriptions; onboarding retainers; reporting modules,Customers are billed through annual contracts aligned with usage activity and implementation requirements.,"The company sources accounts through regional implementation partners, outbound sales outreach, and executive referral networks.",882095,3099362,128430,25 months,approved
SummitBridge,SummitBridge provides enterprise software focused on vendor reconciliation for commercial property groups. The company is raising funding to support regional deployment operations and commercial onboarding capacity.,proptech,idea,2795153,EUR,"Operational groups managing vendor reconciliation typically lack centralized visibility across reporting environments, vendor records, and implementation workflows.",commercial property groups,$91.4B annual operating market across 9 regions,"The platform consolidates operational records associated with vendor reconciliation, synchronizes data across connected systems, and maintains configurable reporting controls.",The implementation framework maintains configurable workflow rules across customer operating environments.,The implementation framework supports staged account onboarding across distributed operational environments.,Annual platform agreements; implementation services; support contracts,Customers are billed through annual contracts aligned with usage activity and implementation requirements.,"Customer acquisition relies on procurement referrals, implementation partners, and direct enterprise sales activity.",128978,2463993,136444,16 months,approved
PioneerBridge,"PioneerBridge develops operational software for urban transport contractors managing claims intake. The current financing round supports deployment capacity, onboarding operations, and implementation coverage across additional markets.",ecommerce,idea,1464954,AED,"Organizations responsible for claims intake frequently coordinate activity across disconnected systems, vendor portals, and manual reporting workflows.",urban transport contractors,$59.4B annual operating market across 17 regions,"The platform consolidates operational records associated with claims intake, synchronizes data across connected systems, and maintains configurable reporting controls.",The implementation framework maintains configurable workflow rules across customer operating environments.,The implementation framework supports staged account onboarding across distributed operational environments.,Usage-based billing; workflow modules; deployment support services,Pricing combines recurring subscription commitments with onboarding and reporting service charges.,"The company sources accounts through regional implementation partners, outbound sales outreach, and executive referral networks.",128185,1095388,165313,22 months,approved
IronCloud,IronCloud provides enterprise software focused on inventory forecasting for multi-campus training institutes. The company is raising funding to support regional deployment operations and commercial onboarding capacity.,legaltech,series-a,525517,AED,Teams handling inventory forecasting often rely on fragmented operational processes requiring repeated reconciliation between internal systems and external service providers.,multi-campus training institutes,$94.8B annual operating market across 8 regions,"The software standardizes workflows related to inventory forecasting while supporting audit visibility, role-based access management, and operational tracking.",The software includes configurable controls aligned with procurement and reporting requirements.,The implementation framework supports staged account onboarding across distributed operational environments.,Annual platform agreements; implementation services; support contracts,Pricing combines recurring subscription commitments with onboarding and reporting service charges.,"The company sources accounts through regional implementation partners, outbound sales outreach, and executive referral networks.",2166342,7717452,80997,15 months,approved
SummitFlow,SummitFlow provides enterprise software focused on crop purchasing for regional insurers. The company is raising funding to support regional deployment operations and commercial onboarding capacity.,legaltech,seed,4277504,USD,"Operational groups managing crop purchasing typically lack centralized visibility across reporting environments, vendor records, and implementation workflows.",regional insurers,$49.6B annual operating market across 14 regions,"The software standardizes workflows related to crop purchasing while supporting audit visibility, role-based access management, and operational tracking.",The implementation framework maintains configurable workflow rules across customer operating environments.,Customer deployments are managed through standardized implementation procedures across account operating environments.,Recurring software subscriptions; onboarding retainers; reporting modules,"Commercial agreements are indexed to deployment scope, transaction activity, and active operating locations.","Customer acquisition relies on procurement referrals, implementation partners, and direct enterprise sales activity.",1010660,27773078,161255,4 months,rejected
DeltaCloud,DeltaCloud provides enterprise software focused on shipment coordination for retail distribution chains. The company is raising funding to support regional deployment operations and commercial onboarding capacity.,ecommerce,seed,2424436,AED,"Organizations responsible for shipment coordination frequently coordinate activity across disconnected systems, vendor portals, and manual reporting workflows.",retail distribution chains,$8.8B annual operating market across 22 regions,"The platform consolidates operational records associated with shipment coordination, synchronizes data across connected systems, and maintains configurable reporting controls.",The software includes configurable controls aligned with procurement and reporting requirements.,Customer deployments are managed through standardized implementation procedures across account operating environments.,Annual platform agreements; implementation services; support contracts,Customers are billed through annual contracts aligned with usage activity and implementation requirements.,"Customer acquisition relies on procurement referrals, implementation partners, and direct enterprise sales activity.",109185,7427951,170462,16 months,approved
SignalSystems,"SignalSystems operates a workflow platform used by retail distribution chains responsible for inventory forecasting. Capital from the current round is allocated toward integration support, implementation staffing, and account expansion activity.",proptech,seed,9434554,AED,"Operational groups managing inventory forecasting typically lack centralized visibility across reporting environments, vendor records, and implementation workflows.",retail distribution chains,$52.4B annual operating market across 22 regions,"The platform consolidates operational records associated with inventory forecasting, synchronizes data across connected systems, and maintains configurable reporting controls.",The deployment architecture supports phased onboarding across distributed customer operating environments.,Deployment operations follow a structured onboarding process across customer operating environments with phased implementation support during rollout.,Usage-based billing; workflow modules; deployment support services,Customers are billed through annual contracts aligned with usage activity and implementation requirements.,"Customer acquisition relies on procurement referrals, implementation partners, and direct enterprise sales activity.",793250,17980863,212803,6 months,rejected
DeltaGrid,DeltaGrid provides enterprise software focused on claims intake for multi-campus training institutes. The company is raising funding to support regional deployment operations and commercial onboarding capacity.,agritech,series-a,1516031,USD,Teams handling claims intake often rely on fragmented operational processes requiring repeated reconciliation between internal systems and external service providers.,multi-campus training institutes,$20.6B annual operating market across 19 regions,"The software standardizes workflows related to claims intake while supporting audit visibility, role-based access management, and operational tracking.",The software includes configurable controls aligned with procurement and reporting requirements.,Deployment operations follow a structured onboarding process across customer operating environments with phased implementation support during rollout.,Usage-based billing; workflow modules; deployment support services,"Commercial agreements are indexed to deployment scope, transaction activity, and active operating locations.","Commercial growth is supported through pilot deployments, sector conferences, and referral relationships.",1601504,8154279,48980,15 months,approved
NorthWorks,"NorthWorks operates a workflow platform used by regional insurers responsible for crop purchasing. Capital from the current round is allocated toward integration support, implementation staffing, and account expansion activity.",proptech,pre-seed,5488935,SGD,Teams handling crop purchasing often rely on fragmented operational processes requiring repeated reconciliation between internal systems and external service providers.,regional insurers,$85.6B annual operating market across 9 regions,The product centralizes operational coordination associated with crop purchasing into a unified management environment with configurable workflow logic.,The software includes configurable controls aligned with procurement and reporting requirements.,Customer deployments are managed through standardized implementation procedures across account operating environments.,Recurring software subscriptions; onboarding retainers; reporting modules,Pricing combines recurring subscription commitments with onboarding and reporting service charges.,"Commercial growth is supported through pilot deployments, sector conferences, and referral relationships.",969351,18013413,646463,5 months,rejected
PioneerCore,PioneerCore provides enterprise software focused on crop purchasing for retail distribution chains. The company is raising funding to support regional deployment operations and commercial onboarding capacity.,proptech,idea,8715418,AED,"Operational groups managing crop purchasing typically lack centralized visibility across reporting environments, vendor records, and implementation workflows.",retail distribution chains,$53.6B annual operating market across 19 regions,The product centralizes operational coordination associated with crop purchasing into a unified management environment with configurable workflow logic.,The software includes configurable controls aligned with procurement and reporting requirements.,The implementation framework supports staged account onboarding across distributed operational environments.,Usage-based billing; workflow modules; deployment support services,Pricing combines recurring subscription commitments with onboarding and reporting service charges.,"The company sources accounts through regional implementation partners, outbound sales outreach, and executive referral networks.",1828851,18996338,195604,7 months,rejected
GraniteBridge,GraniteBridge provides enterprise software focused on inventory forecasting for independent legal practices. The company is raising funding to support regional deployment operations and commercial onboarding capacity.,legaltech,series-a,6019982,GBP,"Organizations responsible for inventory forecasting frequently coordinate activity across disconnected systems, vendor portals, and manual reporting workflows.",independent legal practices,$91.0B annual operating market across 6 regions,The product centralizes operational coordination associated with inventory forecasting into a unified management environment with configurable workflow logic.,The implementation framework maintains configurable workflow rules across customer operating environments.,Deployment operations follow a structured onboarding process across customer operating environments with phased implementation support during rollout.,Usage-based billing; workflow modules; deployment support services,"Commercial agreements are indexed to deployment scope, transaction activity, and active operating locations.","Customer acquisition relies on procurement referrals, implementation partners, and direct enterprise sales activity.",150170,3228575,633030,7 months,rejected
DeltaGrid,DeltaGrid provides enterprise software focused on claims intake for multi-campus training institutes. The company is raising funding to support regional deployment operations and commercial onboarding capacity.,agritech,series-a,4263131,USD,Teams handling claims intake often rely on fragmented operational processes requiring repeated reconciliation between internal systems and external service providers.,multi-campus training institutes,$20.6B annual operating market across 19 regions,"The software standardizes workflows related to claims intake while supporting audit visibility, role-based access management, and operational tracking.",The software includes configurable controls aligned with procurement and reporting requirements.,Deployment operations follow a structured onboarding process across customer operating environments with phased implementation support during rollout.,Usage-based billing; workflow modules; deployment support services,"Commercial agreements are indexed to deployment scope, transaction activity, and active operating locations.","Commercial growth is supported through pilot deployments, sector conferences, and referral relationships.",1519934,25287150,246396,5 months,rejected
HarborLedger,HarborLedger provides enterprise software focused on crop purchasing for retail distribution chains. The company is raising funding to support regional deployment operations and commercial onboarding capacity.,healthtech,pre-seed,5402061,USD,"Organizations responsible for crop purchasing frequently coordinate activity across disconnected systems, vendor portals, and manual reporting workflows.",retail distribution chains,$39.6B annual operating market across 14 regions,"The software standardizes workflows related to crop purchasing while supporting audit visibility, role-based access management, and operational tracking.",The software includes configurable controls aligned with procurement and reporting requirements.,Deployment operations follow a structured onboarding process across customer operating environments with phased implementation support during rollout.,Annual platform agreements; implementation services; support contracts,Customers are billed through annual contracts aligned with usage activity and implementation requirements.,"The company sources accounts through regional implementation partners, outbound sales outreach, and executive referral networks.",2577164,18928815,228686,3 months,rejected
VectorBridge,"VectorBridge develops operational software for urban transport contractors managing maintenance dispatching. The current financing round supports deployment capacity, onboarding operations, and implementation coverage across additional markets.",healthtech,series-a,1001809,GBP,"Organizations responsible for maintenance dispatching frequently coordinate activity across disconnected systems, vendor portals, and manual reporting workflows.",urban transport contractors,$57.2B annual operating market across 22 regions,"The platform consolidates operational records associated with maintenance dispatching, synchronizes data across connected systems, and maintains configurable reporting controls.",The platform supports integration with operational systems commonly used across secondary regional markets.,Customer deployments are managed through standardized implementation procedures across account operating environments.,Recurring software subscriptions; onboarding retainers; reporting modules,Customers are billed through annual contracts aligned with usage activity and implementation requirements.,"The company sources accounts through regional implementation partners, outbound sales outreach, and executive referral networks.",130167,3435008,85416,28 months,approved
IronBase,"IronBase develops operational software for multi-campus training institutes managing vendor reconciliation. The current financing round supports deployment capacity, onboarding operations, and implementation coverage across additional markets.",agritech,idea,1151205,GBP,"Operational groups managing vendor reconciliation typically lack centralized visibility across reporting environments, vendor records, and implementation workflows.",multi-campus training institutes,$62.3B annual operating market across 10 regions,"The platform consolidates operational records associated with vendor reconciliation, synchronizes data across connected systems, and maintains configurable reporting controls.",The platform supports integration with operational systems commonly used across secondary regional markets.,Customer deployments are managed through standardized implementation procedures across account operating environments.,Annual platform agreements; implementation services; support contracts,Customers are billed through annual contracts aligned with usage activity and implementation requirements.,"Customer acquisition relies on procurement referrals, implementation partners, and direct enterprise sales activity.",128883,1803682,131890,24 months,approved
NorthBridge,NorthBridge provides enterprise software focused on claims intake for independent legal practices. The company is raising funding to support regional deployment operations and commercial onboarding capacity.,healthtech,series-a,3334067,USD,"Operational groups managing claims intake typically lack centralized visibility across reporting environments, vendor records, and implementation workflows.",independent legal practices,$92.6B annual operating market across 11 regions,The product centralizes operational coordination associated with claims intake into a unified management environment with configurable workflow logic.,The deployment architecture supports phased onboarding across distributed customer operating environments.,Customer deployments are managed through standardized implementation procedures across account operating environments.,Recurring software subscriptions; onboarding retainers; reporting modules,"Commercial agreements are indexed to deployment scope, transaction activity, and active operating locations.","Commercial growth is supported through pilot deployments, sector conferences, and referral relationships.",6459,4183566,148092,15 months,approved
PioneerCore,"PioneerCore operates a workflow platform used by agricultural exporters responsible for vendor reconciliation. Capital from the current round is allocated toward integration support, implementation staffing, and account expansion activity.",fintech,pre-seed,876604,EUR,Teams handling vendor reconciliation often rely on fragmented operational processes requiring repeated reconciliation between internal systems and external service providers.,agricultural exporters,$94.8B annual operating market across 5 regions,"The platform consolidates operational records associated with vendor reconciliation, synchronizes data across connected systems, and maintains configurable reporting controls.",The platform supports integration with operational systems commonly used across secondary regional markets.,Customer deployments are managed through standardized implementation procedures across account operating environments.,Recurring software subscriptions; onboarding retainers; reporting modules,Customers are billed through annual contracts aligned with usage activity and implementation requirements.,"Commercial growth is supported through pilot deployments, sector conferences, and referral relationships.",998813,2478455,101995,28 months,approved
LatticeCloud,"LatticeCloud develops operational software for urban transport contractors managing crop purchasing. The current financing round supports deployment capacity, onboarding operations, and implementation coverage across additional markets.",edtech,pre-seed,6639681,SGD,"Operational groups managing crop purchasing typically lack centralized visibility across reporting environments, vendor records, and implementation workflows.",urban transport contractors,$51.9B annual operating market across 7 regions,"The platform consolidates operational records associated with crop purchasing, synchronizes data across connected systems, and maintains configurable reporting controls.",The implementation framework maintains configurable workflow rules across customer operating environments.,Customer deployments are managed through standardized implementation procedures across account operating environments.,Recurring software subscriptions; onboarding retainers; reporting modules,Customers are billed through annual contracts aligned with usage activity and implementation requirements.,"The company sources accounts through regional implementation partners, outbound sales outreach, and executive referral networks.",405592,8378768,439829,4 months,rejected
ApexCloud,"ApexCloud operates a workflow platform used by agricultural exporters responsible for crop purchasing. Capital from the current round is allocated toward integration support, implementation staffing, and account expansion activity.",agritech,idea,2158162,AED,Teams handling crop purchasing often rely on fragmented operational processes requiring repeated reconciliation between internal systems and external service providers.,agricultural exporters,$70.3B annual operating market across 14 regions,"The platform consolidates operational records associated with crop purchasing, synchronizes data across connected systems, and maintains configurable reporting controls.",The platform supports integration with operational systems commonly used across secondary regional markets.,Deployment operations follow a structured onboarding process across customer operating environments with phased implementation support during rollout.,Usage-based billing; workflow modules; deployment support services,Customers are billed through annual contracts aligned with usage activity and implementation requirements.,"Customer acquisition relies on procurement referrals, implementation partners, and direct enterprise sales activity.",670959,1588401,69890,25 months,approved
SummitBridge,SummitBridge provides enterprise software focused on vendor reconciliation for commercial property groups. The company is raising funding to support regional deployment operations and commercial onboarding capacity.,proptech,idea,5157660,EUR,"Operational groups managing vendor reconciliation typically lack centralized visibility across reporting environments, vendor records, and implementation workflows.",commercial property groups,$91.4B annual operating market across 9 regions,"The platform consolidates operational records associated with vendor reconciliation, synchronizes data across connected systems, and maintains configurable reporting controls.",The implementation framework maintains configurable workflow rules across customer operating environments.,The implementation framework supports staged account onboarding across distributed operational environments.,Annual platform agreements; implementation services; support contracts,Customers are billed through annual contracts aligned with usage activity and implementation requirements.,"Customer acquisition relies on procurement referrals, implementation partners, and direct enterprise sales activity.",1531429,8239404,606455,5 months,rejected
ApexCore,ApexCore provides enterprise software focused on compliance tracking for retail distribution chains. The company is raising funding to support regional deployment operations and commercial onboarding capacity.,edtech,series-a,3858958,GBP,"Organizations responsible for compliance tracking frequently coordinate activity across disconnected systems, vendor portals, and manual reporting workflows.",retail distribution chains,$51.2B annual operating market across 11 regions,"The software standardizes workflows related to compliance tracking while supporting audit visibility, role-based access management, and operational tracking.",The software includes configurable controls aligned with procurement and reporting requirements.,Customer deployments are managed through standardized implementation procedures across account operating environments.,Recurring software subscriptions; onboarding retainers; reporting modules,Pricing combines recurring subscription commitments with onboarding and reporting service charges.,"The company sources accounts through regional implementation partners, outbound sales outreach, and executive referral networks.",1658610,20420607,800173,4 months,rejected
NorthMetrics,"NorthMetrics operates a workflow platform used by specialty clinics responsible for credential verification. Capital from the current round is allocated toward integration support, implementation staffing, and account expansion activity.",cleantech,idea,8773347,GBP,"Organizations responsible for credential verification frequently coordinate activity across disconnected systems, vendor portals, and manual reporting workflows.",specialty clinics,$45.0B annual operating market across 10 regions,The product centralizes operational coordination associated with credential verification into a unified management environment with configurable workflow logic.,The software includes configurable controls aligned with procurement and reporting requirements.,Deployment operations follow a structured onboarding process across customer operating environments with phased implementation support during rollout.,Recurring software subscriptions; onboarding retainers; reporting modules,Pricing combines recurring subscription commitments with onboarding and reporting service charges.,"The company sources accounts through regional implementation partners, outbound sales outreach, and executive referral networks.",1603127,17717953,454349,3 months,rejected
IronBase,"IronBase develops operational software for multi-campus training institutes managing vendor reconciliation. The current financing round supports deployment capacity, onboarding operations, and implementation coverage across additional markets.",agritech,idea,3474090,GBP,"Operational groups managing vendor reconciliation typically lack centralized visibility across reporting environments, vendor records, and implementation workflows.",multi-campus training institutes,$62.3B annual operating market across 10 regions,"The platform consolidates operational records associated with vendor reconciliation, synchronizes data across connected systems, and maintains configurable reporting controls.",The platform supports integration with operational systems commonly used across secondary regional markets.,Customer deployments are managed through standardized implementation procedures across account operating environments.,Annual platform agreements; implementation services; support contracts,Customers are billed through annual contracts aligned with usage activity and implementation requirements.,"Customer acquisition relies on procurement referrals, implementation partners, and direct enterprise sales activity.",2498488,20504793,198626,9 months,rejected
PioneerWorks,"PioneerWorks develops operational software for independent legal practices managing inventory forecasting. The current financing round supports deployment capacity, onboarding operations, and implementation coverage across additional markets.",saas,idea,366198,AED,"Operational groups managing inventory forecasting typically lack centralized visibility across reporting environments, vendor records, and implementation workflows.",independent legal practices,$69.4B annual operating market across 11 regions,"The software standardizes workflows related to inventory forecasting while supporting audit visibility, role-based access management, and operational tracking.",The platform supports integration with operational systems commonly used across secondary regional markets.,Deployment operations follow a structured onboarding process across customer operating environments with phased implementation support during rollout.,Recurring software subscriptions; onboarding retainers; reporting modules,Customers are billed through annual contracts aligned with usage activity and implementation requirements.,"The company sources accounts through regional implementation partners, outbound sales outreach, and executive referral networks.",860693,2402888,150610,27 months,approved
AtlasGrid,AtlasGrid provides enterprise software focused on inventory forecasting for independent legal practices. The company is raising funding to support regional deployment operations and commercial onboarding capacity.,legaltech,idea,3171878,GBP,Teams handling inventory forecasting often rely on fragmented operational processes requiring repeated reconciliation between internal systems and external service providers.,independent legal practices,$10.8B annual operating market across 20 regions,"The platform consolidates operational records associated with inventory forecasting, synchronizes data across connected systems, and maintains configurable reporting controls.",The software includes configurable controls aligned with procurement and reporting requirements.,Customer deployments are managed through standardized implementation procedures across account operating environments.,Annual platform agreements; implementation services; support contracts,Customers are billed through annual contracts aligned with usage activity and implementation requirements.,"Customer acquisition relies on procurement referrals, implementation partners, and direct enterprise sales activity.",1281725,6446562,817299,3 months,rejected
HarborLedger,"HarborLedger develops operational software for warehouse operators managing vendor reconciliation. The current financing round supports deployment capacity, onboarding operations, and implementation coverage across additional markets.",saas,idea,3072510,GBP,"Operational groups managing vendor reconciliation typically lack centralized visibility across reporting environments, vendor records, and implementation workflows.",warehouse operators,$90.7B annual operating market across 11 regions,The product centralizes operational coordination associated with vendor reconciliation into a unified management environment with configurable workflow logic.,The implementation framework maintains configurable workflow rules across customer operating environments.,Deployment operations follow a structured onboarding process across customer operating environments with phased implementation support during rollout.,Recurring software subscriptions; onboarding retainers; reporting modules,Pricing combines recurring subscription commitments with onboarding and reporting service charges.,"Customer acquisition relies on procurement referrals, implementation partners, and direct enterprise sales activity.",282578,24866467,429317,6 months,rejected
SignalBridge,"SignalBridge operates a workflow platform used by regional insurers responsible for inventory forecasting. Capital from the current round is allocated toward integration support, implementation staffing, and account expansion activity.",proptech,seed,3511329,GBP,Teams handling inventory forecasting often rely on fragmented operational processes requiring repeated reconciliation between internal systems and external service providers.,regional insurers,$85.7B annual operating market across 11 regions,"The software standardizes workflows related to inventory forecasting while supporting audit visibility, role-based access management, and operational tracking.",The software includes configurable controls aligned with procurement and reporting requirements.,Customer deployments are managed through standardized implementation procedures across account operating environments.,Recurring software subscriptions; onboarding retainers; reporting modules,Customers are billed through annual contracts aligned with usage activity and implementation requirements.,"Commercial growth is supported through pilot deployments, sector conferences, and referral relationships.",780401,3340281,147629,17 months,approved
IronFlow,IronFlow provides enterprise software focused on crop purchasing for independent legal practices. The company is raising funding to support regional deployment operations and commercial onboarding capacity.,edtech,pre-seed,5874919,AED,Teams handling crop purchasing often rely on fragmented operational processes requiring repeated reconciliation between internal systems and external service providers.,independent legal practices,$62.8B annual operating market across 19 regions,"The software standardizes workflows related to crop purchasing while supporting audit visibility, role-based access management, and operational tracking.",The software includes configurable controls aligned with procurement and reporting requirements.,Deployment operations follow a structured onboarding process across customer operating environments with phased implementation support during rollout.,Recurring software subscriptions; onboarding retainers; reporting modules,"Commercial agreements are indexed to deployment scope, transaction activity, and active operating locations.","Commercial growth is supported through pilot deployments, sector conferences, and referral relationships.",1929958,26349565,815002,8 months,rejected
PioneerCore,PioneerCore provides enterprise software focused on crop purchasing for retail distribution chains. The company is raising funding to support regional deployment operations and commercial onboarding capacity.,proptech,idea,568478,AED,"Operational groups managing crop purchasing typically lack centralized visibility across reporting environments, vendor records, and implementation workflows.",retail distribution chains,$53.6B annual operating market across 19 regions,The product centralizes operational coordination associated with crop purchasing into a unified management environment with configurable workflow logic.,The software includes configurable controls aligned with procurement and reporting requirements.,The implementation framework supports staged account onboarding across distributed operational environments.,Usage-based billing; workflow modules; deployment support services,Pricing combines recurring subscription commitments with onboarding and reporting service charges.,"The company sources accounts through regional implementation partners, outbound sales outreach, and executive referral networks.",1023435,5423685,61581,23 months,approved
AtlasBridge,"AtlasBridge operates a workflow platform used by multi-campus training institutes responsible for credential verification. Capital from the current round is allocated toward integration support, implementation staffing, and account expansion activity.",saas,idea,3991874,GBP,"Organizations responsible for credential verification frequently coordinate activity across disconnected systems, vendor portals, and manual reporting workflows.",multi-campus training institutes,$45.9B annual operating market across 11 regions,"The software standardizes workflows related to credential verification while supporting audit visibility, role-based access management, and operational tracking.",The implementation framework maintains configurable workflow rules across customer operating environments.,Customer deployments are managed through standardized implementation procedures across account operating environments.,Recurring software subscriptions; onboarding retainers; reporting modules,"Commercial agreements are indexed to deployment scope, transaction activity, and active operating locations.","Commercial growth is supported through pilot deployments, sector conferences, and referral relationships.",1682270,8533904,105438,18 months,approved
LatticeCore,"LatticeCore develops operational software for multi-campus training institutes managing inventory forecasting. The current financing round supports deployment capacity, onboarding operations, and implementation coverage across additional markets.",agritech,idea,3048060,USD,"Organizations responsible for inventory forecasting frequently coordinate activity across disconnected systems, vendor portals, and manual reporting workflows.",multi-campus training institutes,$78.7B annual operating market across 6 regions,"The platform consolidates operational records associated with inventory forecasting, synchronizes data across connected systems, and maintains configurable reporting controls.",The implementation framework maintains configurable workflow rules across customer operating environments.,Customer deployments are managed through standardized implementation procedures across account operating environments.,Usage-based billing; workflow modules; deployment support services,"Commercial agreements are indexed to deployment scope, transaction activity, and active operating locations.","The company sources accounts through regional implementation partners, outbound sales outreach, and executive referral networks.",1242040,5713307,164003,21 months,approved
GraniteLogic,"GraniteLogic develops operational software for industrial procurement teams managing maintenance dispatching. The current financing round supports deployment capacity, onboarding operations, and implementation coverage across additional markets.",legaltech,seed,4542340,GBP,Teams handling maintenance dispatching often rely on fragmented operational processes requiring repeated reconciliation between internal systems and external service providers.,industrial procurement teams,$84.5B annual operating market across 9 regions,"The software standardizes workflows related to maintenance dispatching while supporting audit visibility, role-based access management, and operational tracking.",The software includes configurable controls aligned with procurement and reporting requirements.,Deployment operations follow a structured onboarding process across customer operating environments with phased implementation support during rollout.,Annual platform agreements; implementation services; support contracts,Pricing combines recurring subscription commitments with onboarding and reporting service charges.,"Customer acquisition relies on procurement referrals, implementation partners, and direct enterprise sales activity.",1616668,14810449,586077,5 months,rejected
AtlasCloud,AtlasCloud provides enterprise software focused on inventory forecasting for regional insurers. The company is raising funding to support regional deployment operations and commercial onboarding capacity.,agritech,idea,6086102,SGD,"Operational groups managing inventory forecasting typically lack centralized visibility across reporting environments, vendor records, and implementation workflows.",regional insurers,$92.1B annual operating market across 20 regions,"The software standardizes workflows related to inventory forecasting while supporting audit visibility, role-based access management, and operational tracking.",The software includes configurable controls aligned with procurement and reporting requirements.,The implementation framework supports staged account onboarding across distributed operational environments.,Usage-based billing; workflow modules; deployment support services,Customers are billed through annual contracts aligned with usage activity and implementation requirements.,"Commercial growth is supported through pilot deployments, sector conferences, and referral relationships.",1429739,15777023,522668,4 months,rejected
SignalPilot,SignalPilot provides enterprise software focused on shipment coordination for specialty clinics. The company is raising funding to support regional deployment operations and commercial onboarding capacity.,healthtech,series-a,756742,AED,"Operational groups managing shipment coordination typically lack centralized visibility across reporting environments, vendor records, and implementation workflows.",specialty clinics,$77.6B annual operating market across 21 regions,"The platform consolidates operational records associated with shipment coordination, synchronizes data across connected systems, and maintains configurable reporting controls.",The software includes configurable controls aligned with procurement and reporting requirements.,Customer deployments are managed through standardized implementation procedures across account operating environments.,Annual platform agreements; implementation services; support contracts,"Commercial agreements are indexed to deployment scope, transaction activity, and active operating locations.","Commercial growth is supported through pilot deployments, sector conferences, and referral relationships.",92425,317913,43026,27 months,approved
ApexLedger,"ApexLedger develops operational software for independent legal practices managing inventory forecasting. The current financing round supports deployment capacity, onboarding operations, and implementation coverage across additional markets.",edtech,seed,2694497,USD,Teams handling inventory forecasting often rely on fragmented operational processes requiring repeated reconciliation between internal systems and external service providers.,independent legal practices,$89.2B annual operating market across 7 regions,The product centralizes operational coordination associated with inventory forecasting into a unified management environment with configurable workflow logic.,The implementation framework maintains configurable workflow rules across customer operating environments.,The implementation framework supports staged account onboarding across distributed operational environments.,Recurring software subscriptions; onboarding retainers; reporting modules,"Commercial agreements are indexed to deployment scope, transaction activity, and active operating locations.","Customer acquisition relies on procurement referrals, implementation partners, and direct enterprise sales activity.",1345031,17137980,646653,9 months,rejected
DeltaGrid,"DeltaGrid develops operational software for agricultural exporters managing patient scheduling. The current financing round supports deployment capacity, onboarding operations, and implementation coverage across additional markets.",saas,series-a,3313960,USD,"Operational groups managing patient scheduling typically lack centralized visibility across reporting environments, vendor records, and implementation workflows.",agricultural exporters,$64.8B annual operating market across 19 regions,"The software standardizes workflows related to patient scheduling while supporting audit visibility, role-based access management, and operational tracking.",The software includes configurable controls aligned with procurement and reporting requirements.,Customer deployments are managed through standardized implementation procedures across account operating environments.,Usage-based billing; workflow modules; deployment support services,"Commercial agreements are indexed to deployment scope, transaction activity, and active operating locations.","Commercial growth is supported through pilot deployments, sector conferences, and referral relationships.",38868,2922192,82432,26 months,approved
IronCloud,IronCloud provides enterprise software focused on compliance tracking for retail distribution chains. The company is raising funding to support regional deployment operations and commercial onboarding capacity.,saas,series-a,1649417,GBP,"Operational groups managing compliance tracking typically lack centralized visibility across reporting environments, vendor records, and implementation workflows.",retail distribution chains,$52.4B annual operating market across 16 regions,"The software standardizes workflows related to compliance tracking while supporting audit visibility, role-based access management, and operational tracking.",The software includes configurable controls aligned with procurement and reporting requirements.,The implementation framework supports staged account onboarding across distributed operational environments.,Recurring software subscriptions; onboarding retainers; reporting modules,"Commercial agreements are indexed to deployment scope, transaction activity, and active operating locations.","Customer acquisition relies on procurement referrals, implementation partners, and direct enterprise sales activity.",140314,4055495,169758,20 months,approved
LatticeBase,"LatticeBase develops operational software for regional insurers managing patient scheduling. The current financing round supports deployment capacity, onboarding operations, and implementation coverage across additional markets.",logistics,seed,3438609,AED,"Operational groups managing patient scheduling typically lack centralized visibility across reporting environments, vendor records, and implementation workflows.",regional insurers,$73.3B annual operating market across 16 regions,"The software standardizes workflows related to patient scheduling while supporting audit visibility, role-based access management, and operational tracking.",The platform supports integration with operational systems commonly used across secondary regional markets.,Deployment operations follow a structured onboarding process across customer operating environments with phased implementation support during rollout.,Usage-based billing; workflow modules; deployment support services,Customers are billed through annual contracts aligned with usage activity and implementation requirements.,"Customer acquisition relies on procurement referrals, implementation partners, and direct enterprise sales activity.",1510878,3962510,148979,19 months,approved
GraniteBase,GraniteBase provides enterprise software focused on compliance tracking for agricultural exporters. The company is raising funding to support regional deployment operations and commercial onboarding capacity.,cleantech,idea,3075789,AED,Teams handling compliance tracking often rely on fragmented operational processes requiring repeated reconciliation between internal systems and external service providers.,agricultural exporters,$44.7B annual operating market across 18 regions,"The platform consolidates operational records associated with compliance tracking, synchronizes data across connected systems, and maintains configurable reporting controls.",The implementation framework maintains configurable workflow rules across customer operating environments.,The implementation framework supports staged account onboarding across distributed operational environments.,Annual platform agreements; implementation services; support contracts,Pricing combines recurring subscription commitments with onboarding and reporting service charges.,"The company sources accounts through regional implementation partners, outbound sales outreach, and executive referral networks.",101327,8349198,107203,18 months,approved
AtlasFlow,"AtlasFlow operates a workflow platform used by urban transport contractors responsible for shipment coordination. Capital from the current round is allocated toward integration support, implementation staffing, and account expansion activity.",edtech,pre-seed,3907666,GBP,"Organizations responsible for shipment coordination frequently coordinate activity across disconnected systems, vendor portals, and manual reporting workflows.",urban transport contractors,$13.6B annual operating market across 15 regions,"The platform consolidates operational records associated with shipment coordination, synchronizes data across connected systems, and maintains configurable reporting controls.",The implementation framework maintains configurable workflow rules across customer operating environments.,The implementation framework supports staged account onboarding across distributed operational environments.,Annual platform agreements; implementation services; support contracts,Customers are billed through annual contracts aligned with usage activity and implementation requirements.,"Commercial growth is supported through pilot deployments, sector conferences, and referral relationships.",830912,9898665,132988,7 months,rejected
AtlasBridge,AtlasBridge provides enterprise software focused on vendor reconciliation for agricultural exporters. The company is raising funding to support regional deployment operations and commercial onboarding capacity.,saas,seed,3102095,EUR,"Organizations responsible for vendor reconciliation frequently coordinate activity across disconnected systems, vendor portals, and manual reporting workflows.",agricultural exporters,$36.5B annual operating market across 7 regions,"The software standardizes workflows related to vendor reconciliation while supporting audit visibility, role-based access management, and operational tracking.",The deployment architecture supports phased onboarding across distributed customer operating environments.,Customer deployments are managed through standardized implementation procedures across account operating environments.,Recurring software subscriptions; onboarding retainers; reporting modules,Pricing combines recurring subscription commitments with onboarding and reporting service charges.,"Commercial growth is supported through pilot deployments, sector conferences, and referral relationships.",223881,824909,67276,17 months,approved
SummitMetrics,"SummitMetrics operates a workflow platform used by retail distribution chains responsible for tenant onboarding. Capital from the current round is allocated toward integration support, implementation staffing, and account expansion activity.",saas,series-a,2427379,AED,"Organizations responsible for tenant onboarding frequently coordinate activity across disconnected systems, vendor portals, and manual reporting workflows.",retail distribution chains,$69.0B annual operating market across 20 regions,"The software standardizes workflows related to tenant onboarding while supporting audit visibility, role-based access management, and operational tracking.",The platform supports integration with operational systems commonly used across secondary regional markets.,The implementation framework supports staged account onboarding across distributed operational environments.,Recurring software subscriptions; onboarding retainers; reporting modules,"Commercial agreements are indexed to deployment scope, transaction activity, and active operating locations.","Customer acquisition relies on procurement referrals, implementation partners, and direct enterprise sales activity.",2087554,4678202,101726,14 months,approved
AtlasFlow,AtlasFlow provides enterprise software focused on credential verification for multi-campus training institutes. The company is raising funding to support regional deployment operations and commercial onboarding capacity.,saas,seed,409790,USD,"Organizations responsible for credential verification frequently coordinate activity across disconnected systems, vendor portals, and manual reporting workflows.",multi-campus training institutes,$81.0B annual operating market across 10 regions,The product centralizes operational coordination associated with credential verification into a unified management environment with configurable workflow logic.,The implementation framework maintains configurable workflow rules across customer operating environments.,The implementation framework supports staged account onboarding across distributed operational environments.,Annual platform agreements; implementation services; support contracts,Customers are billed through annual contracts aligned with usage activity and implementation requirements.,"Commercial growth is supported through pilot deployments, sector conferences, and referral relationships.",518486,2234468,182483,18 months,approved
HarborMetrics,"HarborMetrics develops operational software for independent legal practices managing claims intake. The current financing round supports deployment capacity, onboarding operations, and implementation coverage across additional markets.",legaltech,idea,2584660,SGD,"Operational groups managing claims intake typically lack centralized visibility across reporting environments, vendor records, and implementation workflows.",independent legal practices,$89.9B annual operating market across 21 regions,"The software standardizes workflows related to claims intake while supporting audit visibility, role-based access management, and operational tracking.",The software includes configurable controls aligned with procurement and reporting requirements.,Customer deployments are managed through standardized implementation procedures across account operating environments.,Annual platform agreements; implementation services; support contracts,Customers are billed through annual contracts aligned with usage activity and implementation requirements.,"Commercial growth is supported through pilot deployments, sector conferences, and referral relationships.",876479,3552463,56097,24 months,approved
SummitLedger,SummitLedger provides enterprise software focused on vendor reconciliation for independent legal practices. The company is raising funding to support regional deployment operations and commercial onboarding capacity.,agritech,pre-seed,2854458,SGD,"Operational groups managing vendor reconciliation typically lack centralized visibility across reporting environments, vendor records, and implementation workflows.",independent legal practices,$56.7B annual operating market across 13 regions,"The platform consolidates operational records associated with vendor reconciliation, synchronizes data across connected systems, and maintains configurable reporting controls.",The software includes configurable controls aligned with procurement and reporting requirements.,Deployment operations follow a structured onboarding process across customer operating environments with phased implementation support during rollout.,Annual platform agreements; implementation services; support contracts,"Commercial agreements are indexed to deployment scope, transaction activity, and active operating locations.","The company sources accounts through regional implementation partners, outbound sales outreach, and executive referral networks.",1337304,22000413,239547,3 months,rejected
ApexGrid,"ApexGrid operates a workflow platform used by independent legal practices responsible for inventory forecasting. Capital from the current round is allocated toward integration support, implementation staffing, and account expansion activity.",proptech,pre-seed,1639734,GBP,"Organizations responsible for inventory forecasting frequently coordinate activity across disconnected systems, vendor portals, and manual reporting workflows.",independent legal practices,$41.0B annual operating market across 21 regions,"The software standardizes workflows related to inventory forecasting while supporting audit visibility, role-based access management, and operational tracking.",The platform supports integration with operational systems commonly used across secondary regional markets.,Deployment operations follow a structured onboarding process across customer operating environments with phased implementation support during rollout.,Usage-based billing; workflow modules; deployment support services,Pricing combines recurring subscription commitments with onboarding and reporting service charges.,"The company sources accounts through regional implementation partners, outbound sales outreach, and executive referral networks.",386362,1647733,70422,23 months,approved
IronLogic,IronLogic provides enterprise software focused on maintenance dispatching for agricultural exporters. The company is raising funding to support regional deployment operations and commercial onboarding capacity.,fintech,seed,9346170,EUR,"Operational groups managing maintenance dispatching typically lack centralized visibility across reporting environments, vendor records, and implementation workflows.",agricultural exporters,$73.7B annual operating market across 13 regions,The product centralizes operational coordination associated with maintenance dispatching into a unified management environment with configurable workflow logic.,The platform supports integration with operational systems commonly used across secondary regional markets.,The implementation framework supports staged account onboarding across distributed operational environments.,Annual platform agreements; implementation services; support contracts,Pricing combines recurring subscription commitments with onboarding and reporting service charges.,"Commercial growth is supported through pilot deployments, sector conferences, and referral relationships.",752259,12705486,661893,10 months,rejected
SummitSystems,"SummitSystems develops operational software for commercial property groups managing compliance tracking. The current financing round supports deployment capacity, onboarding operations, and implementation coverage across additional markets.",edtech,series-a,2913988,EUR,"Operational groups managing compliance tracking typically lack centralized visibility across reporting environments, vendor records, and implementation workflows.",commercial property groups,$37.7B annual operating market across 21 regions,"The platform consolidates operational records associated with compliance tracking, synchronizes data across connected systems, and maintains configurable reporting controls.",The platform supports integration with operational systems commonly used across secondary regional markets.,Customer deployments are managed through standardized implementation procedures across account operating environments.,Recurring software subscriptions; onboarding retainers; reporting modules,"Commercial agreements are indexed to deployment scope, transaction activity, and active operating locations.","The company sources accounts through regional implementation partners, outbound sales outreach, and executive referral networks.",1451,465953,140201,17 months,approved
ApexLedger,"ApexLedger operates a workflow platform used by agricultural exporters responsible for vendor reconciliation. Capital from the current round is allocated toward integration support, implementation staffing, and account expansion activity.",logistics,idea,3144770,USD,"Organizations responsible for vendor reconciliation frequently coordinate activity across disconnected systems, vendor portals, and manual reporting workflows.",agricultural exporters,$87.3B annual operating market across 20 regions,The product centralizes operational coordination associated with vendor reconciliation into a unified management environment with configurable workflow logic.,The implementation framework maintains configurable workflow rules across customer operating environments.,Customer deployments are managed through standardized implementation procedures across account operating environments.,Recurring software subscriptions; onboarding retainers; reporting modules,Customers are billed through annual contracts aligned with usage activity and implementation requirements.,"The company sources accounts through regional implementation partners, outbound sales outreach, and executive referral networks.",552046,1682087,151409,20 months,approved
LatticePilot,"LatticePilot operates a workflow platform used by urban transport contractors responsible for maintenance dispatching. Capital from the current round is allocated toward integration support, implementation staffing, and account expansion activity.",proptech,series-a,2343395,AED,"Operational groups managing maintenance dispatching typically lack centralized visibility across reporting environments, vendor records, and implementation workflows.",urban transport contractors,$92.0B annual operating market across 19 regions,The product centralizes operational coordination associated with maintenance dispatching into a unified management environment with configurable workflow logic.,The software includes configurable controls aligned with procurement and reporting requirements.,Deployment operations follow a structured onboarding process across customer operating environments with phased implementation support during rollout.,Recurring software subscriptions; onboarding retainers; reporting modules,"Commercial agreements are indexed to deployment scope, transaction activity, and active operating locations.","Commercial growth is supported through pilot deployments, sector conferences, and referral relationships.",1901225,8085785,42093,21 months,approved
GraniteCore,"GraniteCore develops operational software for commercial property groups managing crop purchasing. The current financing round supports deployment capacity, onboarding operations, and implementation coverage across additional markets.",fintech,series-a,2060313,SGD,Teams handling crop purchasing often rely on fragmented operational processes requiring repeated reconciliation between internal systems and external service providers.,commercial property groups,$71.5B annual operating market across 10 regions,The product centralizes operational coordination associated with crop purchasing into a unified management environment with configurable workflow logic.,The software includes configurable controls aligned with procurement and reporting requirements.,Customer deployments are managed through standardized implementation procedures across account operating environments.,Annual platform agreements; implementation services; support contracts,Customers are billed through annual contracts aligned with usage activity and implementation requirements.,"The company sources accounts through regional implementation partners, outbound sales outreach, and executive referral networks.",1166480,5572615,114825,24 months,approved
IronLedger,"IronLedger operates a workflow platform used by commercial property groups responsible for shipment coordination. Capital from the current round is allocated toward integration support, implementation staffing, and account expansion activity.",logistics,seed,2975891,SGD,"Organizations responsible for shipment coordination frequently coordinate activity across disconnected systems, vendor portals, and manual reporting workflows.",commercial property groups,$71.6B annual operating market across 12 regions,The product centralizes operational coordination associated with shipment coordination into a unified management environment with configurable workflow logic.,The platform supports integration with operational systems commonly used across secondary regional markets.,Customer deployments are managed through standardized implementation procedures across account operating environments.,Annual platform agreements; implementation services; support contracts,"Commercial agreements are indexed to deployment scope, transaction activity, and active operating locations.","Commercial growth is supported through pilot deployments, sector conferences, and referral relationships.",1337591,7350458,110009,25 months,approved
NorthLedger,"NorthLedger operates a workflow platform used by specialty clinics responsible for vendor reconciliation. Capital from the current round is allocated toward integration support, implementation staffing, and account expansion activity.",agritech,series-a,1184257,SGD,Teams handling vendor reconciliation often rely on fragmented operational processes requiring repeated reconciliation between internal systems and external service providers.,specialty clinics,$59.1B annual operating market across 18 regions,The product centralizes operational coordination associated with vendor reconciliation into a unified management environment with configurable workflow logic.,The implementation framework maintains configurable workflow rules across customer operating environments.,Deployment operations follow a structured onboarding process across customer operating environments with phased implementation support during rollout.,Recurring software subscriptions; onboarding retainers; reporting modules,Pricing combines recurring subscription commitments with onboarding and reporting service charges.,"The company sources accounts through regional implementation partners, outbound sales outreach, and executive referral networks.",1510602,5871374,94493,22 months,approved
DeltaCloud,"DeltaCloud develops operational software for specialty clinics managing credential verification. The current financing round supports deployment capacity, onboarding operations, and implementation coverage across additional markets.",logistics,seed,3392599,EUR,"Operational groups managing credential verification typically lack centralized visibility across reporting environments, vendor records, and implementation workflows.",specialty clinics,$87.7B annual operating market across 19 regions,"The platform consolidates operational records associated with credential verification, synchronizes data across connected systems, and maintains configurable reporting controls.",The implementation framework maintains configurable workflow rules across customer operating environments.,Deployment operations follow a structured onboarding process across customer operating environments with phased implementation support during rollout.,Usage-based billing; workflow modules; deployment support services,Customers are billed through annual contracts aligned with usage activity and implementation requirements.,"The company sources accounts through regional implementation partners, outbound sales outreach, and executive referral networks.",1867114,6642663,83969,19 months,approved
PioneerPilot,PioneerPilot provides enterprise software focused on vendor reconciliation for multi-campus training institutes. The company is raising funding to support regional deployment operations and commercial onboarding capacity.,agritech,series-a,3113646,USD,"Organizations responsible for vendor reconciliation frequently coordinate activity across disconnected systems, vendor portals, and manual reporting workflows.",multi-campus training institutes,$34.4B annual operating market across 21 regions,"The software standardizes workflows related to vendor reconciliation while supporting audit visibility, role-based access management, and operational tracking.",The platform supports integration with operational systems commonly used across secondary regional markets.,The implementation framework supports staged account onboarding across distributed operational environments.,Recurring software subscriptions; onboarding retainers; reporting modules,"Commercial agreements are indexed to deployment scope, transaction activity, and active operating locations.","Customer acquisition relies on procurement referrals, implementation partners, and direct enterprise sales activity.",723496,27547777,894691,10 months,rejected
ApexCore,"ApexCore develops operational software for warehouse operators managing compliance tracking. The current financing round supports deployment capacity, onboarding operations, and implementation coverage across additional markets.",fintech,idea,3715848,AED,"Operational groups managing compliance tracking typically lack centralized visibility across reporting environments, vendor records, and implementation workflows.",warehouse operators,$66.9B annual operating market across 20 regions,"The platform consolidates operational records associated with compliance tracking, synchronizes data across connected systems, and maintains configurable reporting controls.",The platform supports integration with operational systems commonly used across secondary regional markets.,The implementation framework supports staged account onboarding across distributed operational environments.,Annual platform agreements; implementation services; support contracts,"Commercial agreements are indexed to deployment scope, transaction activity, and active operating locations.","The company sources accounts through regional implementation partners, outbound sales outreach, and executive referral networks.",879882,3358639,168766,16 months,approved
SummitLedger,SummitLedger provides enterprise software focused on shipment coordination for commercial property groups. The company is raising funding to support regional deployment operations and commercial onboarding capacity.,agritech,series-a,5947729,SGD,"Organizations responsible for shipment coordination frequently coordinate activity across disconnected systems, vendor portals, and manual reporting workflows.",commercial property groups,$19.2B annual operating market across 13 regions,"The software standardizes workflows related to shipment coordination while supporting audit visibility, role-based access management, and operational tracking.",The software includes configurable controls aligned with procurement and reporting requirements.,Customer deployments are managed through standardized implementation procedures across account operating environments.,Recurring software subscriptions; onboarding retainers; reporting modules,"Commercial agreements are indexed to deployment scope, transaction activity, and active operating locations.","Customer acquisition relies on procurement referrals, implementation partners, and direct enterprise sales activity.",1433284,20570738,221346,3 months,rejected
ApexWorks,"ApexWorks develops operational software for warehouse operators managing inventory forecasting. The current financing round supports deployment capacity, onboarding operations, and implementation coverage across additional markets.",healthtech,series-a,9379677,GBP,Teams handling inventory forecasting often rely on fragmented operational processes requiring repeated reconciliation between internal systems and external service providers.,warehouse operators,$21.0B annual operating market across 10 regions,"The software standardizes workflows related to inventory forecasting while supporting audit visibility, role-based access management, and operational tracking.",The software includes configurable controls aligned with procurement and reporting requirements.,Deployment operations follow a structured onboarding process across customer operating environments with phased implementation support during rollout.,Recurring software subscriptions; onboarding retainers; reporting modules,Customers are billed through annual contracts aligned with usage activity and implementation requirements.,"Commercial growth is supported through pilot deployments, sector conferences, and referral relationships.",153092,2604371,618467,10 months,rejected
SummitBridge,SummitBridge provides enterprise software focused on crop purchasing for agricultural exporters. The company is raising funding to support regional deployment operations and commercial onboarding capacity.,ecommerce,pre-seed,1272656,GBP,"Operational groups managing crop purchasing typically lack centralized visibility across reporting environments, vendor records, and implementation workflows.",agricultural exporters,$37.3B annual operating market across 13 regions,"The software standardizes workflows related to crop purchasing while supporting audit visibility, role-based access management, and operational tracking.",The implementation framework maintains configurable workflow rules across customer operating environments.,Deployment operations follow a structured onboarding process across customer operating environments with phased implementation support during rollout.,Usage-based billing; workflow modules; deployment support services,"Commercial agreements are indexed to deployment scope, transaction activity, and active operating locations.","Commercial growth is supported through pilot deployments, sector conferences, and referral relationships.",50852,4729578,115143,22 months,approved
PioneerBridge,PioneerBridge provides enterprise software focused on inventory forecasting for agricultural exporters. The company is raising funding to support regional deployment operations and commercial onboarding capacity.,fintech,idea,8993468,EUR,Teams handling inventory forecasting often rely on fragmented operational processes requiring repeated reconciliation between internal systems and external service providers.,agricultural exporters,$83.4B annual operating market across 14 regions,The product centralizes operational coordination associated with inventory forecasting into a unified management environment with configurable workflow logic.,The platform supports integration with operational systems commonly used across secondary regional markets.,Customer deployments are managed through standardized implementation procedures across account operating environments.,Annual platform agreements; implementation services; support contracts,Pricing combines recurring subscription commitments with onboarding and reporting service charges.,"Commercial growth is supported through pilot deployments, sector conferences, and referral relationships.",791257,15311124,622510,9 months,rejected
IronLogic,"IronLogic develops operational software for independent legal practices managing maintenance dispatching. The current financing round supports deployment capacity, onboarding operations, and implementation coverage across additional markets.",ecommerce,idea,3368458,GBP,Teams handling maintenance dispatching often rely on fragmented operational processes requiring repeated reconciliation between internal systems and external service providers.,independent legal practices,$35.4B annual operating market across 6 regions,"The software standardizes workflows related to maintenance dispatching while supporting audit visibility, role-based access management, and operational tracking.",The deployment architecture supports phased onboarding across distributed customer operating environments.,Deployment operations follow a structured onboarding process across customer operating environments with phased implementation support during rollout.,Usage-based billing; workflow modules; deployment support services,Customers are billed through annual contracts aligned with usage activity and implementation requirements.,"The company sources accounts through regional implementation partners, outbound sales outreach, and executive referral networks.",2409630,8955564,104694,17 months,approved
IronWorks,"IronWorks develops operational software for industrial procurement teams managing crop purchasing. The current financing round supports deployment capacity, onboarding operations, and implementation coverage across additional markets.",saas,pre-seed,4439342,EUR,"Organizations responsible for crop purchasing frequently coordinate activity across disconnected systems, vendor portals, and manual reporting workflows.",industrial procurement teams,$69.3B annual operating market across 20 regions,"The software standardizes workflows related to crop purchasing while supporting audit visibility, role-based access management, and operational tracking.",The deployment architecture supports phased onboarding across distributed customer operating environments.,The implementation framework supports staged account onboarding across distributed operational environments.,Usage-based billing; workflow modules; deployment support services,"Commercial agreements are indexed to deployment scope, transaction activity, and active operating locations.","Customer acquisition relies on procurement referrals, implementation partners, and direct enterprise sales activity.",2169335,31897294,885890,4 months,rejected
LatticeWorks,LatticeWorks provides enterprise software focused on compliance tracking for specialty clinics. The company is raising funding to support regional deployment operations and commercial onboarding capacity.,ecommerce,series-a,3885890,USD,"Operational groups managing compliance tracking typically lack centralized visibility across reporting environments, vendor records, and implementation workflows.",specialty clinics,$16.0B annual operating market across 14 regions,"The software standardizes workflows related to compliance tracking while supporting audit visibility, role-based access management, and operational tracking.",The deployment architecture supports phased onboarding across distributed customer operating environments.,Deployment operations follow a structured onboarding process across customer operating environments with phased implementation support during rollout.,Usage-based billing; workflow modules; deployment support services,Pricing combines recurring subscription commitments with onboarding and reporting service charges.,"Commercial growth is supported through pilot deployments, sector conferences, and referral relationships.",54316,292817,176631,15 months,approved
SummitPilot,"SummitPilot develops operational software for urban transport contractors managing patient scheduling. The current financing round supports deployment capacity, onboarding operations, and implementation coverage across additional markets.",agritech,pre-seed,7117538,AED,"Organizations responsible for patient scheduling frequently coordinate activity across disconnected systems, vendor portals, and manual reporting workflows.",urban transport contractors,$74.3B annual operating market across 9 regions,The product centralizes operational coordination associated with patient scheduling into a unified management environment with configurable workflow logic.,The implementation framework maintains configurable workflow rules across customer operating environments.,Deployment operations follow a structured onboarding process across customer operating environments with phased implementation support during rollout.,Annual platform agreements; implementation services; support contracts,"Commercial agreements are indexed to deployment scope, transaction activity, and active operating locations.","Commercial growth is supported through pilot deployments, sector conferences, and referral relationships.",884240,26865178,620459,10 months,rejected
PioneerMetrics,"PioneerMetrics operates a workflow platform used by regional insurers responsible for inventory forecasting. Capital from the current round is allocated toward integration support, implementation staffing, and account expansion activity.",fintech,series-a,778425,AED,Teams handling inventory forecasting often rely on fragmented operational processes requiring repeated reconciliation between internal systems and external service providers.,regional insurers,$68.6B annual operating market across 7 regions,"The platform consolidates operational records associated with inventory forecasting, synchronizes data across connected systems, and maintains configurable reporting controls.",The platform supports integration with operational systems commonly used across secondary regional markets.,Deployment operations follow a structured onboarding process across customer operating environments with phased implementation support during rollout.,Annual platform agreements; implementation services; support contracts,Customers are billed through annual contracts aligned with usage activity and implementation requirements.,"The company sources accounts through regional implementation partners, outbound sales outreach, and executive referral networks.",11729,4569855,83038,28 months,approved
AtlasBase,AtlasBase provides enterprise software focused on vendor reconciliation for commercial property groups. The company is raising funding to support regional deployment operations and commercial onboarding capacity.,saas,seed,2975745,SGD,"Organizations responsible for vendor reconciliation frequently coordinate activity across disconnected systems, vendor portals, and manual reporting workflows.",commercial property groups,$94.7B annual operating market across 15 regions,"The platform consolidates operational records associated with vendor reconciliation, synchronizes data across connected systems, and maintains configurable reporting controls.",The platform supports integration with operational systems commonly used across secondary regional markets.,Deployment operations follow a structured onboarding process across customer operating environments with phased implementation support during rollout.,Usage-based billing; workflow modules; deployment support services,Pricing combines recurring subscription commitments with onboarding and reporting service charges.,"Commercial growth is supported through pilot deployments, sector conferences, and referral relationships.",681355,3328212,91958,23 months,approved
AtlasFlow,"AtlasFlow operates a workflow platform used by specialty clinics responsible for inventory forecasting. Capital from the current round is allocated toward integration support, implementation staffing, and account expansion activity.",agritech,idea,3194937,SGD,"Operational groups managing inventory forecasting typically lack centralized visibility across reporting environments, vendor records, and implementation workflows.",specialty clinics,$43.2B annual operating market across 7 regions,"The platform consolidates operational records associated with inventory forecasting, synchronizes data across connected systems, and maintains configurable reporting controls.",The deployment architecture supports phased onboarding across distributed customer operating environments.,Deployment operations follow a structured onboarding process across customer operating environments with phased implementation support during rollout.,Recurring software subscriptions; onboarding retainers; reporting modules,Pricing combines recurring subscription commitments with onboarding and reporting service charges.,"Commercial growth is supported through pilot deployments, sector conferences, and referral relationships.",153963,3736800,138607,21 months,approved
PioneerBase,"PioneerBase operates a workflow platform used by warehouse operators responsible for vendor reconciliation. Capital from the current round is allocated toward integration support, implementation staffing, and account expansion activity.",ecommerce,seed,7116801,SGD,"Organizations responsible for vendor reconciliation frequently coordinate activity across disconnected systems, vendor portals, and manual reporting workflows.",warehouse operators,$28.1B annual operating market across 11 regions,"The platform consolidates operational records associated with vendor reconciliation, synchronizes data across connected systems, and maintains configurable reporting controls.",The platform supports integration with operational systems commonly used across secondary regional markets.,Customer deployments are managed through standardized implementation procedures across account operating environments.,Recurring software subscriptions; onboarding retainers; reporting modules,Customers are billed through annual contracts aligned with usage activity and implementation requirements.,"The company sources accounts through regional implementation partners, outbound sales outreach, and executive referral networks.",169962,27470573,186972,8 months,rejected
VectorCore,VectorCore provides enterprise software focused on compliance tracking for independent legal practices. The company is raising funding to support regional deployment operations and commercial onboarding capacity.,logistics,seed,2417016,USD,Teams handling compliance tracking often rely on fragmented operational processes requiring repeated reconciliation between internal systems and external service providers.,independent legal practices,$78.2B annual operating market across 21 regions,"The software standardizes workflows related to compliance tracking while supporting audit visibility, role-based access management, and operational tracking.",The deployment architecture supports phased onboarding across distributed customer operating environments.,The implementation framework supports staged account onboarding across distributed operational environments.,Usage-based billing; workflow modules; deployment support services,"Commercial agreements are indexed to deployment scope, transaction activity, and active operating locations.","Customer acquisition relies on procurement referrals, implementation partners, and direct enterprise sales activity.",2378676,6436847,132580,25 months,approved
LatticeSystems,"LatticeSystems develops operational software for specialty clinics managing patient scheduling. The current financing round supports deployment capacity, onboarding operations, and implementation coverage across additional markets.",legaltech,series-a,9203020,GBP,Teams handling patient scheduling often rely on fragmented operational processes requiring repeated reconciliation between internal systems and external service providers.,specialty clinics,$25.7B annual operating market across 5 regions,"The platform consolidates operational records associated with patient scheduling, synchronizes data across connected systems, and maintains configurable reporting controls.",The software includes configurable controls aligned with procurement and reporting requirements.,Deployment operations follow a structured onboarding process across customer operating environments with phased implementation support during rollout.,Annual platform agreements; implementation services; support contracts,Customers are billed through annual contracts aligned with usage activity and implementation requirements.,"Customer acquisition relies on procurement referrals, implementation partners, and direct enterprise sales activity.",1742097,15890638,837692,4 months,rejected
AtlasCore,"AtlasCore operates a workflow platform used by regional insurers responsible for patient scheduling. Capital from the current round is allocated toward integration support, implementation staffing, and account expansion activity.",cleantech,series-a,7331054,USD,Teams handling patient scheduling often rely on fragmented operational processes requiring repeated reconciliation between internal systems and external service providers.,regional insurers,$43.9B annual operating market across 22 regions,The product centralizes operational coordination associated with patient scheduling into a unified management environment with configurable workflow logic.,The implementation framework maintains configurable workflow rules across customer operating environments.,The implementation framework supports staged account onboarding across distributed operational environments.,Recurring software subscriptions; onboarding retainers; reporting modules,Pricing combines recurring subscription commitments with onboarding and reporting service charges.,"The company sources accounts through regional implementation partners, outbound sales outreach, and executive referral networks.",1408366,24522961,386191,4 months,rejected
GraniteFlow,"GraniteFlow develops operational software for regional insurers managing inventory forecasting. The current financing round supports deployment capacity, onboarding operations, and implementation coverage across additional markets.",proptech,seed,3177007,USD,Teams handling inventory forecasting often rely on fragmented operational processes requiring repeated reconciliation between internal systems and external service providers.,regional insurers,$95.1B annual operating market across 12 regions,"The software standardizes workflows related to inventory forecasting while supporting audit visibility, role-based access management, and operational tracking.",The implementation framework maintains configurable workflow rules across customer operating environments.,Customer deployments are managed through standardized implementation procedures across account operating environments.,Recurring software subscriptions; onboarding retainers; reporting modules,Pricing combines recurring subscription commitments with onboarding and reporting service charges.,"Commercial growth is supported through pilot deployments, sector conferences, and referral relationships.",140835,4170235,161076,17 months,approved
DeltaPilot,"DeltaPilot develops operational software for commercial property groups managing maintenance dispatching. The current financing round supports deployment capacity, onboarding operations, and implementation coverage across additional markets.",saas,idea,1361446,EUR,"Organizations responsible for maintenance dispatching frequently coordinate activity across disconnected systems, vendor portals, and manual reporting workflows.",commercial property groups,$19.0B annual operating market across 19 regions,"The software standardizes workflows related to maintenance dispatching while supporting audit visibility, role-based access management, and operational tracking.",The implementation framework maintains configurable workflow rules across customer operating environments.,Deployment operations follow a structured onboarding process across customer operating environments with phased implementation support during rollout.,Recurring software subscriptions; onboarding retainers; reporting modules,Pricing combines recurring subscription commitments with onboarding and reporting service charges.,"Customer acquisition relies on procurement referrals, implementation partners, and direct enterprise sales activity.",983663,3392544,129871,25 months,approved
AtlasCore,AtlasCore provides enterprise software focused on tenant onboarding for multi-campus training institutes. The company is raising funding to support regional deployment operations and commercial onboarding capacity.,legaltech,idea,2527446,AED,"Organizations responsible for tenant onboarding frequently coordinate activity across disconnected systems, vendor portals, and manual reporting workflows.",multi-campus training institutes,$4.3B annual operating market across 22 regions,"The software standardizes workflows related to tenant onboarding while supporting audit visibility, role-based access management, and operational tracking.",The software includes configurable controls aligned with procurement and reporting requirements.,Deployment operations follow a structured onboarding process across customer operating environments with phased implementation support during rollout.,Annual platform agreements; implementation services; support contracts,"Commercial agreements are indexed to deployment scope, transaction activity, and active operating locations.","Commercial growth is supported through pilot deployments, sector conferences, and referral relationships.",2168821,6055661,174635,10 months,rejected
PioneerLedger,"PioneerLedger develops operational software for industrial procurement teams managing shipment coordination. The current financing round supports deployment capacity, onboarding operations, and implementation coverage across additional markets.",saas,seed,2781710,SGD,"Operational groups managing shipment coordination typically lack centralized visibility across reporting environments, vendor records, and implementation workflows.",industrial procurement teams,$46.0B annual operating market across 16 regions,"The platform consolidates operational records associated with shipment coordination, synchronizes data across connected systems, and maintains configurable reporting controls.",The platform supports integration with operational systems commonly used across secondary regional markets.,Customer deployments are managed through standardized implementation procedures across account operating environments.,Usage-based billing; workflow modules; deployment support services,Pricing combines recurring subscription commitments with onboarding and reporting service charges.,"Customer acquisition relies on procurement referrals, implementation partners, and direct enterprise sales activity.",657774,10117736,562019,4 months,rejected
ApexLedger,ApexLedger provides enterprise software focused on credential verification for retail distribution chains. The company is raising funding to support regional deployment operations and commercial onboarding capacity.,legaltech,series-a,3485442,USD,Teams handling credential verification often rely on fragmented operational processes requiring repeated reconciliation between internal systems and external service providers.,retail distribution chains,$64.2B annual operating market across 22 regions,"The platform consolidates operational records associated with credential verification, synchronizes data across connected systems, and maintains configurable reporting controls.",The implementation framework maintains configurable workflow rules across customer operating environments.,Deployment operations follow a structured onboarding process across customer operating environments with phased implementation support during rollout.,Recurring software subscriptions; onboarding retainers; reporting modules,Customers are billed through annual contracts aligned with usage activity and implementation requirements.,"The company sources accounts through regional implementation partners, outbound sales outreach, and executive referral networks.",1270386,13116328,554486,4 months,rejected
GraniteMetrics,"GraniteMetrics develops operational software for commercial property groups managing patient scheduling. The current financing round supports deployment capacity, onboarding operations, and implementation coverage across additional markets.",agritech,seed,403557,AED,"Organizations responsible for patient scheduling frequently coordinate activity across disconnected systems, vendor portals, and manual reporting workflows.",commercial property groups,$45.9B annual operating market across 22 regions,"The platform consolidates operational records associated with patient scheduling, synchronizes data across connected systems, and maintains configurable reporting controls.",The platform supports integration with operational systems commonly used across secondary regional markets.,Customer deployments are managed through standardized implementation procedures across account operating environments.,Annual platform agreements; implementation services; support contracts,"Commercial agreements are indexed to deployment scope, transaction activity, and active operating locations.","The company sources accounts through regional implementation partners, outbound sales outreach, and executive referral networks.",568061,2309628,138227,17 months,approved
LatticeSystems,"LatticeSystems operates a workflow platform used by specialty clinics responsible for tenant onboarding. Capital from the current round is allocated toward integration support, implementation staffing, and account expansion activity.",saas,idea,4659886,GBP,"Operational groups managing tenant onboarding typically lack centralized visibility across reporting environments, vendor records, and implementation workflows.",specialty clinics,$56.3B annual operating market across 16 regions,The product centralizes operational coordination associated with tenant onboarding into a unified management environment with configurable workflow logic.,The platform supports integration with operational systems commonly used across secondary regional markets.,Customer deployments are managed through standardized implementation procedures across account operating environments.,Recurring software subscriptions; onboarding retainers; reporting modules,Pricing combines recurring subscription commitments with onboarding and reporting service charges.,"Commercial growth is supported through pilot deployments, sector conferences, and referral relationships.",1280614,17586157,120605,9 months,rejected
GraniteMetrics,"GraniteMetrics develops operational software for commercial property groups managing patient scheduling. The current financing round supports deployment capacity, onboarding operations, and implementation coverage across additional markets.",agritech,seed,7037401,AED,"Organizations responsible for patient scheduling frequently coordinate activity across disconnected systems, vendor portals, and manual reporting workflows.",commercial property groups,$45.9B annual operating market across 22 regions,"The platform consolidates operational records associated with patient scheduling, synchronizes data across connected systems, and maintains configurable reporting controls.",The platform supports integration with operational systems commonly used across secondary regional markets.,Customer deployments are managed through standardized implementation procedures across account operating environments.,Annual platform agreements; implementation services; support contracts,"Commercial agreements are indexed to deployment scope, transaction activity, and active operating locations.","The company sources accounts through regional implementation partners, outbound sales outreach, and executive referral networks.",1658332,27036653,523080,10 months,rejected
IronMetrics,IronMetrics provides enterprise software focused on claims intake for retail distribution chains. The company is raising funding to support regional deployment operations and commercial onboarding capacity.,agritech,pre-seed,8861020,SGD,Teams handling claims intake often rely on fragmented operational processes requiring repeated reconciliation between internal systems and external service providers.,retail distribution chains,$70.0B annual operating market across 20 regions,"The platform consolidates operational records associated with claims intake, synchronizes data across connected systems, and maintains configurable reporting controls.",The platform supports integration with operational systems commonly used across secondary regional markets.,Deployment operations follow a structured onboarding process across customer operating environments with phased implementation support during rollout.,Usage-based billing; workflow modules; deployment support services,Pricing combines recurring subscription commitments with onboarding and reporting service charges.,"The company sources accounts through regional implementation partners, outbound sales outreach, and executive referral networks.",1067579,10836718,760009,7 months,rejected
NorthCloud,NorthCloud provides enterprise software focused on credential verification for urban transport contractors. The company is raising funding to support regional deployment operations and commercial onboarding capacity.,cleantech,pre-seed,3721658,EUR,"Organizations responsible for credential verification frequently coordinate activity across disconnected systems, vendor portals, and manual reporting workflows.",urban transport contractors,$42.5B annual operating market across 20 regions,"The software standardizes workflows related to credential verification while supporting audit visibility, role-based access management, and operational tracking.",The platform supports integration with operational systems commonly used across secondary regional markets.,The implementation framework supports staged account onboarding across distributed operational environments.,Usage-based billing; workflow modules; deployment support services,"Commercial agreements are indexed to deployment scope, transaction activity, and active operating locations.","The company sources accounts through regional implementation partners, outbound sales outreach, and executive referral networks.",21151,3016532,148768,28 months,approved
IronBridge,"IronBridge develops operational software for warehouse operators managing patient scheduling. The current financing round supports deployment capacity, onboarding operations, and implementation coverage across additional markets.",proptech,idea,3675877,USD,"Organizations responsible for patient scheduling frequently coordinate activity across disconnected systems, vendor portals, and manual reporting workflows.",warehouse operators,$35.8B annual operating market across 14 regions,"The software standardizes workflows related to patient scheduling while supporting audit visibility, role-based access management, and operational tracking.",The implementation framework maintains configurable workflow rules across customer operating environments.,Customer deployments are managed through standardized implementation procedures across account operating environments.,Usage-based billing; workflow modules; deployment support services,Customers are billed through annual contracts aligned with usage activity and implementation requirements.,"The company sources accounts through regional implementation partners, outbound sales outreach, and executive referral networks.",30909,12711296,127135,19 months,approved
PioneerWorks,"PioneerWorks develops operational software for regional insurers managing credential verification. The current financing round supports deployment capacity, onboarding operations, and implementation coverage across additional markets.",cleantech,seed,3617477,EUR,Teams handling credential verification often rely on fragmented operational processes requiring repeated reconciliation between internal systems and external service providers.,regional insurers,$94.7B annual operating market across 14 regions,"The software standardizes workflows related to credential verification while supporting audit visibility, role-based access management, and operational tracking.",The platform supports integration with operational systems commonly used across secondary regional markets.,Deployment operations follow a structured onboarding process across customer operating environments with phased implementation support during rollout.,Usage-based billing; workflow modules; deployment support services,Customers are billed through annual contracts aligned with usage activity and implementation requirements.,"Commercial growth is supported through pilot deployments, sector conferences, and referral relationships.",123856,9828942,146729,22 months,approved
AtlasFlow,"AtlasFlow operates a workflow platform used by urban transport contractors responsible for shipment coordination. Capital from the current round is allocated toward integration support, implementation staffing, and account expansion activity.",edtech,pre-seed,3919223,GBP,"Organizations responsible for shipment coordination frequently coordinate activity across disconnected systems, vendor portals, and manual reporting workflows.",urban transport contractors,$13.6B annual operating market across 15 regions,"The platform consolidates operational records associated with shipment coordination, synchronizes data across connected systems, and maintains configurable reporting controls.",The implementation framework maintains configurable workflow rules across customer operating environments.,The implementation framework supports staged account onboarding across distributed operational environments.,Annual platform agreements; implementation services; support contracts,Customers are billed through annual contracts aligned with usage activity and implementation requirements.,"Commercial growth is supported through pilot deployments, sector conferences, and referral relationships.",1724444,5475918,64967,25 months,approved
VectorFlow,"VectorFlow develops operational software for urban transport contractors managing patient scheduling. The current financing round supports deployment capacity, onboarding operations, and implementation coverage across additional markets.",healthtech,idea,3713347,USD,"Operational groups managing patient scheduling typically lack centralized visibility across reporting environments, vendor records, and implementation workflows.",urban transport contractors,$25.5B annual operating market across 10 regions,"The software standardizes workflows related to patient scheduling while supporting audit visibility, role-based access management, and operational tracking.",The platform supports integration with operational systems commonly used across secondary regional markets.,The implementation framework supports staged account onboarding across distributed operational environments.,Recurring software subscriptions; onboarding retainers; reporting modules,"Commercial agreements are indexed to deployment scope, transaction activity, and active operating locations.","Customer acquisition relies on procurement referrals, implementation partners, and direct enterprise sales activity.",2208483,10798220,113116,24 months,approved
PioneerWorks,"PioneerWorks develops operational software for regional insurers managing credential verification. The current financing round supports deployment capacity, onboarding operations, and implementation coverage across additional markets.",cleantech,seed,5713912,EUR,Teams handling credential verification often rely on fragmented operational processes requiring repeated reconciliation between internal systems and external service providers.,regional insurers,$94.7B annual operating market across 14 regions,"The software standardizes workflows related to credential verification while supporting audit visibility, role-based access management, and operational tracking.",The platform supports integration with operational systems commonly used across secondary regional markets.,Deployment operations follow a structured onboarding process across customer operating environments with phased implementation support during rollout.,Usage-based billing; workflow modules; deployment support services,Customers are billed through annual contracts aligned with usage activity and implementation requirements.,"Commercial growth is supported through pilot deployments, sector conferences, and referral relationships.",1538135,24803996,807813,10 months,rejected
GraniteFlow,"GraniteFlow develops operational software for multi-campus training institutes managing compliance tracking. The current financing round supports deployment capacity, onboarding operations, and implementation coverage across additional markets.",cleantech,idea,8126424,GBP,"Operational groups managing compliance tracking typically lack centralized visibility across reporting environments, vendor records, and implementation workflows.",multi-campus training institutes,$64.5B annual operating market across 10 regions,The product centralizes operational coordination associated with compliance tracking into a unified management environment with configurable workflow logic.,The implementation framework maintains configurable workflow rules across customer operating environments.,Deployment operations follow a structured onboarding process across customer operating environments with phased implementation support during rollout.,Usage-based billing; workflow modules; deployment support services,Pricing combines recurring subscription commitments with onboarding and reporting service charges.,"Customer acquisition relies on procurement referrals, implementation partners, and direct enterprise sales activity.",2142329,26253298,122661,3 months,rejected
ApexLogic,ApexLogic provides enterprise software focused on patient scheduling for warehouse operators. The company is raising funding to support regional deployment operations and commercial onboarding capacity.,logistics,seed,3571419,GBP,"Operational groups managing patient scheduling typically lack centralized visibility across reporting environments, vendor records, and implementation workflows.",warehouse operators,$4.3B annual operating market across 9 regions,"The platform consolidates operational records associated with patient scheduling, synchronizes data across connected systems, and maintains configurable reporting controls.",The platform supports integration with operational systems commonly used across secondary regional markets.,The implementation framework supports staged account onboarding across distributed operational environments.,Usage-based billing; workflow modules; deployment support services,Customers are billed through annual contracts aligned with usage activity and implementation requirements.,"The company sources accounts through regional implementation partners, outbound sales outreach, and executive referral networks.",55667,245734,172183,17 months,approved
GraniteGrid,GraniteGrid provides enterprise software focused on crop purchasing for industrial procurement teams. The company is raising funding to support regional deployment operations and commercial onboarding capacity.,ecommerce,pre-seed,5993830,USD,"Operational groups managing crop purchasing typically lack centralized visibility across reporting environments, vendor records, and implementation workflows.",industrial procurement teams,$34.0B annual operating market across 10 regions,The product centralizes operational coordination associated with crop purchasing into a unified management environment with configurable workflow logic.,The software includes configurable controls aligned with procurement and reporting requirements.,The implementation framework supports staged account onboarding across distributed operational environments.,Annual platform agreements; implementation services; support contracts,Pricing combines recurring subscription commitments with onboarding and reporting service charges.,"The company sources accounts through regional implementation partners, outbound sales outreach, and executive referral networks.",436253,22780399,306112,10 months,rejected
ApexLogic,ApexLogic provides enterprise software focused on vendor reconciliation for regional insurers. The company is raising funding to support regional deployment operations and commercial onboarding capacity.,healthtech,seed,1073431,USD,"Operational groups managing vendor reconciliation typically lack centralized visibility across reporting environments, vendor records, and implementation workflows.",regional insurers,$63.7B annual operating market across 17 regions,"The platform consolidates operational records associated with vendor reconciliation, synchronizes data across connected systems, and maintains configurable reporting controls.",The platform supports integration with operational systems commonly used across secondary regional markets.,Customer deployments are managed through standardized implementation procedures across account operating environments.,Recurring software subscriptions; onboarding retainers; reporting modules,"Commercial agreements are indexed to deployment scope, transaction activity, and active operating locations.","The company sources accounts through regional implementation partners, outbound sales outreach, and executive referral networks.",1978535,10635796,177417,19 months,approved
NorthWorks,NorthWorks provides enterprise software focused on tenant onboarding for multi-campus training institutes. The company is raising funding to support regional deployment operations and commercial onboarding capacity.,edtech,seed,1037521,USD,"Operational groups managing tenant onboarding typically lack centralized visibility across reporting environments, vendor records, and implementation workflows.",multi-campus training institutes,$93.6B annual operating market across 19 regions,The product centralizes operational coordination associated with tenant onboarding into a unified management environment with configurable workflow logic.,The implementation framework maintains configurable workflow rules across customer operating environments.,Deployment operations follow a structured onboarding process across customer operating environments with phased implementation support during rollout.,Usage-based billing; workflow modules; deployment support services,"Commercial agreements are indexed to deployment scope, transaction activity, and active operating locations.","Commercial growth is supported through pilot deployments, sector conferences, and referral relationships.",64936,6913234,180527,26 months,approved
AtlasFlow,"AtlasFlow develops operational software for warehouse operators managing maintenance dispatching. The current financing round supports deployment capacity, onboarding operations, and implementation coverage across additional markets.",agritech,series-a,8894094,EUR,"Organizations responsible for maintenance dispatching frequently coordinate activity across disconnected systems, vendor portals, and manual reporting workflows.",warehouse operators,$94.2B annual operating market across 21 regions,"The software standardizes workflows related to maintenance dispatching while supporting audit visibility, role-based access management, and operational tracking.",The software includes configurable controls aligned with procurement and reporting requirements.,Customer deployments are managed through standardized implementation procedures across account operating environments.,Annual platform agreements; implementation services; support contracts,"Commercial agreements are indexed to deployment scope, transaction activity, and active operating locations.","The company sources accounts through regional implementation partners, outbound sales outreach, and executive referral networks.",1356706,23758151,668872,5 months,rejected
DeltaBase,"DeltaBase develops operational software for regional insurers managing crop purchasing. The current financing round supports deployment capacity, onboarding operations, and implementation coverage across additional markets.",healthtech,pre-seed,1930943,SGD,Teams handling crop purchasing often rely on fragmented operational processes requiring repeated reconciliation between internal systems and external service providers.,regional insurers,$61.7B annual operating market across 11 regions,The product centralizes operational coordination associated with crop purchasing into a unified management environment with configurable workflow logic.,The platform supports integration with operational systems commonly used across secondary regional markets.,Customer deployments are managed through standardized implementation procedures across account operating environments.,Recurring software subscriptions; onboarding retainers; reporting modules,Customers are billed through annual contracts aligned with usage activity and implementation requirements.,"The company sources accounts through regional implementation partners, outbound sales outreach, and executive referral networks.",1908464,7115532,49718,22 months,approved
NorthCloud,"NorthCloud operates a workflow platform used by specialty clinics responsible for inventory forecasting. Capital from the current round is allocated toward integration support, implementation staffing, and account expansion activity.",agritech,seed,6818603,AED,"Operational groups managing inventory forecasting typically lack centralized visibility across reporting environments, vendor records, and implementation workflows.",specialty clinics,$70.3B annual operating market across 14 regions,"The platform consolidates operational records associated with inventory forecasting, synchronizes data across connected systems, and maintains configurable reporting controls.",The software includes configurable controls aligned with procurement and reporting requirements.,Deployment operations follow a structured onboarding process across customer operating environments with phased implementation support during rollout.,Recurring software subscriptions; onboarding retainers; reporting modules,Customers are billed through annual contracts aligned with usage activity and implementation requirements.,"The company sources accounts through regional implementation partners, outbound sales outreach, and executive referral networks.",2548708,18280423,124739,5 months,rejected
NorthGrid,"NorthGrid operates a workflow platform used by urban transport contractors responsible for maintenance dispatching. Capital from the current round is allocated toward integration support, implementation staffing, and account expansion activity.",saas,series-a,1738774,SGD,"Organizations responsible for maintenance dispatching frequently coordinate activity across disconnected systems, vendor portals, and manual reporting workflows.",urban transport contractors,$27.5B annual operating market across 21 regions,"The software standardizes workflows related to maintenance dispatching while supporting audit visibility, role-based access management, and operational tracking.",The deployment architecture supports phased onboarding across distributed customer operating environments.,The implementation framework supports staged account onboarding across distributed operational environments.,Recurring software subscriptions; onboarding retainers; reporting modules,"Commercial agreements are indexed to deployment scope, transaction activity, and active operating locations.","Customer acquisition relies on procurement referrals, implementation partners, and direct enterprise sales activity.",648822,2088939,165017,19 months,approved
VectorFlow,"VectorFlow operates a workflow platform used by regional insurers responsible for maintenance dispatching. Capital from the current round is allocated toward integration support, implementation staffing, and account expansion activity.",cleantech,idea,1842950,SGD,Teams handling maintenance dispatching often rely on fragmented operational processes requiring repeated reconciliation between internal systems and external service providers.,regional insurers,$81.7B annual operating market across 8 regions,The product centralizes operational coordination associated with maintenance dispatching into a unified management environment with configurable workflow logic.,The implementation framework maintains configurable workflow rules across customer operating environments.,Deployment operations follow a structured onboarding process across customer operating environments with phased implementation support during rollout.,Annual platform agreements; implementation services; support contracts,Customers are billed through annual contracts aligned with usage activity and implementation requirements.,"Customer acquisition relies on procurement referrals, implementation partners, and direct enterprise sales activity.",800233,3671718,165398,17 months,approved
ApexCloud,ApexCloud provides enterprise software focused on inventory forecasting for regional insurers. The company is raising funding to support regional deployment operations and commercial onboarding capacity.,fintech,idea,6613472,EUR,Teams handling inventory forecasting often rely on fragmented operational processes requiring repeated reconciliation between internal systems and external service providers.,regional insurers,$81.5B annual operating market across 16 regions,"The platform consolidates operational records associated with inventory forecasting, synchronizes data across connected systems, and maintains configurable reporting controls.",The implementation framework maintains configurable workflow rules across customer operating environments.,Customer deployments are managed through standardized implementation procedures across account operating environments.,Recurring software subscriptions; onboarding retainers; reporting modules,Customers are billed through annual contracts aligned with usage activity and implementation requirements.,"Customer acquisition relies on procurement referrals, implementation partners, and direct enterprise sales activity.",692975,23669992,644200,10 months,rejected
LatticeWorks,"LatticeWorks develops operational software for industrial procurement teams managing compliance tracking. The current financing round supports deployment capacity, onboarding operations, and implementation coverage across additional markets.",healthtech,pre-seed,5912161,USD,"Operational groups managing compliance tracking typically lack centralized visibility across reporting environments, vendor records, and implementation workflows.",industrial procurement teams,$5.4B annual operating market across 12 regions,"The platform consolidates operational records associated with compliance tracking, synchronizes data across connected systems, and maintains configurable reporting controls.",The software includes configurable controls aligned with procurement and reporting requirements.,The implementation framework supports staged account onboarding across distributed operational environments.,Recurring software subscriptions; onboarding retainers; reporting modules,Pricing combines recurring subscription commitments with onboarding and reporting service charges.,"Commercial growth is supported through pilot deployments, sector conferences, and referral relationships.",1470061,11765745,362474,3 months,rejected
LatticeSystems,"LatticeSystems operates a workflow platform used by warehouse operators responsible for tenant onboarding. Capital from the current round is allocated toward integration support, implementation staffing, and account expansion activity.",legaltech,idea,3013112,GBP,"Operational groups managing tenant onboarding typically lack centralized visibility across reporting environments, vendor records, and implementation workflows.",warehouse operators,$39.9B annual operating market across 5 regions,The product centralizes operational coordination associated with tenant onboarding into a unified management environment with configurable workflow logic.,The software includes configurable controls aligned with procurement and reporting requirements.,Deployment operations follow a structured onboarding process across customer operating environments with phased implementation support during rollout.,Recurring software subscriptions; onboarding retainers; reporting modules,"Commercial agreements are indexed to deployment scope, transaction activity, and active operating locations.","The company sources accounts through regional implementation partners, outbound sales outreach, and executive referral networks.",1161877,4011283,153278,24 months,approved
DeltaFlow,DeltaFlow provides enterprise software focused on crop purchasing for retail distribution chains. The company is raising funding to support regional deployment operations and commercial onboarding capacity.,agritech,idea,1223903,EUR,"Organizations responsible for crop purchasing frequently coordinate activity across disconnected systems, vendor portals, and manual reporting workflows.",retail distribution chains,$62.6B annual operating market across 5 regions,"The platform consolidates operational records associated with crop purchasing, synchronizes data across connected systems, and maintains configurable reporting controls.",The software includes configurable controls aligned with procurement and reporting requirements.,Deployment operations follow a structured onboarding process across customer operating environments with phased implementation support during rollout.,Annual platform agreements; implementation services; support contracts,Customers are billed through annual contracts aligned with usage activity and implementation requirements.,"The company sources accounts through regional implementation partners, outbound sales outreach, and executive referral networks.",512046,2362456,134022,24 months,approved
LatticeBridge,"LatticeBridge develops operational software for commercial property groups managing claims intake. The current financing round supports deployment capacity, onboarding operations, and implementation coverage across additional markets.",fintech,series-a,7448172,SGD,"Organizations responsible for claims intake frequently coordinate activity across disconnected systems, vendor portals, and manual reporting workflows.",commercial property groups,$12.6B annual operating market across 12 regions,"The platform consolidates operational records associated with claims intake, synchronizes data across connected systems, and maintains configurable reporting controls.",The deployment architecture supports phased onboarding across distributed customer operating environments.,Customer deployments are managed through standardized implementation procedures across account operating environments.,Recurring software subscriptions; onboarding retainers; reporting modules,"Commercial agreements are indexed to deployment scope, transaction activity, and active operating locations.","Customer acquisition relies on procurement referrals, implementation partners, and direct enterprise sales activity.",1901125,15240778,564030,10 months,rejected
GraniteBridge,"GraniteBridge operates a workflow platform used by retail distribution chains responsible for inventory forecasting. Capital from the current round is allocated toward integration support, implementation staffing, and account expansion activity.",edtech,series-a,3043974,USD,"Organizations responsible for inventory forecasting frequently coordinate activity across disconnected systems, vendor portals, and manual reporting workflows.",retail distribution chains,$49.9B annual operating market across 5 regions,"The software standardizes workflows related to inventory forecasting while supporting audit visibility, role-based access management, and operational tracking.",The implementation framework maintains configurable workflow rules across customer operating environments.,Deployment operations follow a structured onboarding process across customer operating environments with phased implementation support during rollout.,Annual platform agreements; implementation services; support contracts,"Commercial agreements are indexed to deployment scope, transaction activity, and active operating locations.","The company sources accounts through regional implementation partners, outbound sales outreach, and executive referral networks.",2407468,7539603,84487,28 months,approved
IronSystems,"IronSystems develops operational software for urban transport contractors managing compliance tracking. The current financing round supports deployment capacity, onboarding operations, and implementation coverage across additional markets.",cleantech,series-a,4650972,SGD,"Operational groups managing compliance tracking typically lack centralized visibility across reporting environments, vendor records, and implementation workflows.",urban transport contractors,$72.4B annual operating market across 8 regions,"The software standardizes workflows related to compliance tracking while supporting audit visibility, role-based access management, and operational tracking.",The platform supports integration with operational systems commonly used across secondary regional markets.,Deployment operations follow a structured onboarding process across customer operating environments with phased implementation support during rollout.,Usage-based billing; workflow modules; deployment support services,Customers are billed through annual contracts aligned with usage activity and implementation requirements.,"Customer acquisition relies on procurement referrals, implementation partners, and direct enterprise sales activity.",732828,16220917,241309,9 months,rejected
NorthLedger,"NorthLedger operates a workflow platform used by specialty clinics responsible for vendor reconciliation. Capital from the current round is allocated toward integration support, implementation staffing, and account expansion activity.",agritech,series-a,7450279,SGD,Teams handling vendor reconciliation often rely on fragmented operational processes requiring repeated reconciliation between internal systems and external service providers.,specialty clinics,$59.1B annual operating market across 18 regions,The product centralizes operational coordination associated with vendor reconciliation into a unified management environment with configurable workflow logic.,The implementation framework maintains configurable workflow rules across customer operating environments.,Deployment operations follow a structured onboarding process across customer operating environments with phased implementation support during rollout.,Recurring software subscriptions; onboarding retainers; reporting modules,Pricing combines recurring subscription commitments with onboarding and reporting service charges.,"The company sources accounts through regional implementation partners, outbound sales outreach, and executive referral networks.",316631,6348746,218980,6 months,rejected
NorthMetrics,"NorthMetrics operates a workflow platform used by specialty clinics responsible for credential verification. Capital from the current round is allocated toward integration support, implementation staffing, and account expansion activity.",cleantech,idea,728061,GBP,"Organizations responsible for credential verification frequently coordinate activity across disconnected systems, vendor portals, and manual reporting workflows.",specialty clinics,$45.0B annual operating market across 10 regions,The product centralizes operational coordination associated with credential verification into a unified management environment with configurable workflow logic.,The software includes configurable controls aligned with procurement and reporting requirements.,Deployment operations follow a structured onboarding process across customer operating environments with phased implementation support during rollout.,Recurring software subscriptions; onboarding retainers; reporting modules,Pricing combines recurring subscription commitments with onboarding and reporting service charges.,"The company sources accounts through regional implementation partners, outbound sales outreach, and executive referral networks.",2348474,9274096,172921,15 months,approved
VectorGrid,"VectorGrid develops operational software for warehouse operators managing credential verification. The current financing round supports deployment capacity, onboarding operations, and implementation coverage across additional markets.",saas,pre-seed,6565263,AED,Teams handling credential verification often rely on fragmented operational processes requiring repeated reconciliation between internal systems and external service providers.,warehouse operators,$3.6B annual operating market across 16 regions,The product centralizes operational coordination associated with credential verification into a unified management environment with configurable workflow logic.,The platform supports integration with operational systems commonly used across secondary regional markets.,The implementation framework supports staged account onboarding across distributed operational environments.,Usage-based billing; workflow modules; deployment support services,"Commercial agreements are indexed to deployment scope, transaction activity, and active operating locations.","Customer acquisition relies on procurement referrals, implementation partners, and direct enterprise sales activity.",1842371,21150261,486897,3 months,rejected
SignalPilot,SignalPilot provides enterprise software focused on inventory forecasting for multi-campus training institutes. The company is raising funding to support regional deployment operations and commercial onboarding capacity.,edtech,idea,2983870,USD,Teams handling inventory forecasting often rely on fragmented operational processes requiring repeated reconciliation between internal systems and external service providers.,multi-campus training institutes,$73.9B annual operating market across 19 regions,The product centralizes operational coordination associated with inventory forecasting into a unified management environment with configurable workflow logic.,The software includes configurable controls aligned with procurement and reporting requirements.,The implementation framework supports staged account onboarding across distributed operational environments.,Usage-based billing; workflow modules; deployment support services,"Commercial agreements are indexed to deployment scope, transaction activity, and active operating locations.","Customer acquisition relies on procurement referrals, implementation partners, and direct enterprise sales activity.",1399587,7285573,135515,27 months,approved
VectorBridge,"VectorBridge develops operational software for industrial procurement teams managing inventory forecasting. The current financing round supports deployment capacity, onboarding operations, and implementation coverage across additional markets.",fintech,pre-seed,391173,AED,"Organizations responsible for inventory forecasting frequently coordinate activity across disconnected systems, vendor portals, and manual reporting workflows.",industrial procurement teams,$85.3B annual operating market across 22 regions,"The platform consolidates operational records associated with inventory forecasting, synchronizes data across connected systems, and maintains configurable reporting controls.",The platform supports integration with operational systems commonly used across secondary regional markets.,Deployment operations follow a structured onboarding process across customer operating environments with phased implementation support during rollout.,Annual platform agreements; implementation services; support contracts,Pricing combines recurring subscription commitments with onboarding and reporting service charges.,"The company sources accounts through regional implementation partners, outbound sales outreach, and executive referral networks.",2403232,11000971,124806,18 months,approved
SignalLedger,"SignalLedger operates a workflow platform used by warehouse operators responsible for tenant onboarding. Capital from the current round is allocated toward integration support, implementation staffing, and account expansion activity.",agritech,series-a,2817724,SGD,Teams handling tenant onboarding often rely on fragmented operational processes requiring repeated reconciliation between internal systems and external service providers.,warehouse operators,$27.3B annual operating market across 10 regions,"The platform consolidates operational records associated with tenant onboarding, synchronizes data across connected systems, and maintains configurable reporting controls.",The implementation framework maintains configurable workflow rules across customer operating environments.,The implementation framework supports staged account onboarding across distributed operational environments.,Usage-based billing; workflow modules; deployment support services,Pricing combines recurring subscription commitments with onboarding and reporting service charges.,"Commercial growth is supported through pilot deployments, sector conferences, and referral relationships.",762063,12993052,329586,9 months,rejected
AtlasCore,"AtlasCore operates a workflow platform used by multi-campus training institutes responsible for tenant onboarding. Capital from the current round is allocated toward integration support, implementation staffing, and account expansion activity.",cleantech,pre-seed,2505168,AED,Teams handling tenant onboarding often rely on fragmented operational processes requiring repeated reconciliation between internal systems and external service providers.,multi-campus training institutes,$12.6B annual operating market across 21 regions,"The platform consolidates operational records associated with tenant onboarding, synchronizes data across connected systems, and maintains configurable reporting controls.",The software includes configurable controls aligned with procurement and reporting requirements.,Deployment operations follow a structured onboarding process across customer operating environments with phased implementation support during rollout.,Recurring software subscriptions; onboarding retainers; reporting modules,Pricing combines recurring subscription commitments with onboarding and reporting service charges.,"Commercial growth is supported through pilot deployments, sector conferences, and referral relationships.",641168,26079077,386419,8 months,rejected
NorthCloud,"NorthCloud operates a workflow platform used by regional insurers responsible for crop purchasing. Capital from the current round is allocated toward integration support, implementation staffing, and account expansion activity.",ecommerce,idea,2775445,SGD,"Organizations responsible for crop purchasing frequently coordinate activity across disconnected systems, vendor portals, and manual reporting workflows.",regional insurers,$57.2B annual operating market across 7 regions,"The platform consolidates operational records associated with crop purchasing, synchronizes data across connected systems, and maintains configurable reporting controls.",The platform supports integration with operational systems commonly used across secondary regional markets.,Customer deployments are managed through standardized implementation procedures across account operating environments.,Annual platform agreements; implementation services; support contracts,Customers are billed through annual contracts aligned with usage activity and implementation requirements.,"Customer acquisition relies on procurement referrals, implementation partners, and direct enterprise sales activity.",226176,1097159,66031,19 months,approved
NorthLogic,NorthLogic provides enterprise software focused on patient scheduling for specialty clinics. The company is raising funding to support regional deployment operations and commercial onboarding capacity.,legaltech,pre-seed,2595407,AED,"Operational groups managing patient scheduling typically lack centralized visibility across reporting environments, vendor records, and implementation workflows.",specialty clinics,$19.1B annual operating market across 11 regions,The product centralizes operational coordination associated with patient scheduling into a unified management environment with configurable workflow logic.,The deployment architecture supports phased onboarding across distributed customer operating environments.,Customer deployments are managed through standardized implementation procedures across account operating environments.,Usage-based billing; workflow modules; deployment support services,Pricing combines recurring subscription commitments with onboarding and reporting service charges.,"The company sources accounts through regional implementation partners, outbound sales outreach, and executive referral networks.",1430781,6366759,53306,18 months,approved
DeltaFlow,DeltaFlow provides enterprise software focused on crop purchasing for retail distribution chains. The company is raising funding to support regional deployment operations and commercial onboarding capacity.,agritech,idea,2753220,EUR,"Organizations responsible for crop purchasing frequently coordinate activity across disconnected systems, vendor portals, and manual reporting workflows.",retail distribution chains,$62.6B annual operating market across 5 regions,"The platform consolidates operational records associated with crop purchasing, synchronizes data across connected systems, and maintains configurable reporting controls.",The software includes configurable controls aligned with procurement and reporting requirements.,Deployment operations follow a structured onboarding process across customer operating environments with phased implementation support during rollout.,Annual platform agreements; implementation services; support contracts,Customers are billed through annual contracts aligned with usage activity and implementation requirements.,"The company sources accounts through regional implementation partners, outbound sales outreach, and executive referral networks.",1203411,18818321,582682,7 months,rejected
LatticeWorks,LatticeWorks provides enterprise software focused on compliance tracking for specialty clinics. The company is raising funding to support regional deployment operations and commercial onboarding capacity.,ecommerce,series-a,8891885,USD,"Operational groups managing compliance tracking typically lack centralized visibility across reporting environments, vendor records, and implementation workflows.",specialty clinics,$16.0B annual operating market across 14 regions,"The software standardizes workflows related to compliance tracking while supporting audit visibility, role-based access management, and operational tracking.",The deployment architecture supports phased onboarding across distributed customer operating environments.,Deployment operations follow a structured onboarding process across customer operating environments with phased implementation support during rollout.,Usage-based billing; workflow modules; deployment support services,Pricing combines recurring subscription commitments with onboarding and reporting service charges.,"Commercial growth is supported through pilot deployments, sector conferences, and referral relationships.",1268914,17254512,441467,6 months,rejected
AtlasBridge,AtlasBridge provides enterprise software focused on claims intake for commercial property groups. The company is raising funding to support regional deployment operations and commercial onboarding capacity.,ecommerce,series-a,6845832,SGD,"Organizations responsible for claims intake frequently coordinate activity across disconnected systems, vendor portals, and manual reporting workflows.",commercial property groups,$74.5B annual operating market across 19 regions,"The platform consolidates operational records associated with claims intake, synchronizes data across connected systems, and maintains configurable reporting controls.",The deployment architecture supports phased onboarding across distributed customer operating environments.,The implementation framework supports staged account onboarding across distributed operational environments.,Usage-based billing; workflow modules; deployment support services,"Commercial agreements are indexed to deployment scope, transaction activity, and active operating locations.","Customer acquisition relies on procurement referrals, implementation partners, and direct enterprise sales activity.",290818,6067257,382348,9 months,rejected
IronCore,IronCore provides enterprise software focused on crop purchasing for independent legal practices. The company is raising funding to support regional deployment operations and commercial onboarding capacity.,fintech,series-a,2680472,SGD,"Organizations responsible for crop purchasing frequently coordinate activity across disconnected systems, vendor portals, and manual reporting workflows.",independent legal practices,$68.3B annual operating market across 10 regions,"The software standardizes workflows related to crop purchasing while supporting audit visibility, role-based access management, and operational tracking.",The platform supports integration with operational systems commonly used across secondary regional markets.,Deployment operations follow a structured onboarding process across customer operating environments with phased implementation support during rollout.,Annual platform agreements; implementation services; support contracts,"Commercial agreements are indexed to deployment scope, transaction activity, and active operating locations.","Customer acquisition relies on procurement referrals, implementation partners, and direct enterprise sales activity.",281741,839530,181821,21 months,approved
GraniteLogic,GraniteLogic provides enterprise software focused on shipment coordination for agricultural exporters. The company is raising funding to support regional deployment operations and commercial onboarding capacity.,fintech,idea,424817,SGD,"Operational groups managing shipment coordination typically lack centralized visibility across reporting environments, vendor records, and implementation workflows.",agricultural exporters,$7.8B annual operating market across 9 regions,"The software standardizes workflows related to shipment coordination while supporting audit visibility, role-based access management, and operational tracking.",The software includes configurable controls aligned with procurement and reporting requirements.,Customer deployments are managed through standardized implementation procedures across account operating environments.,Recurring software subscriptions; onboarding retainers; reporting modules,Pricing combines recurring subscription commitments with onboarding and reporting service charges.,"Commercial growth is supported through pilot deployments, sector conferences, and referral relationships.",396356,1290619,93746,27 months,approved
IronCloud,IronCloud provides enterprise software focused on inventory forecasting for multi-campus training institutes. The company is raising funding to support regional deployment operations and commercial onboarding capacity.,legaltech,series-a,2701757,AED,Teams handling inventory forecasting often rely on fragmented operational processes requiring repeated reconciliation between internal systems and external service providers.,multi-campus training institutes,$94.8B annual operating market across 8 regions,"The software standardizes workflows related to inventory forecasting while supporting audit visibility, role-based access management, and operational tracking.",The software includes configurable controls aligned with procurement and reporting requirements.,The implementation framework supports staged account onboarding across distributed operational environments.,Annual platform agreements; implementation services; support contracts,Pricing combines recurring subscription commitments with onboarding and reporting service charges.,"The company sources accounts through regional implementation partners, outbound sales outreach, and executive referral networks.",1011152,11272189,768719,8 months,rejected
ApexLedger,ApexLedger provides enterprise software focused on credential verification for retail distribution chains. The company is raising funding to support regional deployment operations and commercial onboarding capacity.,legaltech,series-a,1605458,USD,Teams handling credential verification often rely on fragmented operational processes requiring repeated reconciliation between internal systems and external service providers.,retail distribution chains,$64.2B annual operating market across 22 regions,"The platform consolidates operational records associated with credential verification, synchronizes data across connected systems, and maintains configurable reporting controls.",The implementation framework maintains configurable workflow rules across customer operating environments.,Deployment operations follow a structured onboarding process across customer operating environments with phased implementation support during rollout.,Recurring software subscriptions; onboarding retainers; reporting modules,Customers are billed through annual contracts aligned with usage activity and implementation requirements.,"The company sources accounts through regional implementation partners, outbound sales outreach, and executive referral networks.",60890,183004,143856,15 months,approved
NorthLedger,"NorthLedger operates a workflow platform used by commercial property groups responsible for compliance tracking. Capital from the current round is allocated toward integration support, implementation staffing, and account expansion activity.",agritech,seed,2122663,AED,"Organizations responsible for compliance tracking frequently coordinate activity across disconnected systems, vendor portals, and manual reporting workflows.",commercial property groups,$35.4B annual operating market across 10 regions,"The software standardizes workflows related to compliance tracking while supporting audit visibility, role-based access management, and operational tracking.",The deployment architecture supports phased onboarding across distributed customer operating environments.,Customer deployments are managed through standardized implementation procedures across account operating environments.,Annual platform agreements; implementation services; support contracts,Pricing combines recurring subscription commitments with onboarding and reporting service charges.,"Commercial growth is supported through pilot deployments, sector conferences, and referral relationships.",1843795,4326178,152968,18 months,approved
IronLogic,IronLogic provides enterprise software focused on maintenance dispatching for agricultural exporters. The company is raising funding to support regional deployment operations and commercial onboarding capacity.,fintech,seed,3167548,EUR,"Operational groups managing maintenance dispatching typically lack centralized visibility across reporting environments, vendor records, and implementation workflows.",agricultural exporters,$73.7B annual operating market across 13 regions,The product centralizes operational coordination associated with maintenance dispatching into a unified management environment with configurable workflow logic.,The platform supports integration with operational systems commonly used across secondary regional markets.,The implementation framework supports staged account onboarding across distributed operational environments.,Annual platform agreements; implementation services; support contracts,Pricing combines recurring subscription commitments with onboarding and reporting service charges.,"Commercial growth is supported through pilot deployments, sector conferences, and referral relationships.",1298442,4583978,87932,25 months,approved
HarborMetrics,"HarborMetrics develops operational software for specialty clinics managing inventory forecasting. The current financing round supports deployment capacity, onboarding operations, and implementation coverage across additional markets.",cleantech,seed,2818586,EUR,"Operational groups managing inventory forecasting typically lack centralized visibility across reporting environments, vendor records, and implementation workflows.",specialty clinics,$14.8B annual operating market across 7 regions,The product centralizes operational coordination associated with inventory forecasting into a unified management environment with configurable workflow logic.,The implementation framework maintains configurable workflow rules across customer operating environments.,Customer deployments are managed through standardized implementation procedures across account operating environments.,Recurring software subscriptions; onboarding retainers; reporting modules,Pricing combines recurring subscription commitments with onboarding and reporting service charges.,"Commercial growth is supported through pilot deployments, sector conferences, and referral relationships.",1395397,1449022,231527,7 months,rejected
ApexLedger,"ApexLedger operates a workflow platform used by regional insurers responsible for credential verification. Capital from the current round is allocated toward integration support, implementation staffing, and account expansion activity.",cleantech,seed,460808,SGD,Teams handling credential verification often rely on fragmented operational processes requiring repeated reconciliation between internal systems and external service providers.,regional insurers,$62.3B annual operating market across 6 regions,"The software standardizes workflows related to credential verification while supporting audit visibility, role-based access management, and operational tracking.",The software includes configurable controls aligned with procurement and reporting requirements.,Deployment operations follow a structured onboarding process across customer operating environments with phased implementation support during rollout.,Annual platform agreements; implementation services; support contracts,"Commercial agreements are indexed to deployment scope, transaction activity, and active operating locations.","Customer acquisition relies on procurement referrals, implementation partners, and direct enterprise sales activity.",134080,7605060,108968,14 months,approved
DeltaCloud,"DeltaCloud develops operational software for specialty clinics managing credential verification. The current financing round supports deployment capacity, onboarding operations, and implementation coverage across additional markets.",logistics,seed,9270408,EUR,"Operational groups managing credential verification typically lack centralized visibility across reporting environments, vendor records, and implementation workflows.",specialty clinics,$87.7B annual operating market across 19 regions,"The platform consolidates operational records associated with credential verification, synchronizes data across connected systems, and maintains configurable reporting controls.",The implementation framework maintains configurable workflow rules across customer operating environments.,Deployment operations follow a structured onboarding process across customer operating environments with phased implementation support during rollout.,Usage-based billing; workflow modules; deployment support services,Customers are billed through annual contracts aligned with usage activity and implementation requirements.,"The company sources accounts through regional implementation partners, outbound sales outreach, and executive referral networks.",458224,4929726,239956,4 months,rejected
AtlasCore,"AtlasCore operates a workflow platform used by regional insurers responsible for patient scheduling. Capital from the current round is allocated toward integration support, implementation staffing, and account expansion activity.",cleantech,series-a,3930601,USD,Teams handling patient scheduling often rely on fragmented operational processes requiring repeated reconciliation between internal systems and external service providers.,regional insurers,$43.9B annual operating market across 22 regions,The product centralizes operational coordination associated with patient scheduling into a unified management environment with configurable workflow logic.,The implementation framework maintains configurable workflow rules across customer operating environments.,The implementation framework supports staged account onboarding across distributed operational environments.,Recurring software subscriptions; onboarding retainers; reporting modules,Pricing combines recurring subscription commitments with onboarding and reporting service charges.,"The company sources accounts through regional implementation partners, outbound sales outreach, and executive referral networks.",2217406,8380058,173001,28 months,approved
AtlasCore,"AtlasCore develops operational software for commercial property groups managing vendor reconciliation. The current financing round supports deployment capacity, onboarding operations, and implementation coverage across additional markets.",ecommerce,idea,1210931,SGD,Teams handling vendor reconciliation often rely on fragmented operational processes requiring repeated reconciliation between internal systems and external service providers.,commercial property groups,$74.2B annual operating market across 9 regions,"The platform consolidates operational records associated with vendor reconciliation, synchronizes data across connected systems, and maintains configurable reporting controls.",The implementation framework maintains configurable workflow rules across customer operating environments.,Customer deployments are managed through standardized implementation procedures across account operating environments.,Annual platform agreements; implementation services; support contracts,"Commercial agreements are indexed to deployment scope, transaction activity, and active operating locations.","The company sources accounts through regional implementation partners, outbound sales outreach, and executive referral networks.",998009,4621648,182245,27 months,approved
GranitePilot,"GranitePilot develops operational software for independent legal practices managing compliance tracking. The current financing round supports deployment capacity, onboarding operations, and implementation coverage across additional markets.",cleantech,idea,9290370,USD,Teams handling compliance tracking often rely on fragmented operational processes requiring repeated reconciliation between internal systems and external service providers.,independent legal practices,$14.2B annual operating market across 9 regions,The product centralizes operational coordination associated with compliance tracking into a unified management environment with configurable workflow logic.,The platform supports integration with operational systems commonly used across secondary regional markets.,Customer deployments are managed through standardized implementation procedures across account operating environments.,Usage-based billing; workflow modules; deployment support services,Customers are billed through annual contracts aligned with usage activity and implementation requirements.,"Commercial growth is supported through pilot deployments, sector conferences, and referral relationships.",1965829,22254999,786410,7 months,rejected
IronPilot,IronPilot provides enterprise software focused on maintenance dispatching for regional insurers. The company is raising funding to support regional deployment operations and commercial onboarding capacity.,saas,pre-seed,3720285,USD,"Organizations responsible for maintenance dispatching frequently coordinate activity across disconnected systems, vendor portals, and manual reporting workflows.",regional insurers,$71.8B annual operating market across 10 regions,The product centralizes operational coordination associated with maintenance dispatching into a unified management environment with configurable workflow logic.,The software includes configurable controls aligned with procurement and reporting requirements.,Deployment operations follow a structured onboarding process across customer operating environments with phased implementation support during rollout.,Usage-based billing; workflow modules; deployment support services,"Commercial agreements are indexed to deployment scope, transaction activity, and active operating locations.","Commercial growth is supported through pilot deployments, sector conferences, and referral relationships.",1234709,4548507,88289,18 months,approved
SummitGrid,"SummitGrid develops operational software for industrial procurement teams managing vendor reconciliation. The current financing round supports deployment capacity, onboarding operations, and implementation coverage across additional markets.",proptech,pre-seed,5667868,AED,Teams handling vendor reconciliation often rely on fragmented operational processes requiring repeated reconciliation between internal systems and external service providers.,industrial procurement teams,$51.4B annual operating market across 10 regions,The product centralizes operational coordination associated with vendor reconciliation into a unified management environment with configurable workflow logic.,The implementation framework maintains configurable workflow rules across customer operating environments.,The implementation framework supports staged account onboarding across distributed operational environments.,Annual platform agreements; implementation services; support contracts,Pricing combines recurring subscription commitments with onboarding and reporting service charges.,"The company sources accounts through regional implementation partners, outbound sales outreach, and executive referral networks.",235513,5055858,255039,10 months,rejected
SignalPilot,SignalPilot provides enterprise software focused on inventory forecasting for multi-campus training institutes. The company is raising funding to support regional deployment operations and commercial onboarding capacity.,edtech,idea,2760390,USD,Teams handling inventory forecasting often rely on fragmented operational processes requiring repeated reconciliation between internal systems and external service providers.,multi-campus training institutes,$73.9B annual operating market across 19 regions,The product centralizes operational coordination associated with inventory forecasting into a unified management environment with configurable workflow logic.,The software includes configurable controls aligned with procurement and reporting requirements.,The implementation framework supports staged account onboarding across distributed operational environments.,Usage-based billing; workflow modules; deployment support services,"Commercial agreements are indexed to deployment scope, transaction activity, and active operating locations.","Customer acquisition relies on procurement referrals, implementation partners, and direct enterprise sales activity.",262124,3771642,739552,4 months,rejected
SummitLedger,SummitLedger provides enterprise software focused on patient scheduling for regional insurers. The company is raising funding to support regional deployment operations and commercial onboarding capacity.,ecommerce,seed,2870574,USD,"Operational groups managing patient scheduling typically lack centralized visibility across reporting environments, vendor records, and implementation workflows.",regional insurers,$12.6B annual operating market across 22 regions,"The platform consolidates operational records associated with patient scheduling, synchronizes data across connected systems, and maintains configurable reporting controls.",The deployment architecture supports phased onboarding across distributed customer operating environments.,The implementation framework supports staged account onboarding across distributed operational environments.,Recurring software subscriptions; onboarding retainers; reporting modules,"Commercial agreements are indexed to deployment scope, transaction activity, and active operating locations.","The company sources accounts through regional implementation partners, outbound sales outreach, and executive referral networks.",110603,943119,95705,28 months,approved
PioneerMetrics,"PioneerMetrics operates a workflow platform used by regional insurers responsible for inventory forecasting. Capital from the current round is allocated toward integration support, implementation staffing, and account expansion activity.",fintech,series-a,7543847,AED,Teams handling inventory forecasting often rely on fragmented operational processes requiring repeated reconciliation between internal systems and external service providers.,regional insurers,$68.6B annual operating market across 7 regions,"The platform consolidates operational records associated with inventory forecasting, synchronizes data across connected systems, and maintains configurable reporting controls.",The platform supports integration with operational systems commonly used across secondary regional markets.,Deployment operations follow a structured onboarding process across customer operating environments with phased implementation support during rollout.,Annual platform agreements; implementation services; support contracts,Customers are billed through annual contracts aligned with usage activity and implementation requirements.,"The company sources accounts through regional implementation partners, outbound sales outreach, and executive referral networks.",1118312,12711797,366142,4 months,rejected
HarborCore,"HarborCore develops operational software for commercial property groups managing compliance tracking. The current financing round supports deployment capacity, onboarding operations, and implementation coverage across additional markets.",cleantech,pre-seed,3140668,GBP,"Operational groups managing compliance tracking typically lack centralized visibility across reporting environments, vendor records, and implementation workflows.",commercial property groups,$32.1B annual operating market across 16 regions,"The platform consolidates operational records associated with compliance tracking, synchronizes data across connected systems, and maintains configurable reporting controls.",The deployment architecture supports phased onboarding across distributed customer operating environments.,Deployment operations follow a structured onboarding process across customer operating environments with phased implementation support during rollout.,Annual platform agreements; implementation services; support contracts,Pricing combines recurring subscription commitments with onboarding and reporting service charges.,"Customer acquisition relies on procurement referrals, implementation partners, and direct enterprise sales activity.",2218959,11415362,82914,18 months,approved
HarborPilot,"HarborPilot operates a workflow platform used by urban transport contractors responsible for inventory forecasting. Capital from the current round is allocated toward integration support, implementation staffing, and account expansion activity.",healthtech,idea,5153608,GBP,Teams handling inventory forecasting often rely on fragmented operational processes requiring repeated reconciliation between internal systems and external service providers.,urban transport contractors,$39.2B annual operating market across 20 regions,"The software standardizes workflows related to inventory forecasting while supporting audit visibility, role-based access management, and operational tracking.",The software includes configurable controls aligned with procurement and reporting requirements.,Customer deployments are managed through standardized implementation procedures across account operating environments.,Recurring software subscriptions; onboarding retainers; reporting modules,Pricing combines recurring subscription commitments with onboarding and reporting service charges.,"Customer acquisition relies on procurement referrals, implementation partners, and direct enterprise sales activity.",756503,26437971,703039,7 months,rejected
DeltaGrid,"DeltaGrid operates a workflow platform used by warehouse operators responsible for tenant onboarding. Capital from the current round is allocated toward integration support, implementation staffing, and account expansion activity.",proptech,series-a,1814394,USD,"Organizations responsible for tenant onboarding frequently coordinate activity across disconnected systems, vendor portals, and manual reporting workflows.",warehouse operators,$58.6B annual operating market across 6 regions,"The platform consolidates operational records associated with tenant onboarding, synchronizes data across connected systems, and maintains configurable reporting controls.",The software includes configurable controls aligned with procurement and reporting requirements.,The implementation framework supports staged account onboarding across distributed operational environments.,Recurring software subscriptions; onboarding retainers; reporting modules,"Commercial agreements are indexed to deployment scope, transaction activity, and active operating locations.","Commercial growth is supported through pilot deployments, sector conferences, and referral relationships.",35282,3448773,84930,14 months,approved
IronBridge,"IronBridge operates a workflow platform used by urban transport contractors responsible for crop purchasing. Capital from the current round is allocated toward integration support, implementation staffing, and account expansion activity.",proptech,idea,8117308,GBP,Teams handling crop purchasing often rely on fragmented operational processes requiring repeated reconciliation between internal systems and external service providers.,urban transport contractors,$82.9B annual operating market across 18 regions,The product centralizes operational coordination associated with crop purchasing into a unified management environment with configurable workflow logic.,The implementation framework maintains configurable workflow rules across customer operating environments.,The implementation framework supports staged account onboarding across distributed operational environments.,Recurring software subscriptions; onboarding retainers; reporting modules,Pricing combines recurring subscription commitments with onboarding and reporting service charges.,"Commercial growth is supported through pilot deployments, sector conferences, and referral relationships.",1663132,11925667,206343,9 months,rejected
PioneerLogic,"PioneerLogic develops operational software for warehouse operators managing claims intake. The current financing round supports deployment capacity, onboarding operations, and implementation coverage across additional markets.",fintech,series-a,3013147,EUR,"Organizations responsible for claims intake frequently coordinate activity across disconnected systems, vendor portals, and manual reporting workflows.",warehouse operators,$37.0B annual operating market across 15 regions,The product centralizes operational coordination associated with claims intake into a unified management environment with configurable workflow logic.,The software includes configurable controls aligned with procurement and reporting requirements.,Customer deployments are managed through standardized implementation procedures across account operating environments.,Usage-based billing; workflow modules; deployment support services,Customers are billed through annual contracts aligned with usage activity and implementation requirements.,"Commercial growth is supported through pilot deployments, sector conferences, and referral relationships.",797474,25002308,369300,4 months,rejected
AtlasMetrics,AtlasMetrics provides enterprise software focused on shipment coordination for commercial property groups. The company is raising funding to support regional deployment operations and commercial onboarding capacity.,edtech,series-a,3850413,USD,"Operational groups managing shipment coordination typically lack centralized visibility across reporting environments, vendor records, and implementation workflows.",commercial property groups,$30.8B annual operating market across 8 regions,"The software standardizes workflows related to shipment coordination while supporting audit visibility, role-based access management, and operational tracking.",The deployment architecture supports phased onboarding across distributed customer operating environments.,Deployment operations follow a structured onboarding process across customer operating environments with phased implementation support during rollout.,Usage-based billing; workflow modules; deployment support services,"Commercial agreements are indexed to deployment scope, transaction activity, and active operating locations.","Commercial growth is supported through pilot deployments, sector conferences, and referral relationships.",125128,394803,69112,21 months,approved
SummitLedger,SummitLedger provides enterprise software focused on vendor reconciliation for independent legal practices. The company is raising funding to support regional deployment operations and commercial onboarding capacity.,agritech,pre-seed,3059320,SGD,"Operational groups managing vendor reconciliation typically lack centralized visibility across reporting environments, vendor records, and implementation workflows.",independent legal practices,$56.7B annual operating market across 13 regions,"The platform consolidates operational records associated with vendor reconciliation, synchronizes data across connected systems, and maintains configurable reporting controls.",The software includes configurable controls aligned with procurement and reporting requirements.,Deployment operations follow a structured onboarding process across customer operating environments with phased implementation support during rollout.,Annual platform agreements; implementation services; support contracts,"Commercial agreements are indexed to deployment scope, transaction activity, and active operating locations.","The company sources accounts through regional implementation partners, outbound sales outreach, and executive referral networks.",2424296,12448867,81364,16 months,approved
IronWorks,"IronWorks develops operational software for industrial procurement teams managing crop purchasing. The current financing round supports deployment capacity, onboarding operations, and implementation coverage across additional markets.",saas,pre-seed,3157399,EUR,"Organizations responsible for crop purchasing frequently coordinate activity across disconnected systems, vendor portals, and manual reporting workflows.",industrial procurement teams,$69.3B annual operating market across 20 regions,"The software standardizes workflows related to crop purchasing while supporting audit visibility, role-based access management, and operational tracking.",The deployment architecture supports phased onboarding across distributed customer operating environments.,The implementation framework supports staged account onboarding across distributed operational environments.,Usage-based billing; workflow modules; deployment support services,"Commercial agreements are indexed to deployment scope, transaction activity, and active operating locations.","Customer acquisition relies on procurement referrals, implementation partners, and direct enterprise sales activity.",171734,721681,105788,27 months,approved
GraniteCore,GraniteCore provides enterprise software focused on patient scheduling for urban transport contractors. The company is raising funding to support regional deployment operations and commercial onboarding capacity.,cleantech,seed,2328942,AED,"Operational groups managing patient scheduling typically lack centralized visibility across reporting environments, vendor records, and implementation workflows.",urban transport contractors,$37.5B annual operating market across 18 regions,The product centralizes operational coordination associated with patient scheduling into a unified management environment with configurable workflow logic.,The implementation framework maintains configurable workflow rules across customer operating environments.,Customer deployments are managed through standardized implementation procedures across account operating environments.,Usage-based billing; workflow modules; deployment support services,Pricing combines recurring subscription commitments with onboarding and reporting service charges.,"The company sources accounts through regional implementation partners, outbound sales outreach, and executive referral networks.",2331627,7189576,159732,22 months,approved
ApexWorks,"ApexWorks develops operational software for warehouse operators managing inventory forecasting. The current financing round supports deployment capacity, onboarding operations, and implementation coverage across additional markets.",healthtech,series-a,1306171,GBP,Teams handling inventory forecasting often rely on fragmented operational processes requiring repeated reconciliation between internal systems and external service providers.,warehouse operators,$21.0B annual operating market across 10 regions,"The software standardizes workflows related to inventory forecasting while supporting audit visibility, role-based access management, and operational tracking.",The software includes configurable controls aligned with procurement and reporting requirements.,Deployment operations follow a structured onboarding process across customer operating environments with phased implementation support during rollout.,Recurring software subscriptions; onboarding retainers; reporting modules,Customers are billed through annual contracts aligned with usage activity and implementation requirements.,"Commercial growth is supported through pilot deployments, sector conferences, and referral relationships.",39598,8122577,183710,26 months,approved
GraniteBase,GraniteBase provides enterprise software focused on compliance tracking for agricultural exporters. The company is raising funding to support regional deployment operations and commercial onboarding capacity.,cleantech,idea,8157891,AED,Teams handling compliance tracking often rely on fragmented operational processes requiring repeated reconciliation between internal systems and external service providers.,agricultural exporters,$44.7B annual operating market across 18 regions,"The platform consolidates operational records associated with compliance tracking, synchronizes data across connected systems, and maintains configurable reporting controls.",The implementation framework maintains configurable workflow rules across customer operating environments.,The implementation framework supports staged account onboarding across distributed operational environments.,Annual platform agreements; implementation services; support contracts,Pricing combines recurring subscription commitments with onboarding and reporting service charges.,"The company sources accounts through regional implementation partners, outbound sales outreach, and executive referral networks.",945224,31163975,246158,8 months,rejected
SignalFlow,"SignalFlow operates a workflow platform used by commercial property groups responsible for shipment coordination. Capital from the current round is allocated toward integration support, implementation staffing, and account expansion activity.",ecommerce,seed,7327918,AED,"Operational groups managing shipment coordination typically lack centralized visibility across reporting environments, vendor records, and implementation workflows.",commercial property groups,$91.2B annual operating market across 18 regions,"The platform consolidates operational records associated with shipment coordination, synchronizes data across connected systems, and maintains configurable reporting controls.",The platform supports integration with operational systems commonly used across secondary regional markets.,Customer deployments are managed through standardized implementation procedures across account operating environments.,Recurring software subscriptions; onboarding retainers; reporting modules,Pricing combines recurring subscription commitments with onboarding and reporting service charges.,"Commercial growth is supported through pilot deployments, sector conferences, and referral relationships.",775350,6476377,502234,8 months,rejected
PioneerLedger,"PioneerLedger develops operational software for multi-campus training institutes managing shipment coordination. The current financing round supports deployment capacity, onboarding operations, and implementation coverage across additional markets.",ecommerce,idea,1496494,AED,"Operational groups managing shipment coordination typically lack centralized visibility across reporting environments, vendor records, and implementation workflows.",multi-campus training institutes,$39.5B annual operating market across 21 regions,"The software standardizes workflows related to shipment coordination while supporting audit visibility, role-based access management, and operational tracking.",The implementation framework maintains configurable workflow rules across customer operating environments.,Customer deployments are managed through standardized implementation procedures across account operating environments.,Usage-based billing; workflow modules; deployment support services,"Commercial agreements are indexed to deployment scope, transaction activity, and active operating locations.","The company sources accounts through regional implementation partners, outbound sales outreach, and executive referral networks.",2458793,8429285,116662,18 months,approved
SignalPilot,"SignalPilot develops operational software for commercial property groups managing maintenance dispatching. The current financing round supports deployment capacity, onboarding operations, and implementation coverage across additional markets.",saas,pre-seed,8935707,AED,"Organizations responsible for maintenance dispatching frequently coordinate activity across disconnected systems, vendor portals, and manual reporting workflows.",commercial property groups,$25.6B annual operating market across 15 regions,"The platform consolidates operational records associated with maintenance dispatching, synchronizes data across connected systems, and maintains configurable reporting controls.",The software includes configurable controls aligned with procurement and reporting requirements.,Deployment operations follow a structured onboarding process across customer operating environments with phased implementation support during rollout.,Annual platform agreements; implementation services; support contracts,Customers are billed through annual contracts aligned with usage activity and implementation requirements.,"Commercial growth is supported through pilot deployments, sector conferences, and referral relationships.",2035755,15752185,179597,4 months,rejected
HarborMetrics,"HarborMetrics develops operational software for specialty clinics managing inventory forecasting. The current financing round supports deployment capacity, onboarding operations, and implementation coverage across additional markets.",cleantech,seed,3368858,EUR,"Operational groups managing inventory forecasting typically lack centralized visibility across reporting environments, vendor records, and implementation workflows.",specialty clinics,$14.8B annual operating market across 7 regions,The product centralizes operational coordination associated with inventory forecasting into a unified management environment with configurable workflow logic.,The implementation framework maintains configurable workflow rules across customer operating environments.,Customer deployments are managed through standardized implementation procedures across account operating environments.,Recurring software subscriptions; onboarding retainers; reporting modules,Pricing combines recurring subscription commitments with onboarding and reporting service charges.,"Commercial growth is supported through pilot deployments, sector conferences, and referral relationships.",885848,2105343,106307,20 months,approved
GraniteBridge,"GraniteBridge operates a workflow platform used by retail distribution chains responsible for inventory forecasting. Capital from the current round is allocated toward integration support, implementation staffing, and account expansion activity.",edtech,series-a,5887002,USD,"Organizations responsible for inventory forecasting frequently coordinate activity across disconnected systems, vendor portals, and manual reporting workflows.",retail distribution chains,$49.9B annual operating market across 5 regions,"The software standardizes workflows related to inventory forecasting while supporting audit visibility, role-based access management, and operational tracking.",The implementation framework maintains configurable workflow rules across customer operating environments.,Deployment operations follow a structured onboarding process across customer operating environments with phased implementation support during rollout.,Annual platform agreements; implementation services; support contracts,"Commercial agreements are indexed to deployment scope, transaction activity, and active operating locations.","The company sources accounts through regional implementation partners, outbound sales outreach, and executive referral networks.",459988,16587888,223329,10 months,rejected
HarborCore,"HarborCore develops operational software for commercial property groups managing compliance tracking. The current financing round supports deployment capacity, onboarding operations, and implementation coverage across additional markets.",cleantech,pre-seed,2955650,GBP,"Operational groups managing compliance tracking typically lack centralized visibility across reporting environments, vendor records, and implementation workflows.",commercial property groups,$32.1B annual operating market across 16 regions,"The platform consolidates operational records associated with compliance tracking, synchronizes data across connected systems, and maintains configurable reporting controls.",The deployment architecture supports phased onboarding across distributed customer operating environments.,Deployment operations follow a structured onboarding process across customer operating environments with phased implementation support during rollout.,Annual platform agreements; implementation services; support contracts,Pricing combines recurring subscription commitments with onboarding and reporting service charges.,"Customer acquisition relies on procurement referrals, implementation partners, and direct enterprise sales activity.",716164,9045347,894077,9 months,rejected
NorthBridge,"NorthBridge develops operational software for specialty clinics managing claims intake. The current financing round supports deployment capacity, onboarding operations, and implementation coverage across additional markets.",cleantech,pre-seed,9491314,EUR,"Operational groups managing claims intake typically lack centralized visibility across reporting environments, vendor records, and implementation workflows.",specialty clinics,$61.7B annual operating market across 11 regions,"The software standardizes workflows related to claims intake while supporting audit visibility, role-based access management, and operational tracking.",The platform supports integration with operational systems commonly used across secondary regional markets.,Customer deployments are managed through standardized implementation procedures across account operating environments.,Recurring software subscriptions; onboarding retainers; reporting modules,Customers are billed through annual contracts aligned with usage activity and implementation requirements.,"The company sources accounts through regional implementation partners, outbound sales outreach, and executive referral networks.",149286,2043380,479747,7 months,rejected
ApexLedger,"ApexLedger develops operational software for regional insurers managing credential verification. The current financing round supports deployment capacity, onboarding operations, and implementation coverage across additional markets.",cleantech,series-a,8924032,EUR,"Operational groups managing credential verification typically lack centralized visibility across reporting environments, vendor records, and implementation workflows.",regional insurers,$42.0B annual operating market across 5 regions,"The software standardizes workflows related to credential verification while supporting audit visibility, role-based access management, and operational tracking.",The deployment architecture supports phased onboarding across distributed customer operating environments.,Customer deployments are managed through standardized implementation procedures across account operating environments.,Annual platform agreements; implementation services; support contracts,"Commercial agreements are indexed to deployment scope, transaction activity, and active operating locations.","Customer acquisition relies on procurement referrals, implementation partners, and direct enterprise sales activity.",982117,9857511,152129,10 months,rejected
LatticeSystems,"LatticeSystems develops operational software for commercial property groups managing shipment coordination. The current financing round supports deployment capacity, onboarding operations, and implementation coverage across additional markets.",edtech,seed,5472328,GBP,"Operational groups managing shipment coordination typically lack centralized visibility across reporting environments, vendor records, and implementation workflows.",commercial property groups,$17.5B annual operating market across 8 regions,The product centralizes operational coordination associated with shipment coordination into a unified management environment with configurable workflow logic.,The deployment architecture supports phased onboarding across distributed customer operating environments.,The implementation framework supports staged account onboarding across distributed operational environments.,Recurring software subscriptions; onboarding retainers; reporting modules,Customers are billed through annual contracts aligned with usage activity and implementation requirements.,"Customer acquisition relies on procurement referrals, implementation partners, and direct enterprise sales activity.",1027920,14558823,200837,5 months,rejected
SignalSystems,"SignalSystems operates a workflow platform used by retail distribution chains responsible for inventory forecasting. Capital from the current round is allocated toward integration support, implementation staffing, and account expansion activity.",proptech,seed,610819,AED,"Operational groups managing inventory forecasting typically lack centralized visibility across reporting environments, vendor records, and implementation workflows.",retail distribution chains,$52.4B annual operating market across 22 regions,"The platform consolidates operational records associated with inventory forecasting, synchronizes data across connected systems, and maintains configurable reporting controls.",The deployment architecture supports phased onboarding across distributed customer operating environments.,Deployment operations follow a structured onboarding process across customer operating environments with phased implementation support during rollout.,Usage-based billing; workflow modules; deployment support services,Customers are billed through annual contracts aligned with usage activity and implementation requirements.,"Customer acquisition relies on procurement referrals, implementation partners, and direct enterprise sales activity.",289124,888892,87272,24 months,approved
GraniteBridge,GraniteBridge provides enterprise software focused on patient scheduling for specialty clinics. The company is raising funding to support regional deployment operations and commercial onboarding capacity.,edtech,idea,5930112,USD,"Operational groups managing patient scheduling typically lack centralized visibility across reporting environments, vendor records, and implementation workflows.",specialty clinics,$53.3B annual operating market across 15 regions,"The platform consolidates operational records associated with patient scheduling, synchronizes data across connected systems, and maintains configurable reporting controls.",The deployment architecture supports phased onboarding across distributed customer operating environments.,Deployment operations follow a structured onboarding process across customer operating environments with phased implementation support during rollout.,Annual platform agreements; implementation services; support contracts,Customers are billed through annual contracts aligned with usage activity and implementation requirements.,"Commercial growth is supported through pilot deployments, sector conferences, and referral relationships.",1407820,24408388,238501,9 months,rejected
AtlasLogic,AtlasLogic provides enterprise software focused on tenant onboarding for multi-campus training institutes. The company is raising funding to support regional deployment operations and commercial onboarding capacity.,edtech,pre-seed,3919076,GBP,"Organizations responsible for tenant onboarding frequently coordinate activity across disconnected systems, vendor portals, and manual reporting workflows.",multi-campus training institutes,$22.3B annual operating market across 8 regions,The product centralizes operational coordination associated with tenant onboarding into a unified management environment with configurable workflow logic.,The platform supports integration with operational systems commonly used across secondary regional markets.,The implementation framework supports staged account onboarding across distributed operational environments.,Annual platform agreements; implementation services; support contracts,"Commercial agreements are indexed to deployment scope, transaction activity, and active operating locations.","Commercial growth is supported through pilot deployments, sector conferences, and referral relationships.",2453089,9339117,221680,10 months,rejected
GraniteCore,GraniteCore provides enterprise software focused on maintenance dispatching for retail distribution chains. The company is raising funding to support regional deployment operations and commercial onboarding capacity.,agritech,series-a,7732949,EUR,"Operational groups managing maintenance dispatching typically lack centralized visibility across reporting environments, vendor records, and implementation workflows.",retail distribution chains,$58.6B annual operating market across 12 regions,"The software standardizes workflows related to maintenance dispatching while supporting audit visibility, role-based access management, and operational tracking.",The implementation framework maintains configurable workflow rules across customer operating environments.,Customer deployments are managed through standardized implementation procedures across account operating environments.,Recurring software subscriptions; onboarding retainers; reporting modules,Customers are billed through annual contracts aligned with usage activity and implementation requirements.,"Commercial growth is supported through pilot deployments, sector conferences, and referral relationships.",1042926,10986883,522108,9 months,rejected
AtlasBase,AtlasBase provides enterprise software focused on vendor reconciliation for commercial property groups. The company is raising funding to support regional deployment operations and commercial onboarding capacity.,saas,seed,8301768,SGD,"Organizations responsible for vendor reconciliation frequently coordinate activity across disconnected systems, vendor portals, and manual reporting workflows.",commercial property groups,$94.7B annual operating market across 15 regions,"The platform consolidates operational records associated with vendor reconciliation, synchronizes data across connected systems, and maintains configurable reporting controls.",The platform supports integration with operational systems commonly used across secondary regional markets.,Deployment operations follow a structured onboarding process across customer operating environments with phased implementation support during rollout.,Usage-based billing; workflow modules; deployment support services,Pricing combines recurring subscription commitments with onboarding and reporting service charges.,"Commercial growth is supported through pilot deployments, sector conferences, and referral relationships.",352699,14934599,770120,10 months,rejected
SummitBase,"SummitBase develops operational software for regional insurers managing crop purchasing. The current financing round supports deployment capacity, onboarding operations, and implementation coverage across additional markets.",cleantech,idea,2843668,GBP,Teams handling crop purchasing often rely on fragmented operational processes requiring repeated reconciliation between internal systems and external service providers.,regional insurers,$91.4B annual operating market across 20 regions,"The software standardizes workflows related to crop purchasing while supporting audit visibility, role-based access management, and operational tracking.",The software includes configurable controls aligned with procurement and reporting requirements.,Customer deployments are managed through standardized implementation procedures across account operating environments.,Usage-based billing; workflow modules; deployment support services,Customers are billed through annual contracts aligned with usage activity and implementation requirements.,"Commercial growth is supported through pilot deployments, sector conferences, and referral relationships.",150291,5692434,142155,14 months,approved
IronLedger,"IronLedger operates a workflow platform used by industrial procurement teams responsible for inventory forecasting. Capital from the current round is allocated toward integration support, implementation staffing, and account expansion activity.",ecommerce,series-a,2910792,AED,Teams handling inventory forecasting often rely on fragmented operational processes requiring repeated reconciliation between internal systems and external service providers.,industrial procurement teams,$34.1B annual operating market across 20 regions,"The platform consolidates operational records associated with inventory forecasting, synchronizes data across connected systems, and maintains configurable reporting controls.",The platform supports integration with operational systems commonly used across secondary regional markets.,The implementation framework supports staged account onboarding across distributed operational environments.,Annual platform agreements; implementation services; support contracts,Customers are billed through annual contracts aligned with usage activity and implementation requirements.,"Commercial growth is supported through pilot deployments, sector conferences, and referral relationships.",2016509,26559100,565786,10 months,rejected
SummitBase,"SummitBase operates a workflow platform used by urban transport contractors responsible for credential verification. Capital from the current round is allocated toward integration support, implementation staffing, and account expansion activity.",legaltech,series-a,8103816,USD,"Operational groups managing credential verification typically lack centralized visibility across reporting environments, vendor records, and implementation workflows.",urban transport contractors,$3.9B annual operating market across 18 regions,"The platform consolidates operational records associated with credential verification, synchronizes data across connected systems, and maintains configurable reporting controls.",The software includes configurable controls aligned with procurement and reporting requirements.,Deployment operations follow a structured onboarding process across customer operating environments with phased implementation support during rollout.,Recurring software subscriptions; onboarding retainers; reporting modules,Customers are billed through annual contracts aligned with usage activity and implementation requirements.,"Customer acquisition relies on procurement referrals, implementation partners, and direct enterprise sales activity.",1317319,24736367,235793,7 months,rejected
SummitLedger,SummitLedger provides enterprise software focused on shipment coordination for urban transport contractors. The company is raising funding to support regional deployment operations and commercial onboarding capacity.,ecommerce,seed,7862278,EUR,"Organizations responsible for shipment coordination frequently coordinate activity across disconnected systems, vendor portals, and manual reporting workflows.",urban transport contractors,$73.4B annual operating market across 13 regions,"The software standardizes workflows related to shipment coordination while supporting audit visibility, role-based access management, and operational tracking.",The deployment architecture supports phased onboarding across distributed customer operating environments.,Customer deployments are managed through standardized implementation procedures across account operating environments.,Usage-based billing; workflow modules; deployment support services,Customers are billed through annual contracts aligned with usage activity and implementation requirements.,"Commercial growth is supported through pilot deployments, sector conferences, and referral relationships.",2071209,7558818,143357,3 months,rejected
HarborLedger,HarborLedger provides enterprise software focused on crop purchasing for retail distribution chains. The company is raising funding to support regional deployment operations and commercial onboarding capacity.,healthtech,pre-seed,3147568,USD,"Organizations responsible for crop purchasing frequently coordinate activity across disconnected systems, vendor portals, and manual reporting workflows.",retail distribution chains,$39.6B annual operating market across 14 regions,"The software standardizes workflows related to crop purchasing while supporting audit visibility, role-based access management, and operational tracking.",The software includes configurable controls aligned with procurement and reporting requirements.,Deployment operations follow a structured onboarding process across customer operating environments with phased implementation support during rollout.,Annual platform agreements; implementation services; support contracts,Customers are billed through annual contracts aligned with usage activity and implementation requirements.,"The company sources accounts through regional implementation partners, outbound sales outreach, and executive referral networks.",650439,1515765,73594,20 months,approved
ApexMetrics,"ApexMetrics develops operational software for industrial procurement teams managing patient scheduling. The current financing round supports deployment capacity, onboarding operations, and implementation coverage across additional markets.",ecommerce,series-a,9196706,USD,"Organizations responsible for patient scheduling frequently coordinate activity across disconnected systems, vendor portals, and manual reporting workflows.",industrial procurement teams,$45.4B annual operating market across 11 regions,"The software standardizes workflows related to patient scheduling while supporting audit visibility, role-based access management, and operational tracking.",The implementation framework maintains configurable workflow rules across customer operating environments.,The implementation framework supports staged account onboarding across distributed operational environments.,Recurring software subscriptions; onboarding retainers; reporting modules,"Commercial agreements are indexed to deployment scope, transaction activity, and active operating locations.","The company sources accounts through regional implementation partners, outbound sales outreach, and executive referral networks.",2200806,24122583,173299,9 months,rejected
AtlasPilot,"AtlasPilot develops operational software for multi-campus training institutes managing shipment coordination. The current financing round supports deployment capacity, onboarding operations, and implementation coverage across additional markets.",logistics,seed,1577188,GBP,Teams handling shipment coordination often rely on fragmented operational processes requiring repeated reconciliation between internal systems and external service providers.,multi-campus training institutes,$66.3B annual operating market across 20 regions,"The software standardizes workflows related to shipment coordination while supporting audit visibility, role-based access management, and operational tracking.",The software includes configurable controls aligned with procurement and reporting requirements.,The implementation framework supports staged account onboarding across distributed operational environments.,Recurring software subscriptions; onboarding retainers; reporting modules,"Commercial agreements are indexed to deployment scope, transaction activity, and active operating locations.","Customer acquisition relies on procurement referrals, implementation partners, and direct enterprise sales activity.",848332,2683080,147878,16 months,approved
HarborFlow,"HarborFlow develops operational software for multi-campus training institutes managing crop purchasing. The current financing round supports deployment capacity, onboarding operations, and implementation coverage across additional markets.",agritech,idea,4218983,EUR,"Operational groups managing crop purchasing typically lack centralized visibility across reporting environments, vendor records, and implementation workflows.",multi-campus training institutes,$32.1B annual operating market across 17 regions,"The platform consolidates operational records associated with crop purchasing, synchronizes data across connected systems, and maintains configurable reporting controls.",The implementation framework maintains configurable workflow rules across customer operating environments.,Customer deployments are managed through standardized implementation procedures across account operating environments.,Recurring software subscriptions; onboarding retainers; reporting modules,Customers are billed through annual contracts aligned with usage activity and implementation requirements.,"The company sources accounts through regional implementation partners, outbound sales outreach, and executive referral networks.",125841,1292296,425499,4 months,rejected
SummitMetrics,"SummitMetrics operates a workflow platform used by retail distribution chains responsible for tenant onboarding. Capital from the current round is allocated toward integration support, implementation staffing, and account expansion activity.",saas,series-a,6770733,AED,"Organizations responsible for tenant onboarding frequently coordinate activity across disconnected systems, vendor portals, and manual reporting workflows.",retail distribution chains,$69.0B annual operating market across 20 regions,"The software standardizes workflows related to tenant onboarding while supporting audit visibility, role-based access management, and operational tracking.",The platform supports integration with operational systems commonly used across secondary regional markets.,The implementation framework supports staged account onboarding across distributed operational environments.,Recurring software subscriptions; onboarding retainers; reporting modules,"Commercial agreements are indexed to deployment scope, transaction activity, and active operating locations.","Customer acquisition relies on procurement referrals, implementation partners, and direct enterprise sales activity.",2424848,23398917,132744,6 months,rejected
HarborCore,"HarborCore operates a workflow platform used by specialty clinics responsible for claims intake. Capital from the current round is allocated toward integration support, implementation staffing, and account expansion activity.",fintech,idea,2072584,USD,"Organizations responsible for claims intake frequently coordinate activity across disconnected systems, vendor portals, and manual reporting workflows.",specialty clinics,$24.9B annual operating market across 8 regions,"The software standardizes workflows related to claims intake while supporting audit visibility, role-based access management, and operational tracking.",The deployment architecture supports phased onboarding across distributed customer operating environments.,Deployment operations follow a structured onboarding process across customer operating environments with phased implementation support during rollout.,Annual platform agreements; implementation services; support contracts,Customers are billed through annual contracts aligned with usage activity and implementation requirements.,"Commercial growth is supported through pilot deployments, sector conferences, and referral relationships.",950064,3939474,51657,14 months,approved
HarborCloud,HarborCloud provides enterprise software focused on credential verification for warehouse operators. The company is raising funding to support regional deployment operations and commercial onboarding capacity.,edtech,seed,1478053,GBP,"Organizations responsible for credential verification frequently coordinate activity across disconnected systems, vendor portals, and manual reporting workflows.",warehouse operators,$17.5B annual operating market across 21 regions,The product centralizes operational coordination associated with credential verification into a unified management environment with configurable workflow logic.,The deployment architecture supports phased onboarding across distributed customer operating environments.,The implementation framework supports staged account onboarding across distributed operational environments.,Recurring software subscriptions; onboarding retainers; reporting modules,Customers are billed through annual contracts aligned with usage activity and implementation requirements.,"Customer acquisition relies on procurement referrals, implementation partners, and direct enterprise sales activity.",167581,8203953,147696,21 months,approved
SignalPilot,SignalPilot provides enterprise software focused on compliance tracking for retail distribution chains. The company is raising funding to support regional deployment operations and commercial onboarding capacity.,proptech,seed,6948547,EUR,Teams handling compliance tracking often rely on fragmented operational processes requiring repeated reconciliation between internal systems and external service providers.,retail distribution chains,$56.5B annual operating market across 22 regions,The product centralizes operational coordination associated with compliance tracking into a unified management environment with configurable workflow logic.,The implementation framework maintains configurable workflow rules across customer operating environments.,The implementation framework supports staged account onboarding across distributed operational environments.,Annual platform agreements; implementation services; support contracts,"Commercial agreements are indexed to deployment scope, transaction activity, and active operating locations.","The company sources accounts through regional implementation partners, outbound sales outreach, and executive referral networks.",1321475,17287196,786647,7 months,rejected
SignalBridge,"SignalBridge operates a workflow platform used by retail distribution chains responsible for tenant onboarding. Capital from the current round is allocated toward integration support, implementation staffing, and account expansion activity.",cleantech,idea,872663,AED,"Operational groups managing tenant onboarding typically lack centralized visibility across reporting environments, vendor records, and implementation workflows.",retail distribution chains,$83.5B annual operating market across 5 regions,"The platform consolidates operational records associated with tenant onboarding, synchronizes data across connected systems, and maintains configurable reporting controls.",The deployment architecture supports phased onboarding across distributed customer operating environments.,Customer deployments are managed through standardized implementation procedures across account operating environments.,Annual platform agreements; implementation services; support contracts,Pricing combines recurring subscription commitments with onboarding and reporting service charges.,"The company sources accounts through regional implementation partners, outbound sales outreach, and executive referral networks.",824832,2052167,147184,19 months,approved
LatticeCloud,"LatticeCloud develops operational software for urban transport contractors managing crop purchasing. The current financing round supports deployment capacity, onboarding operations, and implementation coverage across additional markets.",edtech,pre-seed,2590398,SGD,"Operational groups managing crop purchasing typically lack centralized visibility across reporting environments, vendor records, and implementation workflows.",urban transport contractors,$51.9B annual operating market across 7 regions,"The platform consolidates operational records associated with crop purchasing, synchronizes data across connected systems, and maintains configurable reporting controls.",The implementation framework maintains configurable workflow rules across customer operating environments.,Customer deployments are managed through standardized implementation procedures across account operating environments.,Recurring software subscriptions; onboarding retainers; reporting modules,Customers are billed through annual contracts aligned with usage activity and implementation requirements.,"The company sources accounts through regional implementation partners, outbound sales outreach, and executive referral networks.",15264,7598973,189285,15 months,approved
ApexCore,"ApexCore develops operational software for warehouse operators managing compliance tracking. The current financing round supports deployment capacity, onboarding operations, and implementation coverage across additional markets.",fintech,idea,7994089,AED,"Operational groups managing compliance tracking typically lack centralized visibility across reporting environments, vendor records, and implementation workflows.",warehouse operators,$66.9B annual operating market across 20 regions,"The platform consolidates operational records associated with compliance tracking, synchronizes data across connected systems, and maintains configurable reporting controls.",The platform supports integration with operational systems commonly used across secondary regional markets.,The implementation framework supports staged account onboarding across distributed operational environments.,Annual platform agreements; implementation services; support contracts,"Commercial agreements are indexed to deployment scope, transaction activity, and active operating locations.","The company sources accounts through regional implementation partners, outbound sales outreach, and executive referral networks.",1879193,19060973,160953,5 months,rejected
LatticeCloud,"LatticeCloud develops operational software for multi-campus training institutes managing vendor reconciliation. The current financing round supports deployment capacity, onboarding operations, and implementation coverage across additional markets.",edtech,series-a,4833129,EUR,Teams handling vendor reconciliation often rely on fragmented operational processes requiring repeated reconciliation between internal systems and external service providers.,multi-campus training institutes,$56.8B annual operating market across 8 regions,The product centralizes operational coordination associated with vendor reconciliation into a unified management environment with configurable workflow logic.,The platform supports integration with operational systems commonly used across secondary regional markets.,Customer deployments are managed through standardized implementation procedures across account operating environments.,Usage-based billing; workflow modules; deployment support services,"Commercial agreements are indexed to deployment scope, transaction activity, and active operating locations.","The company sources accounts through regional implementation partners, outbound sales outreach, and executive referral networks.",2138875,24435651,594655,6 months,rejected
IronMetrics,"IronMetrics develops operational software for commercial property groups managing patient scheduling. The current financing round supports deployment capacity, onboarding operations, and implementation coverage across additional markets.",edtech,idea,2394312,EUR,Teams handling patient scheduling often rely on fragmented operational processes requiring repeated reconciliation between internal systems and external service providers.,commercial property groups,$47.7B annual operating market across 7 regions,"The platform consolidates operational records associated with patient scheduling, synchronizes data across connected systems, and maintains configurable reporting controls.",The deployment architecture supports phased onboarding across distributed customer operating environments.,Customer deployments are managed through standardized implementation procedures across account operating environments.,Annual platform agreements; implementation services; support contracts,"Commercial agreements are indexed to deployment scope, transaction activity, and active operating locations.","The company sources accounts through regional implementation partners, outbound sales outreach, and executive referral networks.",1768070,7745802,97218,25 months,approved
PioneerLedger,"PioneerLedger develops operational software for multi-campus training institutes managing shipment coordination. The current financing round supports deployment capacity, onboarding operations, and implementation coverage across additional markets.",ecommerce,idea,8665469,AED,"Operational groups managing shipment coordination typically lack centralized visibility across reporting environments, vendor records, and implementation workflows.",multi-campus training institutes,$39.5B annual operating market across 21 regions,"The software standardizes workflows related to shipment coordination while supporting audit visibility, role-based access management, and operational tracking.",The implementation framework maintains configurable workflow rules across customer operating environments.,Customer deployments are managed through standardized implementation procedures across account operating environments.,Usage-based billing; workflow modules; deployment support services,"Commercial agreements are indexed to deployment scope, transaction activity, and active operating locations.","The company sources accounts through regional implementation partners, outbound sales outreach, and executive referral networks.",1735543,19543600,548185,3 months,rejected
AtlasBridge,AtlasBridge provides enterprise software focused on claims intake for commercial property groups. The company is raising funding to support regional deployment operations and commercial onboarding capacity.,ecommerce,series-a,938661,SGD,"Organizations responsible for claims intake frequently coordinate activity across disconnected systems, vendor portals, and manual reporting workflows.",commercial property groups,$74.5B annual operating market across 19 regions,"The platform consolidates operational records associated with claims intake, synchronizes data across connected systems, and maintains configurable reporting controls.",The deployment architecture supports phased onboarding across distributed customer operating environments.,The implementation framework supports staged account onboarding across distributed operational environments.,Usage-based billing; workflow modules; deployment support services,"Commercial agreements are indexed to deployment scope, transaction activity, and active operating locations.","Customer acquisition relies on procurement referrals, implementation partners, and direct enterprise sales activity.",1028452,3321125,169937,24 months,approved
SignalPilot,SignalPilot provides enterprise software focused on compliance tracking for retail distribution chains. The company is raising funding to support regional deployment operations and commercial onboarding capacity.,proptech,seed,1264946,EUR,Teams handling compliance tracking often rely on fragmented operational processes requiring repeated reconciliation between internal systems and external service providers.,retail distribution chains,$56.5B annual operating market across 22 regions,The product centralizes operational coordination associated with compliance tracking into a unified management environment with configurable workflow logic.,The implementation framework maintains configurable workflow rules across customer operating environments.,The implementation framework supports staged account onboarding across distributed operational environments.,Annual platform agreements; implementation services; support contracts,"Commercial agreements are indexed to deployment scope, transaction activity, and active operating locations.","The company sources accounts through regional implementation partners, outbound sales outreach, and executive referral networks.",1100408,5310192,59781,15 months,approved
GraniteBase,"GraniteBase operates a workflow platform used by urban transport contractors responsible for inventory forecasting. Capital from the current round is allocated toward integration support, implementation staffing, and account expansion activity.",fintech,pre-seed,1303482,SGD,"Operational groups managing inventory forecasting typically lack centralized visibility across reporting environments, vendor records, and implementation workflows.",urban transport contractors,$75.1B annual operating market across 15 regions,"The software standardizes workflows related to inventory forecasting while supporting audit visibility, role-based access management, and operational tracking.",The software includes configurable controls aligned with procurement and reporting requirements.,The implementation framework supports staged account onboarding across distributed operational environments.,Annual platform agreements; implementation services; support contracts,Customers are billed through annual contracts aligned with usage activity and implementation requirements.,"Customer acquisition relies on procurement referrals, implementation partners, and direct enterprise sales activity.",1543949,3919302,99968,28 months,approved
HarborCloud,HarborCloud provides enterprise software focused on crop purchasing for agricultural exporters. The company is raising funding to support regional deployment operations and commercial onboarding capacity.,edtech,pre-seed,1009395,USD,"Operational groups managing crop purchasing typically lack centralized visibility across reporting environments, vendor records, and implementation workflows.",agricultural exporters,$47.6B annual operating market across 15 regions,"The platform consolidates operational records associated with crop purchasing, synchronizes data across connected systems, and maintains configurable reporting controls.",The platform supports integration with operational systems commonly used across secondary regional markets.,Deployment operations follow a structured onboarding process across customer operating environments with phased implementation support during rollout.,Usage-based billing; workflow modules; deployment support services,Customers are billed through annual contracts aligned with usage activity and implementation requirements.,"The company sources accounts through regional implementation partners, outbound sales outreach, and executive referral networks.",2375778,12706951,108237,14 months,approved
PioneerBase,"PioneerBase operates a workflow platform used by retail distribution chains responsible for compliance tracking. Capital from the current round is allocated toward integration support, implementation staffing, and account expansion activity.",fintech,idea,5533335,AED,"Organizations responsible for compliance tracking frequently coordinate activity across disconnected systems, vendor portals, and manual reporting workflows.",retail distribution chains,$55.6B annual operating market across 5 regions,The product centralizes operational coordination associated with compliance tracking into a unified management environment with configurable workflow logic.,The platform supports integration with operational systems commonly used across secondary regional markets.,The implementation framework supports staged account onboarding across distributed operational environments.,Usage-based billing; workflow modules; deployment support services,Pricing combines recurring subscription commitments with onboarding and reporting service charges.,"Commercial growth is supported through pilot deployments, sector conferences, and referral relationships.",1232804,20386525,709357,4 months,rejected
NorthFlow,"NorthFlow develops operational software for warehouse operators managing crop purchasing. The current financing round supports deployment capacity, onboarding operations, and implementation coverage across additional markets.",proptech,pre-seed,5544368,EUR,Teams handling crop purchasing often rely on fragmented operational processes requiring repeated reconciliation between internal systems and external service providers.,warehouse operators,$35.8B annual operating market across 18 regions,"The platform consolidates operational records associated with crop purchasing, synchronizes data across connected systems, and maintains configurable reporting controls.",The implementation framework maintains configurable workflow rules across customer operating environments.,Deployment operations follow a structured onboarding process across customer operating environments with phased implementation support during rollout.,Recurring software subscriptions; onboarding retainers; reporting modules,"Commercial agreements are indexed to deployment scope, transaction activity, and active operating locations.","Customer acquisition relies on procurement referrals, implementation partners, and direct enterprise sales activity.",2103838,19421730,460633,4 months,rejected
SignalLedger,"SignalLedger operates a workflow platform used by multi-campus training institutes responsible for crop purchasing. Capital from the current round is allocated toward integration support, implementation staffing, and account expansion activity.",healthtech,idea,2509120,EUR,"Operational groups managing crop purchasing typically lack centralized visibility across reporting environments, vendor records, and implementation workflows.",multi-campus training institutes,$41.1B annual operating market across 16 regions,"The platform consolidates operational records associated with crop purchasing, synchronizes data across connected systems, and maintains configurable reporting controls.",The implementation framework maintains configurable workflow rules across customer operating environments.,Customer deployments are managed through standardized implementation procedures across account operating environments.,Usage-based billing; workflow modules; deployment support services,Customers are billed through annual contracts aligned with usage activity and implementation requirements.,"Customer acquisition relies on procurement referrals, implementation partners, and direct enterprise sales activity.",2455010,10246594,123162,24 months,approved
HarborCloud,HarborCloud provides enterprise software focused on credential verification for warehouse operators. The company is raising funding to support regional deployment operations and commercial onboarding capacity.,edtech,seed,3812752,GBP,"Organizations responsible for credential verification frequently coordinate activity across disconnected systems, vendor portals, and manual reporting workflows.",warehouse operators,$17.5B annual operating market across 21 regions,The product centralizes operational coordination associated with credential verification into a unified management environment with configurable workflow logic.,The deployment architecture supports phased onboarding across distributed customer operating environments.,The implementation framework supports staged account onboarding across distributed operational environments.,Recurring software subscriptions; onboarding retainers; reporting modules,Customers are billed through annual contracts aligned with usage activity and implementation requirements.,"Customer acquisition relies on procurement referrals, implementation partners, and direct enterprise sales activity.",922478,16339764,842715,5 months,rejected
AtlasCloud,AtlasCloud provides enterprise software focused on inventory forecasting for warehouse operators. The company is raising funding to support regional deployment operations and commercial onboarding capacity.,saas,series-a,8580743,EUR,"Organizations responsible for inventory forecasting frequently coordinate activity across disconnected systems, vendor portals, and manual reporting workflows.",warehouse operators,$58.8B annual operating market across 19 regions,The product centralizes operational coordination associated with inventory forecasting into a unified management environment with configurable workflow logic.,The software includes configurable controls aligned with procurement and reporting requirements.,Customer deployments are managed through standardized implementation procedures across account operating environments.,Recurring software subscriptions; onboarding retainers; reporting modules,Pricing combines recurring subscription commitments with onboarding and reporting service charges.,"The company sources accounts through regional implementation partners, outbound sales outreach, and executive referral networks.",1842443,25831360,325655,3 months,rejected
DeltaPilot,DeltaPilot provides enterprise software focused on compliance tracking for industrial procurement teams. The company is raising funding to support regional deployment operations and commercial onboarding capacity.,cleantech,idea,1351085,EUR,"Operational groups managing compliance tracking typically lack centralized visibility across reporting environments, vendor records, and implementation workflows.",industrial procurement teams,$94.7B annual operating market across 10 regions,"The platform consolidates operational records associated with compliance tracking, synchronizes data across connected systems, and maintains configurable reporting controls.",The software includes configurable controls aligned with procurement and reporting requirements.,Customer deployments are managed through standardized implementation procedures across account operating environments.,Annual platform agreements; implementation services; support contracts,Pricing combines recurring subscription commitments with onboarding and reporting service charges.,"Customer acquisition relies on procurement referrals, implementation partners, and direct enterprise sales activity.",37188,4489628,158819,16 months,approved
SummitBase,"SummitBase operates a workflow platform used by urban transport contractors responsible for credential verification. Capital from the current round is allocated toward integration support, implementation staffing, and account expansion activity.",legaltech,series-a,1023213,USD,"Operational groups managing credential verification typically lack centralized visibility across reporting environments, vendor records, and implementation workflows.",urban transport contractors,$3.9B annual operating market across 18 regions,"The platform consolidates operational records associated with credential verification, synchronizes data across connected systems, and maintains configurable reporting controls.",The software includes configurable controls aligned with procurement and reporting requirements.,Deployment operations follow a structured onboarding process across customer operating environments with phased implementation support during rollout.,Recurring software subscriptions; onboarding retainers; reporting modules,Customers are billed through annual contracts aligned with usage activity and implementation requirements.,"Customer acquisition relies on procurement referrals, implementation partners, and direct enterprise sales activity.",1497811,5551652,154285,16 months,approved
GranitePilot,"GranitePilot develops operational software for independent legal practices managing compliance tracking. The current financing round supports deployment capacity, onboarding operations, and implementation coverage across additional markets.",cleantech,idea,2364702,USD,Teams handling compliance tracking often rely on fragmented operational processes requiring repeated reconciliation between internal systems and external service providers.,independent legal practices,$14.2B annual operating market across 9 regions,The product centralizes operational coordination associated with compliance tracking into a unified management environment with configurable workflow logic.,The platform supports integration with operational systems commonly used across secondary regional markets.,Customer deployments are managed through standardized implementation procedures across account operating environments.,Usage-based billing; workflow modules; deployment support services,Customers are billed through annual contracts aligned with usage activity and implementation requirements.,"Commercial growth is supported through pilot deployments, sector conferences, and referral relationships.",80936,512076,173297,19 months,approved
ApexLedger,"ApexLedger develops operational software for regional insurers managing credential verification. The current financing round supports deployment capacity, onboarding operations, and implementation coverage across additional markets.",cleantech,series-a,1436221,EUR,"Operational groups managing credential verification typically lack centralized visibility across reporting environments, vendor records, and implementation workflows.",regional insurers,$42.0B annual operating market across 5 regions,"The software standardizes workflows related to credential verification while supporting audit visibility, role-based access management, and operational tracking.",The deployment architecture supports phased onboarding across distributed customer operating environments.,Customer deployments are managed through standardized implementation procedures across account operating environments.,Annual platform agreements; implementation services; support contracts,"Commercial agreements are indexed to deployment scope, transaction activity, and active operating locations.","Customer acquisition relies on procurement referrals, implementation partners, and direct enterprise sales activity.",1008053,2784744,132310,20 months,approved
HarborLogic,HarborLogic provides enterprise software focused on maintenance dispatching for warehouse operators. The company is raising funding to support regional deployment operations and commercial onboarding capacity.,saas,pre-seed,1053760,AED,Teams handling maintenance dispatching often rely on fragmented operational processes requiring repeated reconciliation between internal systems and external service providers.,warehouse operators,$48.4B annual operating market across 15 regions,"The software standardizes workflows related to maintenance dispatching while supporting audit visibility, role-based access management, and operational tracking.",The implementation framework maintains configurable workflow rules across customer operating environments.,The implementation framework supports staged account onboarding across distributed operational environments.,Annual platform agreements; implementation services; support contracts,Customers are billed through annual contracts aligned with usage activity and implementation requirements.,"Commercial growth is supported through pilot deployments, sector conferences, and referral relationships.",76352,1558665,184548,27 months,approved
NorthSystems,NorthSystems provides enterprise software focused on maintenance dispatching for agricultural exporters. The company is raising funding to support regional deployment operations and commercial onboarding capacity.,agritech,idea,876528,GBP,"Organizations responsible for maintenance dispatching frequently coordinate activity across disconnected systems, vendor portals, and manual reporting workflows.",agricultural exporters,$83.9B annual operating market across 9 regions,"The software standardizes workflows related to maintenance dispatching while supporting audit visibility, role-based access management, and operational tracking.",The platform supports integration with operational systems commonly used across secondary regional markets.,Customer deployments are managed through standardized implementation procedures across account operating environments.,Usage-based billing; workflow modules; deployment support services,Customers are billed through annual contracts aligned with usage activity and implementation requirements.,"Commercial growth is supported through pilot deployments, sector conferences, and referral relationships.",150917,9491638,174350,15 months,approved
SummitFlow,"SummitFlow develops operational software for warehouse operators managing patient scheduling. The current financing round supports deployment capacity, onboarding operations, and implementation coverage across additional markets.",logistics,series-a,7921691,USD,"Operational groups managing patient scheduling typically lack centralized visibility across reporting environments, vendor records, and implementation workflows.",warehouse operators,$23.8B annual operating market across 14 regions,The product centralizes operational coordination associated with patient scheduling into a unified management environment with configurable workflow logic.,The implementation framework maintains configurable workflow rules across customer operating environments.,Deployment operations follow a structured onboarding process across customer operating environments with phased implementation support during rollout.,Usage-based billing; workflow modules; deployment support services,Customers are billed through annual contracts aligned with usage activity and implementation requirements.,"The company sources accounts through regional implementation partners, outbound sales outreach, and executive referral networks.",1524376,27490345,449615,5 months,rejected
VectorGrid,"VectorGrid develops operational software for warehouse operators managing credential verification. The current financing round supports deployment capacity, onboarding operations, and implementation coverage across additional markets.",saas,pre-seed,3585756,AED,Teams handling credential verification often rely on fragmented operational processes requiring repeated reconciliation between internal systems and external service providers.,warehouse operators,$3.6B annual operating market across 16 regions,The product centralizes operational coordination associated with credential verification into a unified management environment with configurable workflow logic.,The platform supports integration with operational systems commonly used across secondary regional markets.,The implementation framework supports staged account onboarding across distributed operational environments.,Usage-based billing; workflow modules; deployment support services,"Commercial agreements are indexed to deployment scope, transaction activity, and active operating locations.","Customer acquisition relies on procurement referrals, implementation partners, and direct enterprise sales activity.",2323825,5337162,158811,24 months,approved
PioneerFlow,PioneerFlow provides enterprise software focused on crop purchasing for agricultural exporters. The company is raising funding to support regional deployment operations and commercial onboarding capacity.,saas,idea,5383101,SGD,"Organizations responsible for crop purchasing frequently coordinate activity across disconnected systems, vendor portals, and manual reporting workflows.",agricultural exporters,$42.6B annual operating market across 12 regions,"The software standardizes workflows related to crop purchasing while supporting audit visibility, role-based access management, and operational tracking.",The deployment architecture supports phased onboarding across distributed customer operating environments.,Customer deployments are managed through standardized implementation procedures across account operating environments.,Annual platform agreements; implementation services; support contracts,Customers are billed through annual contracts aligned with usage activity and implementation requirements.,"Commercial growth is supported through pilot deployments, sector conferences, and referral relationships.",545315,10321300,332015,8 months,rejected
AtlasCloud,AtlasCloud provides enterprise software focused on inventory forecasting for regional insurers. The company is raising funding to support regional deployment operations and commercial onboarding capacity.,agritech,idea,645571,SGD,"Operational groups managing inventory forecasting typically lack centralized visibility across reporting environments, vendor records, and implementation workflows.",regional insurers,$92.1B annual operating market across 20 regions,"The software standardizes workflows related to inventory forecasting while supporting audit visibility, role-based access management, and operational tracking.",The software includes configurable controls aligned with procurement and reporting requirements.,The implementation framework supports staged account onboarding across distributed operational environments.,Usage-based billing; workflow modules; deployment support services,Customers are billed through annual contracts aligned with usage activity and implementation requirements.,"Commercial growth is supported through pilot deployments, sector conferences, and referral relationships.",1177896,5257896,80803,23 months,approved
VectorFlow,"VectorFlow develops operational software for urban transport contractors managing patient scheduling. The current financing round supports deployment capacity, onboarding operations, and implementation coverage across additional markets.",healthtech,idea,3777857,USD,"Operational groups managing patient scheduling typically lack centralized visibility across reporting environments, vendor records, and implementation workflows.",urban transport contractors,$25.5B annual operating market across 10 regions,"The software standardizes workflows related to patient scheduling while supporting audit visibility, role-based access management, and operational tracking.",The platform supports integration with operational systems commonly used across secondary regional markets.,The implementation framework supports staged account onboarding across distributed operational environments.,Recurring software subscriptions; onboarding retainers; reporting modules,"Commercial agreements are indexed to deployment scope, transaction activity, and active operating locations.","Customer acquisition relies on procurement referrals, implementation partners, and direct enterprise sales activity.",730986,24765803,196933,8 months,rejected
IronLogic,IronLogic provides enterprise software focused on maintenance dispatching for specialty clinics. The company is raising funding to support regional deployment operations and commercial onboarding capacity.,agritech,idea,3017607,USD,"Operational groups managing maintenance dispatching typically lack centralized visibility across reporting environments, vendor records, and implementation workflows.",specialty clinics,$64.2B annual operating market across 13 regions,"The platform consolidates operational records associated with maintenance dispatching, synchronizes data across connected systems, and maintains configurable reporting controls.",The software includes configurable controls aligned with procurement and reporting requirements.,The implementation framework supports staged account onboarding across distributed operational environments.,Recurring software subscriptions; onboarding retainers; reporting modules,Customers are billed through annual contracts aligned with usage activity and implementation requirements.,"Commercial growth is supported through pilot deployments, sector conferences, and referral relationships.",89663,1690912,119339,24 months,approved
SummitFlow,SummitFlow provides enterprise software focused on crop purchasing for regional insurers. The company is raising funding to support regional deployment operations and commercial onboarding capacity.,legaltech,seed,3413942,USD,"Operational groups managing crop purchasing typically lack centralized visibility across reporting environments, vendor records, and implementation workflows.",regional insurers,$49.6B annual operating market across 14 regions,"The software standardizes workflows related to crop purchasing while supporting audit visibility, role-based access management, and operational tracking.",The implementation framework maintains configurable workflow rules across customer operating environments.,Customer deployments are managed through standardized implementation procedures across account operating environments.,Recurring software subscriptions; onboarding retainers; reporting modules,"Commercial agreements are indexed to deployment scope, transaction activity, and active operating locations.","Customer acquisition relies on procurement referrals, implementation partners, and direct enterprise sales activity.",73378,318800,110007,19 months,approved
ApexGrid,"ApexGrid operates a workflow platform used by independent legal practices responsible for inventory forecasting. Capital from the current round is allocated toward integration support, implementation staffing, and account expansion activity.",proptech,pre-seed,2596156,GBP,"Organizations responsible for inventory forecasting frequently coordinate activity across disconnected systems, vendor portals, and manual reporting workflows.",independent legal practices,$41.0B annual operating market across 21 regions,"The software standardizes workflows related to inventory forecasting while supporting audit visibility, role-based access management, and operational tracking.",The platform supports integration with operational systems commonly used across secondary regional markets.,Deployment operations follow a structured onboarding process across customer operating environments with phased implementation support during rollout.,Usage-based billing; workflow modules; deployment support services,Pricing combines recurring subscription commitments with onboarding and reporting service charges.,"The company sources accounts through regional implementation partners, outbound sales outreach, and executive referral networks.",764855,20235591,199689,9 months,rejected
DeltaGrid,"DeltaGrid develops operational software for regional insurers managing patient scheduling. The current financing round supports deployment capacity, onboarding operations, and implementation coverage across additional markets.",logistics,series-a,3315583,EUR,Teams handling patient scheduling often rely on fragmented operational processes requiring repeated reconciliation between internal systems and external service providers.,regional insurers,$7.9B annual operating market across 11 regions,"The software standardizes workflows related to patient scheduling while supporting audit visibility, role-based access management, and operational tracking.",The deployment architecture supports phased onboarding across distributed customer operating environments.,Customer deployments are managed through standardized implementation procedures across account operating environments.,Annual platform agreements; implementation services; support contracts,"Commercial agreements are indexed to deployment scope, transaction activity, and active operating locations.","Commercial growth is supported through pilot deployments, sector conferences, and referral relationships.",1139392,7344672,179334,7 months,rejected
LatticeGrid,"LatticeGrid operates a workflow platform used by industrial procurement teams responsible for shipment coordination. Capital from the current round is allocated toward integration support, implementation staffing, and account expansion activity.",proptech,idea,6449253,SGD,Teams handling shipment coordination often rely on fragmented operational processes requiring repeated reconciliation between internal systems and external service providers.,industrial procurement teams,$86.9B annual operating market across 16 regions,"The software standardizes workflows related to shipment coordination while supporting audit visibility, role-based access management, and operational tracking.",The deployment architecture supports phased onboarding across distributed customer operating environments.,Customer deployments are managed through standardized implementation procedures across account operating environments.,Annual platform agreements; implementation services; support contracts,"Commercial agreements are indexed to deployment scope, transaction activity, and active operating locations.","Commercial growth is supported through pilot deployments, sector conferences, and referral relationships.",2091369,25581016,671584,3 months,rejected
AtlasFlow,"AtlasFlow operates a workflow platform used by urban transport contractors responsible for shipment coordination. Capital from the current round is allocated toward integration support, implementation staffing, and account expansion activity.",legaltech,seed,807393,EUR,"Operational groups managing shipment coordination typically lack centralized visibility across reporting environments, vendor records, and implementation workflows.",urban transport contractors,$20.0B annual operating market across 17 regions,"The platform consolidates operational records associated with shipment coordination, synchronizes data across connected systems, and maintains configurable reporting controls.",The software includes configurable controls aligned with procurement and reporting requirements.,The implementation framework supports staged account onboarding across distributed operational environments.,Annual platform agreements; implementation services; support contracts,Pricing combines recurring subscription commitments with onboarding and reporting service charges.,"Customer acquisition relies on procurement referrals, implementation partners, and direct enterprise sales activity.",1900250,4406733,119053,28 months,approved
SummitCore,"SummitCore operates a workflow platform used by warehouse operators responsible for vendor reconciliation. Capital from the current round is allocated toward integration support, implementation staffing, and account expansion activity.",proptech,pre-seed,1416177,GBP,Teams handling vendor reconciliation often rely on fragmented operational processes requiring repeated reconciliation between internal systems and external service providers.,warehouse operators,$37.6B annual operating market across 8 regions,"The platform consolidates operational records associated with vendor reconciliation, synchronizes data across connected systems, and maintains configurable reporting controls.",The platform supports integration with operational systems commonly used across secondary regional markets.,The implementation framework supports staged account onboarding across distributed operational environments.,Annual platform agreements; implementation services; support contracts,Customers are billed through annual contracts aligned with usage activity and implementation requirements.,"The company sources accounts through regional implementation partners, outbound sales outreach, and executive referral networks.",318976,866122,127640,25 months,approved
HarborBridge,"HarborBridge develops operational software for commercial property groups managing vendor reconciliation. The current financing round supports deployment capacity, onboarding operations, and implementation coverage across additional markets.",edtech,series-a,1221212,GBP,"Organizations responsible for vendor reconciliation frequently coordinate activity across disconnected systems, vendor portals, and manual reporting workflows.",commercial property groups,$48.1B annual operating market across 11 regions,The product centralizes operational coordination associated with vendor reconciliation into a unified management environment with configurable workflow logic.,The platform supports integration with operational systems commonly used across secondary regional markets.,The implementation framework supports staged account onboarding across distributed operational environments.,Recurring software subscriptions; onboarding retainers; reporting modules,"Commercial agreements are indexed to deployment scope, transaction activity, and active operating locations.","Customer acquisition relies on procurement referrals, implementation partners, and direct enterprise sales activity.",62311,4535402,65520,23 months,approved
IronBridge,"IronBridge develops operational software for warehouse operators managing patient scheduling. The current financing round supports deployment capacity, onboarding operations, and implementation coverage across additional markets.",proptech,idea,4500497,USD,"Organizations responsible for patient scheduling frequently coordinate activity across disconnected systems, vendor portals, and manual reporting workflows.",warehouse operators,$35.8B annual operating market across 14 regions,"The software standardizes workflows related to patient scheduling while supporting audit visibility, role-based access management, and operational tracking.",The implementation framework maintains configurable workflow rules across customer operating environments.,Customer deployments are managed through standardized implementation procedures across account operating environments.,Usage-based billing; workflow modules; deployment support services,Customers are billed through annual contracts aligned with usage activity and implementation requirements.,"The company sources accounts through regional implementation partners, outbound sales outreach, and executive referral networks.",219139,6114190,425700,8 months,rejected
VectorMetrics,"VectorMetrics develops operational software for warehouse operators managing tenant onboarding. The current financing round supports deployment capacity, onboarding operations, and implementation coverage across additional markets.",logistics,pre-seed,1555249,SGD,"Operational groups managing tenant onboarding typically lack centralized visibility across reporting environments, vendor records, and implementation workflows.",warehouse operators,$8.0B annual operating market across 20 regions,The product centralizes operational coordination associated with tenant onboarding into a unified management environment with configurable workflow logic.,The implementation framework maintains configurable workflow rules across customer operating environments.,Customer deployments are managed through standardized implementation procedures across account operating environments.,Usage-based billing; workflow modules; deployment support services,Pricing combines recurring subscription commitments with onboarding and reporting service charges.,"The company sources accounts through regional implementation partners, outbound sales outreach, and executive referral networks.",161384,1327550,97841,26 months,approved
GraniteBase,GraniteBase provides enterprise software focused on patient scheduling for commercial property groups. The company is raising funding to support regional deployment operations and commercial onboarding capacity.,proptech,idea,6122736,EUR,"Operational groups managing patient scheduling typically lack centralized visibility across reporting environments, vendor records, and implementation workflows.",commercial property groups,$94.7B annual operating market across 10 regions,The product centralizes operational coordination associated with patient scheduling into a unified management environment with configurable workflow logic.,The implementation framework maintains configurable workflow rules across customer operating environments.,Customer deployments are managed through standardized implementation procedures across account operating environments.,Recurring software subscriptions; onboarding retainers; reporting modules,Pricing combines recurring subscription commitments with onboarding and reporting service charges.,"Commercial growth is supported through pilot deployments, sector conferences, and referral relationships.",585914,11784014,331206,3 months,rejected
IronPilot,IronPilot provides enterprise software focused on maintenance dispatching for regional insurers. The company is raising funding to support regional deployment operations and commercial onboarding capacity.,saas,pre-seed,5510715,USD,"Organizations responsible for maintenance dispatching frequently coordinate activity across disconnected systems, vendor portals, and manual reporting workflows.",regional insurers,$71.8B annual operating market across 10 regions,The product centralizes operational coordination associated with maintenance dispatching into a unified management environment with configurable workflow logic.,The software includes configurable controls aligned with procurement and reporting requirements.,Deployment operations follow a structured onboarding process across customer operating environments with phased implementation support during rollout.,Usage-based billing; workflow modules; deployment support services,"Commercial agreements are indexed to deployment scope, transaction activity, and active operating locations.","Commercial growth is supported through pilot deployments, sector conferences, and referral relationships.",206267,2302236,760739,9 months,rejected
PioneerLedger,"PioneerLedger develops operational software for industrial procurement teams managing patient scheduling. The current financing round supports deployment capacity, onboarding operations, and implementation coverage across additional markets.",ecommerce,series-a,6991426,AED,"Organizations responsible for patient scheduling frequently coordinate activity across disconnected systems, vendor portals, and manual reporting workflows.",industrial procurement teams,$89.1B annual operating market across 21 regions,"The platform consolidates operational records associated with patient scheduling, synchronizes data across connected systems, and maintains configurable reporting controls.",The deployment architecture supports phased onboarding across distributed customer operating environments.,Deployment operations follow a structured onboarding process across customer operating environments with phased implementation support during rollout.,Usage-based billing; workflow modules; deployment support services,Pricing combines recurring subscription commitments with onboarding and reporting service charges.,"The company sources accounts through regional implementation partners, outbound sales outreach, and executive referral networks.",1777666,18152718,801450,3 months,rejected
SignalLedger,"SignalLedger operates a workflow platform used by retail distribution chains responsible for crop purchasing. Capital from the current round is allocated toward integration support, implementation staffing, and account expansion activity.",agritech,series-a,3834862,EUR,"Organizations responsible for crop purchasing frequently coordinate activity across disconnected systems, vendor portals, and manual reporting workflows.",retail distribution chains,$48.5B annual operating market across 13 regions,The product centralizes operational coordination associated with crop purchasing into a unified management environment with configurable workflow logic.,The deployment architecture supports phased onboarding across distributed customer operating environments.,Customer deployments are managed through standardized implementation procedures across account operating environments.,Annual platform agreements; implementation services; support contracts,Customers are billed through annual contracts aligned with usage activity and implementation requirements.,"The company sources accounts through regional implementation partners, outbound sales outreach, and executive referral networks.",1518628,18054573,472403,7 months,rejected
PioneerLogic,"PioneerLogic develops operational software for warehouse operators managing claims intake. The current financing round supports deployment capacity, onboarding operations, and implementation coverage across additional markets.",fintech,series-a,2117977,EUR,"Organizations responsible for claims intake frequently coordinate activity across disconnected systems, vendor portals, and manual reporting workflows.",warehouse operators,$37.0B annual operating market across 15 regions,The product centralizes operational coordination associated with claims intake into a unified management environment with configurable workflow logic.,The software includes configurable controls aligned with procurement and reporting requirements.,Customer deployments are managed through standardized implementation procedures across account operating environments.,Usage-based billing; workflow modules; deployment support services,Customers are billed through annual contracts aligned with usage activity and implementation requirements.,"Commercial growth is supported through pilot deployments, sector conferences, and referral relationships.",253173,777521,45588,23 months,approved
NorthFlow,"NorthFlow develops operational software for warehouse operators managing crop purchasing. The current financing round supports deployment capacity, onboarding operations, and implementation coverage across additional markets.",proptech,pre-seed,1046496,EUR,Teams handling crop purchasing often rely on fragmented operational processes requiring repeated reconciliation between internal systems and external service providers.,warehouse operators,$35.8B annual operating market across 18 regions,"The platform consolidates operational records associated with crop purchasing, synchronizes data across connected systems, and maintains configurable reporting controls.",The implementation framework maintains configurable workflow rules across customer operating environments.,Deployment operations follow a structured onboarding process across customer operating environments with phased implementation support during rollout.,Recurring software subscriptions; onboarding retainers; reporting modules,"Commercial agreements are indexed to deployment scope, transaction activity, and active operating locations.","Customer acquisition relies on procurement referrals, implementation partners, and direct enterprise sales activity.",177411,801624,91546,27 months,approved
PioneerWorks,"PioneerWorks operates a workflow platform used by retail distribution chains responsible for patient scheduling. Capital from the current round is allocated toward integration support, implementation staffing, and account expansion activity.",cleantech,series-a,5120987,USD,"Operational groups managing patient scheduling typically lack centralized visibility across reporting environments, vendor records, and implementation workflows.",retail distribution chains,$74.0B annual operating market across 14 regions,The product centralizes operational coordination associated with patient scheduling into a unified management environment with configurable workflow logic.,The platform supports integration with operational systems commonly used across secondary regional markets.,Deployment operations follow a structured onboarding process across customer operating environments with phased implementation support during rollout.,Recurring software subscriptions; onboarding retainers; reporting modules,"Commercial agreements are indexed to deployment scope, transaction activity, and active operating locations.","Customer acquisition relies on procurement referrals, implementation partners, and direct enterprise sales activity.",282566,3064731,197243,7 months,rejected
HarborLogic,"HarborLogic develops operational software for warehouse operators managing claims intake. The current financing round supports deployment capacity, onboarding operations, and implementation coverage across additional markets.",edtech,idea,2925669,AED,"Organizations responsible for claims intake frequently coordinate activity across disconnected systems, vendor portals, and manual reporting workflows.",warehouse operators,$70.8B annual operating market across 18 regions,The product centralizes operational coordination associated with claims intake into a unified management environment with configurable workflow logic.,The platform supports integration with operational systems commonly used across secondary regional markets.,The implementation framework supports staged account onboarding across distributed operational environments.,Usage-based billing; workflow modules; deployment support services,"Commercial agreements are indexed to deployment scope, transaction activity, and active operating locations.","Customer acquisition relies on procurement referrals, implementation partners, and direct enterprise sales activity.",1759216,7175812,109146,14 months,approved
DeltaLedger,DeltaLedger provides enterprise software focused on tenant onboarding for multi-campus training institutes. The company is raising funding to support regional deployment operations and commercial onboarding capacity.,proptech,seed,1972932,EUR,Teams handling tenant onboarding often rely on fragmented operational processes requiring repeated reconciliation between internal systems and external service providers.,multi-campus training institutes,$90.9B annual operating market across 14 regions,The product centralizes operational coordination associated with tenant onboarding into a unified management environment with configurable workflow logic.,The deployment architecture supports phased onboarding across distributed customer operating environments.,The implementation framework supports staged account onboarding across distributed operational environments.,Recurring software subscriptions; onboarding retainers; reporting modules,Customers are billed through annual contracts aligned with usage activity and implementation requirements.,"The company sources accounts through regional implementation partners, outbound sales outreach, and executive referral networks.",1454991,6148208,84404,16 months,approved
AtlasCloud,"AtlasCloud develops operational software for urban transport contractors managing shipment coordination. The current financing round supports deployment capacity, onboarding operations, and implementation coverage across additional markets.",healthtech,idea,5900785,USD,Teams handling shipment coordination often rely on fragmented operational processes requiring repeated reconciliation between internal systems and external service providers.,urban transport contractors,$32.5B annual operating market across 19 regions,"The software standardizes workflows related to shipment coordination while supporting audit visibility, role-based access management, and operational tracking.",The deployment architecture supports phased onboarding across distributed customer operating environments.,Deployment operations follow a structured onboarding process across customer operating environments with phased implementation support during rollout.,Annual platform agreements; implementation services; support contracts,Customers are billed through annual contracts aligned with usage activity and implementation requirements.,"The company sources accounts through regional implementation partners, outbound sales outreach, and executive referral networks.",472080,6046421,488340,3 months,rejected
GraniteGrid,GraniteGrid provides enterprise software focused on crop purchasing for industrial procurement teams. The company is raising funding to support regional deployment operations and commercial onboarding capacity.,ecommerce,pre-seed,543790,USD,"Operational groups managing crop purchasing typically lack centralized visibility across reporting environments, vendor records, and implementation workflows.",industrial procurement teams,$34.0B annual operating market across 10 regions,The product centralizes operational coordination associated with crop purchasing into a unified management environment with configurable workflow logic.,The software includes configurable controls aligned with procurement and reporting requirements.,The implementation framework supports staged account onboarding across distributed operational environments.,Annual platform agreements; implementation services; support contracts,Pricing combines recurring subscription commitments with onboarding and reporting service charges.,"The company sources accounts through regional implementation partners, outbound sales outreach, and executive referral networks.",1682706,4863435,103236,19 months,approved
IronWorks,"IronWorks operates a workflow platform used by retail distribution chains responsible for credential verification. Capital from the current round is allocated toward integration support, implementation staffing, and account expansion activity.",fintech,idea,8093643,USD,"Organizations responsible for credential verification frequently coordinate activity across disconnected systems, vendor portals, and manual reporting workflows.",retail distribution chains,$38.5B annual operating market across 16 regions,"The platform consolidates operational records associated with credential verification, synchronizes data across connected systems, and maintains configurable reporting controls.",The software includes configurable controls aligned with procurement and reporting requirements.,The implementation framework supports staged account onboarding across distributed operational environments.,Annual platform agreements; implementation services; support contracts,Customers are billed through annual contracts aligned with usage activity and implementation requirements.,"Commercial growth is supported through pilot deployments, sector conferences, and referral relationships.",1717979,22441020,265613,8 months,rejected
LatticePilot,LatticePilot provides enterprise software focused on crop purchasing for warehouse operators. The company is raising funding to support regional deployment operations and commercial onboarding capacity.,logistics,idea,561489,EUR,Teams handling crop purchasing often rely on fragmented operational processes requiring repeated reconciliation between internal systems and external service providers.,warehouse operators,$49.8B annual operating market across 21 regions,"The software standardizes workflows related to crop purchasing while supporting audit visibility, role-based access management, and operational tracking.",The platform supports integration with operational systems commonly used across secondary regional markets.,The implementation framework supports staged account onboarding across distributed operational environments.,Usage-based billing; workflow modules; deployment support services,"Commercial agreements are indexed to deployment scope, transaction activity, and active operating locations.","The company sources accounts through regional implementation partners, outbound sales outreach, and executive referral networks.",82611,7347626,108194,28 months,approved
ApexLedger,"ApexLedger operates a workflow platform used by agricultural exporters responsible for vendor reconciliation. Capital from the current round is allocated toward integration support, implementation staffing, and account expansion activity.",logistics,idea,7910418,USD,"Organizations responsible for vendor reconciliation frequently coordinate activity across disconnected systems, vendor portals, and manual reporting workflows.",agricultural exporters,$87.3B annual operating market across 20 regions,The product centralizes operational coordination associated with vendor reconciliation into a unified management environment with configurable workflow logic.,The implementation framework maintains configurable workflow rules across customer operating environments.,Customer deployments are managed through standardized implementation procedures across account operating environments.,Recurring software subscriptions; onboarding retainers; reporting modules,Customers are billed through annual contracts aligned with usage activity and implementation requirements.,"The company sources accounts through regional implementation partners, outbound sales outreach, and executive referral networks.",1470238,15921149,148036,9 months,rejected
VectorMetrics,"VectorMetrics develops operational software for agricultural exporters managing shipment coordination. The current financing round supports deployment capacity, onboarding operations, and implementation coverage across additional markets.",cleantech,idea,2437157,SGD,"Operational groups managing shipment coordination typically lack centralized visibility across reporting environments, vendor records, and implementation workflows.",agricultural exporters,$80.7B annual operating market across 22 regions,"The software standardizes workflows related to shipment coordination while supporting audit visibility, role-based access management, and operational tracking.",The implementation framework maintains configurable workflow rules across customer operating environments.,Customer deployments are managed through standardized implementation procedures across account operating environments.,Usage-based billing; workflow modules; deployment support services,Pricing combines recurring subscription commitments with onboarding and reporting service charges.,"Commercial growth is supported through pilot deployments, sector conferences, and referral relationships.",1808655,6820545,103595,26 months,approved
ApexMetrics,"ApexMetrics operates a workflow platform used by multi-campus training institutes responsible for tenant onboarding. Capital from the current round is allocated toward integration support, implementation staffing, and account expansion activity.",healthtech,series-a,2014007,GBP,"Organizations responsible for tenant onboarding frequently coordinate activity across disconnected systems, vendor portals, and manual reporting workflows.",multi-campus training institutes,$39.6B annual operating market across 20 regions,"The software standardizes workflows related to tenant onboarding while supporting audit visibility, role-based access management, and operational tracking.",The platform supports integration with operational systems commonly used across secondary regional markets.,The implementation framework supports staged account onboarding across distributed operational environments.,Usage-based billing; workflow modules; deployment support services,Customers are billed through annual contracts aligned with usage activity and implementation requirements.,"Commercial growth is supported through pilot deployments, sector conferences, and referral relationships.",496433,1885950,93675,18 months,approved
LatticePilot,LatticePilot provides enterprise software focused on crop purchasing for warehouse operators. The company is raising funding to support regional deployment operations and commercial onboarding capacity.,logistics,idea,8824414,EUR,Teams handling crop purchasing often rely on fragmented operational processes requiring repeated reconciliation between internal systems and external service providers.,warehouse operators,$49.8B annual operating market across 21 regions,"The software standardizes workflows related to crop purchasing while supporting audit visibility, role-based access management, and operational tracking.",The platform supports integration with operational systems commonly used across secondary regional markets.,The implementation framework supports staged account onboarding across distributed operational environments.,Usage-based billing; workflow modules; deployment support services,"Commercial agreements are indexed to deployment scope, transaction activity, and active operating locations.","The company sources accounts through regional implementation partners, outbound sales outreach, and executive referral networks.",426098,8922715,639937,8 months,rejected
IronBase,"IronBase operates a workflow platform used by warehouse operators responsible for tenant onboarding. Capital from the current round is allocated toward integration support, implementation staffing, and account expansion activity.",proptech,idea,4136795,USD,Teams handling tenant onboarding often rely on fragmented operational processes requiring repeated reconciliation between internal systems and external service providers.,warehouse operators,$87.2B annual operating market across 9 regions,The product centralizes operational coordination associated with tenant onboarding into a unified management environment with configurable workflow logic.,The implementation framework maintains configurable workflow rules across customer operating environments.,Deployment operations follow a structured onboarding process across customer operating environments with phased implementation support during rollout.,Recurring software subscriptions; onboarding retainers; reporting modules,Customers are billed through annual contracts aligned with usage activity and implementation requirements.,"The company sources accounts through regional implementation partners, outbound sales outreach, and executive referral networks.",1373982,13517366,310105,7 months,rejected
IronMetrics,"IronMetrics develops operational software for multi-campus training institutes managing vendor reconciliation. The current financing round supports deployment capacity, onboarding operations, and implementation coverage across additional markets.",ecommerce,idea,1240407,GBP,"Organizations responsible for vendor reconciliation frequently coordinate activity across disconnected systems, vendor portals, and manual reporting workflows.",multi-campus training institutes,$95.8B annual operating market across 21 regions,The product centralizes operational coordination associated with vendor reconciliation into a unified management environment with configurable workflow logic.,The deployment architecture supports phased onboarding across distributed customer operating environments.,Customer deployments are managed through standardized implementation procedures across account operating environments.,Recurring software subscriptions; onboarding retainers; reporting modules,Pricing combines recurring subscription commitments with onboarding and reporting service charges.,"The company sources accounts through regional implementation partners, outbound sales outreach, and executive referral networks.",106448,5321310,53479,25 months,approved
ApexLogic,ApexLogic provides enterprise software focused on patient scheduling for warehouse operators. The company is raising funding to support regional deployment operations and commercial onboarding capacity.,logistics,seed,2698538,GBP,"Operational groups managing patient scheduling typically lack centralized visibility across reporting environments, vendor records, and implementation workflows.",warehouse operators,$4.3B annual operating market across 9 regions,"The platform consolidates operational records associated with patient scheduling, synchronizes data across connected systems, and maintains configurable reporting controls.",The platform supports integration with operational systems commonly used across secondary regional markets.,The implementation framework supports staged account onboarding across distributed operational environments.,Usage-based billing; workflow modules; deployment support services,Customers are billed through annual contracts aligned with usage activity and implementation requirements.,"The company sources accounts through regional implementation partners, outbound sales outreach, and executive referral networks.",1876363,15363237,147593,6 months,rejected
AtlasCloud,AtlasCloud provides enterprise software focused on inventory forecasting for warehouse operators. The company is raising funding to support regional deployment operations and commercial onboarding capacity.,saas,series-a,690147,EUR,"Organizations responsible for inventory forecasting frequently coordinate activity across disconnected systems, vendor portals, and manual reporting workflows.",warehouse operators,$58.8B annual operating market across 19 regions,The product centralizes operational coordination associated with inventory forecasting into a unified management environment with configurable workflow logic.,The software includes configurable controls aligned with procurement and reporting requirements.,Customer deployments are managed through standardized implementation procedures across account operating environments.,Recurring software subscriptions; onboarding retainers; reporting modules,Pricing combines recurring subscription commitments with onboarding and reporting service charges.,"The company sources accounts through regional implementation partners, outbound sales outreach, and executive referral networks.",843205,3551885,133792,15 months,approved
AtlasPilot,"AtlasPilot develops operational software for urban transport contractors managing credential verification. The current financing round supports deployment capacity, onboarding operations, and implementation coverage across additional markets.",legaltech,pre-seed,3187871,AED,"Operational groups managing credential verification typically lack centralized visibility across reporting environments, vendor records, and implementation workflows.",urban transport contractors,$79.3B annual operating market across 14 regions,"The platform consolidates operational records associated with credential verification, synchronizes data across connected systems, and maintains configurable reporting controls.",The deployment architecture supports phased onboarding across distributed customer operating environments.,The implementation framework supports staged account onboarding across distributed operational environments.,Usage-based billing; workflow modules; deployment support services,Pricing combines recurring subscription commitments with onboarding and reporting service charges.,"The company sources accounts through regional implementation partners, outbound sales outreach, and executive referral networks.",44758,3107288,111400,17 months,approved
NorthCloud,"NorthCloud operates a workflow platform used by specialty clinics responsible for inventory forecasting. Capital from the current round is allocated toward integration support, implementation staffing, and account expansion activity.",agritech,seed,3966514,AED,"Operational groups managing inventory forecasting typically lack centralized visibility across reporting environments, vendor records, and implementation workflows.",specialty clinics,$70.3B annual operating market across 14 regions,"The platform consolidates operational records associated with inventory forecasting, synchronizes data across connected systems, and maintains configurable reporting controls.",The software includes configurable controls aligned with procurement and reporting requirements.,Deployment operations follow a structured onboarding process across customer operating environments with phased implementation support during rollout.,Recurring software subscriptions; onboarding retainers; reporting modules,Customers are billed through annual contracts aligned with usage activity and implementation requirements.,"The company sources accounts through regional implementation partners, outbound sales outreach, and executive referral networks.",264370,869430,155356,20 months,approved
SummitGrid,"SummitGrid develops operational software for industrial procurement teams managing vendor reconciliation. The current financing round supports deployment capacity, onboarding operations, and implementation coverage across additional markets.",proptech,pre-seed,798448,AED,Teams handling vendor reconciliation often rely on fragmented operational processes requiring repeated reconciliation between internal systems and external service providers.,industrial procurement teams,$51.4B annual operating market across 10 regions,The product centralizes operational coordination associated with vendor reconciliation into a unified management environment with configurable workflow logic.,The implementation framework maintains configurable workflow rules across customer operating environments.,The implementation framework supports staged account onboarding across distributed operational environments.,Annual platform agreements; implementation services; support contracts,Pricing combines recurring subscription commitments with onboarding and reporting service charges.,"The company sources accounts through regional implementation partners, outbound sales outreach, and executive referral networks.",100151,1038971,77967,22 months,approved
HarborLogic,"HarborLogic operates a workflow platform used by commercial property groups responsible for tenant onboarding. Capital from the current round is allocated toward integration support, implementation staffing, and account expansion activity.",ecommerce,seed,2865095,GBP,"Organizations responsible for tenant onboarding frequently coordinate activity across disconnected systems, vendor portals, and manual reporting workflows.",commercial property groups,$5.0B annual operating market across 10 regions,"The software standardizes workflows related to tenant onboarding while supporting audit visibility, role-based access management, and operational tracking.",The implementation framework maintains configurable workflow rules across customer operating environments.,The implementation framework supports staged account onboarding across distributed operational environments.,Usage-based billing; workflow modules; deployment support services,Customers are billed through annual contracts aligned with usage activity and implementation requirements.,"Commercial growth is supported through pilot deployments, sector conferences, and referral relationships.",1787155,8410633,185019,19 months,approved
SummitBridge,SummitBridge provides enterprise software focused on crop purchasing for agricultural exporters. The company is raising funding to support regional deployment operations and commercial onboarding capacity.,ecommerce,pre-seed,6031901,GBP,"Operational groups managing crop purchasing typically lack centralized visibility across reporting environments, vendor records, and implementation workflows.",agricultural exporters,$37.3B annual operating market across 13 regions,"The software standardizes workflows related to crop purchasing while supporting audit visibility, role-based access management, and operational tracking.",The implementation framework maintains configurable workflow rules across customer operating environments.,Deployment operations follow a structured onboarding process across customer operating environments with phased implementation support during rollout.,Usage-based billing; workflow modules; deployment support services,"Commercial agreements are indexed to deployment scope, transaction activity, and active operating locations.","Commercial growth is supported through pilot deployments, sector conferences, and referral relationships.",187734,6414559,779863,7 months,rejected
ApexBridge,"ApexBridge operates a workflow platform used by agricultural exporters responsible for maintenance dispatching. Capital from the current round is allocated toward integration support, implementation staffing, and account expansion activity.",logistics,seed,3096924,GBP,"Operational groups managing maintenance dispatching typically lack centralized visibility across reporting environments, vendor records, and implementation workflows.",agricultural exporters,$47.5B annual operating market across 14 regions,"The software standardizes workflows related to maintenance dispatching while supporting audit visibility, role-based access management, and operational tracking.",The software includes configurable controls aligned with procurement and reporting requirements.,Customer deployments are managed through standardized implementation procedures across account operating environments.,Recurring software subscriptions; onboarding retainers; reporting modules,Pricing combines recurring subscription commitments with onboarding and reporting service charges.,"Customer acquisition relies on procurement referrals, implementation partners, and direct enterprise sales activity.",1047621,4754376,85304,17 months,approved
PioneerSystems,"PioneerSystems develops operational software for regional insurers managing patient scheduling. The current financing round supports deployment capacity, onboarding operations, and implementation coverage across additional markets.",legaltech,seed,2541074,GBP,Teams handling patient scheduling often rely on fragmented operational processes requiring repeated reconciliation between internal systems and external service providers.,regional insurers,$68.5B annual operating market across 20 regions,"The platform consolidates operational records associated with patient scheduling, synchronizes data across connected systems, and maintains configurable reporting controls.",The platform supports integration with operational systems commonly used across secondary regional markets.,Deployment operations follow a structured onboarding process across customer operating environments with phased implementation support during rollout.,Annual platform agreements; implementation services; support contracts,"Commercial agreements are indexed to deployment scope, transaction activity, and active operating locations.","Commercial growth is supported through pilot deployments, sector conferences, and referral relationships.",1526302,4014832,149809,16 months,approved
PioneerCloud,PioneerCloud provides enterprise software focused on vendor reconciliation for regional insurers. The company is raising funding to support regional deployment operations and commercial onboarding capacity.,legaltech,idea,4302788,SGD,"Operational groups managing vendor reconciliation typically lack centralized visibility across reporting environments, vendor records, and implementation workflows.",regional insurers,$60.8B annual operating market across 16 regions,"The platform consolidates operational records associated with vendor reconciliation, synchronizes data across connected systems, and maintains configurable reporting controls.",The platform supports integration with operational systems commonly used across secondary regional markets.,The implementation framework supports staged account onboarding across distributed operational environments.,Recurring software subscriptions; onboarding retainers; reporting modules,Customers are billed through annual contracts aligned with usage activity and implementation requirements.,"Commercial growth is supported through pilot deployments, sector conferences, and referral relationships.",1997208,14844599,461492,6 months,rejected
GraniteLogic,GraniteLogic provides enterprise software focused on shipment coordination for agricultural exporters. The company is raising funding to support regional deployment operations and commercial onboarding capacity.,fintech,idea,4177862,SGD,"Operational groups managing shipment coordination typically lack centralized visibility across reporting environments, vendor records, and implementation workflows.",agricultural exporters,$7.8B annual operating market across 9 regions,"The software standardizes workflows related to shipment coordination while supporting audit visibility, role-based access management, and operational tracking.",The software includes configurable controls aligned with procurement and reporting requirements.,Customer deployments are managed through standardized implementation procedures across account operating environments.,Recurring software subscriptions; onboarding retainers; reporting modules,Pricing combines recurring subscription commitments with onboarding and reporting service charges.,"Commercial growth is supported through pilot deployments, sector conferences, and referral relationships.",1116289,23724857,473537,9 months,rejected
IronSystems,"IronSystems develops operational software for urban transport contractors managing compliance tracking. The current financing round supports deployment capacity, onboarding operations, and implementation coverage across additional markets.",cleantech,series-a,2651764,SGD,"Operational groups managing compliance tracking typically lack centralized visibility across reporting environments, vendor records, and implementation workflows.",urban transport contractors,$72.4B annual operating market across 8 regions,"The software standardizes workflows related to compliance tracking while supporting audit visibility, role-based access management, and operational tracking.",The platform supports integration with operational systems commonly used across secondary regional markets.,Deployment operations follow a structured onboarding process across customer operating environments with phased implementation support during rollout.,Usage-based billing; workflow modules; deployment support services,Customers are billed through annual contracts aligned with usage activity and implementation requirements.,"Customer acquisition relies on procurement referrals, implementation partners, and direct enterprise sales activity.",557110,1260755,167040,20 months,approved
IronBase,"IronBase operates a workflow platform used by agricultural exporters responsible for crop purchasing. Capital from the current round is allocated toward integration support, implementation staffing, and account expansion activity.",healthtech,idea,3571023,USD,Teams handling crop purchasing often rely on fragmented operational processes requiring repeated reconciliation between internal systems and external service providers.,agricultural exporters,$16.5B annual operating market across 18 regions,The product centralizes operational coordination associated with crop purchasing into a unified management environment with configurable workflow logic.,The deployment architecture supports phased onboarding across distributed customer operating environments.,The implementation framework supports staged account onboarding across distributed operational environments.,Recurring software subscriptions; onboarding retainers; reporting modules,Pricing combines recurring subscription commitments with onboarding and reporting service charges.,"The company sources accounts through regional implementation partners, outbound sales outreach, and executive referral networks.",1547132,4669973,142348,17 months,approved
SignalLedger,"SignalLedger operates a workflow platform used by warehouse operators responsible for tenant onboarding. Capital from the current round is allocated toward integration support, implementation staffing, and account expansion activity.",agritech,series-a,945888,SGD,Teams handling tenant onboarding often rely on fragmented operational processes requiring repeated reconciliation between internal systems and external service providers.,warehouse operators,$27.3B annual operating market across 10 regions,"The platform consolidates operational records associated with tenant onboarding, synchronizes data across connected systems, and maintains configurable reporting controls.",The implementation framework maintains configurable workflow rules across customer operating environments.,The implementation framework supports staged account onboarding across distributed operational environments.,Usage-based billing; workflow modules; deployment support services,Pricing combines recurring subscription commitments with onboarding and reporting service charges.,"Commercial growth is supported through pilot deployments, sector conferences, and referral relationships.",1220139,2738154,98075,26 months,approved
AtlasLogic,AtlasLogic provides enterprise software focused on tenant onboarding for multi-campus training institutes. The company is raising funding to support regional deployment operations and commercial onboarding capacity.,edtech,pre-seed,1206681,GBP,"Organizations responsible for tenant onboarding frequently coordinate activity across disconnected systems, vendor portals, and manual reporting workflows.",multi-campus training institutes,$22.3B annual operating market across 8 regions,The product centralizes operational coordination associated with tenant onboarding into a unified management environment with configurable workflow logic.,The platform supports integration with operational systems commonly used across secondary regional markets.,The implementation framework supports staged account onboarding across distributed operational environments.,Annual platform agreements; implementation services; support contracts,"Commercial agreements are indexed to deployment scope, transaction activity, and active operating locations.","Commercial growth is supported through pilot deployments, sector conferences, and referral relationships.",755641,3030205,187096,21 months,approved
GraniteWorks,"GraniteWorks develops operational software for warehouse operators managing compliance tracking. The current financing round supports deployment capacity, onboarding operations, and implementation coverage across additional markets.",saas,pre-seed,6389073,SGD,"Operational groups managing compliance tracking typically lack centralized visibility across reporting environments, vendor records, and implementation workflows.",warehouse operators,$12.3B annual operating market across 8 regions,The product centralizes operational coordination associated with compliance tracking into a unified management environment with configurable workflow logic.,The implementation framework maintains configurable workflow rules across customer operating environments.,The implementation framework supports staged account onboarding across distributed operational environments.,Usage-based billing; workflow modules; deployment support services,Customers are billed through annual contracts aligned with usage activity and implementation requirements.,"Customer acquisition relies on procurement referrals, implementation partners, and direct enterprise sales activity.",421984,8247115,714370,10 months,rejected
HarborLedger,"HarborLedger develops operational software for warehouse operators managing vendor reconciliation. The current financing round supports deployment capacity, onboarding operations, and implementation coverage across additional markets.",saas,idea,3589065,GBP,"Operational groups managing vendor reconciliation typically lack centralized visibility across reporting environments, vendor records, and implementation workflows.",warehouse operators,$90.7B annual operating market across 11 regions,The product centralizes operational coordination associated with vendor reconciliation into a unified management environment with configurable workflow logic.,The implementation framework maintains configurable workflow rules across customer operating environments.,Deployment operations follow a structured onboarding process across customer operating environments with phased implementation support during rollout.,Recurring software subscriptions; onboarding retainers; reporting modules,Pricing combines recurring subscription commitments with onboarding and reporting service charges.,"Customer acquisition relies on procurement referrals, implementation partners, and direct enterprise sales activity.",1274362,5672454,175896,14 months,approved
HarborLogic,"HarborLogic operates a workflow platform used by commercial property groups responsible for tenant onboarding. Capital from the current round is allocated toward integration support, implementation staffing, and account expansion activity.",ecommerce,seed,9209565,GBP,"Organizations responsible for tenant onboarding frequently coordinate activity across disconnected systems, vendor portals, and manual reporting workflows.",commercial property groups,$5.0B annual operating market across 10 regions,"The software standardizes workflows related to tenant onboarding while supporting audit visibility, role-based access management, and operational tracking.",The implementation framework maintains configurable workflow rules across customer operating environments.,The implementation framework supports staged account onboarding across distributed operational environments.,Usage-based billing; workflow modules; deployment support services,Customers are billed through annual contracts aligned with usage activity and implementation requirements.,"Commercial growth is supported through pilot deployments, sector conferences, and referral relationships.",989125,8860724,519233,5 months,rejected
SummitMetrics,"SummitMetrics develops operational software for independent legal practices managing crop purchasing. The current financing round supports deployment capacity, onboarding operations, and implementation coverage across additional markets.",cleantech,pre-seed,3295156,GBP,"Operational groups managing crop purchasing typically lack centralized visibility across reporting environments, vendor records, and implementation workflows.",independent legal practices,$78.7B annual operating market across 20 regions,"The platform consolidates operational records associated with crop purchasing, synchronizes data across connected systems, and maintains configurable reporting controls.",The deployment architecture supports phased onboarding across distributed customer operating environments.,The implementation framework supports staged account onboarding across distributed operational environments.,Annual platform agreements; implementation services; support contracts,"Commercial agreements are indexed to deployment scope, transaction activity, and active operating locations.","Commercial growth is supported through pilot deployments, sector conferences, and referral relationships.",2383577,11802341,55183,21 months,approved
GraniteBridge,GraniteBridge provides enterprise software focused on patient scheduling for specialty clinics. The company is raising funding to support regional deployment operations and commercial onboarding capacity.,edtech,idea,3392995,USD,"Operational groups managing patient scheduling typically lack centralized visibility across reporting environments, vendor records, and implementation workflows.",specialty clinics,$53.3B annual operating market across 15 regions,"The platform consolidates operational records associated with patient scheduling, synchronizes data across connected systems, and maintains configurable reporting controls.",The deployment architecture supports phased onboarding across distributed customer operating environments.,Deployment operations follow a structured onboarding process across customer operating environments with phased implementation support during rollout.,Annual platform agreements; implementation services; support contracts,Customers are billed through annual contracts aligned with usage activity and implementation requirements.,"Commercial growth is supported through pilot deployments, sector conferences, and referral relationships.",681310,1832209,147534,22 months,approved
DeltaLedger,DeltaLedger provides enterprise software focused on tenant onboarding for multi-campus training institutes. The company is raising funding to support regional deployment operations and commercial onboarding capacity.,proptech,seed,5507724,EUR,Teams handling tenant onboarding often rely on fragmented operational processes requiring repeated reconciliation between internal systems and external service providers.,multi-campus training institutes,$90.9B annual operating market across 14 regions,The product centralizes operational coordination associated with tenant onboarding into a unified management environment with configurable workflow logic.,The deployment architecture supports phased onboarding across distributed customer operating environments.,The implementation framework supports staged account onboarding across distributed operational environments.,Recurring software subscriptions; onboarding retainers; reporting modules,Customers are billed through annual contracts aligned with usage activity and implementation requirements.,"The company sources accounts through regional implementation partners, outbound sales outreach, and executive referral networks.",1201367,14849682,580110,3 months,rejected
PioneerWorks,"PioneerWorks operates a workflow platform used by regional insurers responsible for credential verification. Capital from the current round is allocated toward integration support, implementation staffing, and account expansion activity.",proptech,idea,7741911,SGD,Teams handling credential verification often rely on fragmented operational processes requiring repeated reconciliation between internal systems and external service providers.,regional insurers,$31.1B annual operating market across 20 regions,The product centralizes operational coordination associated with credential verification into a unified management environment with configurable workflow logic.,The deployment architecture supports phased onboarding across distributed customer operating environments.,Deployment operations follow a structured onboarding process across customer operating environments with phased implementation support during rollout.,Usage-based billing; workflow modules; deployment support services,"Commercial agreements are indexed to deployment scope, transaction activity, and active operating locations.","Commercial growth is supported through pilot deployments, sector conferences, and referral relationships.",1599953,18646466,222293,4 months,rejected
HarborFlow,"HarborFlow operates a workflow platform used by retail distribution chains responsible for vendor reconciliation. Capital from the current round is allocated toward integration support, implementation staffing, and account expansion activity.",legaltech,idea,7489191,EUR,"Operational groups managing vendor reconciliation typically lack centralized visibility across reporting environments, vendor records, and implementation workflows.",retail distribution chains,$35.9B annual operating market across 13 regions,"The software standardizes workflows related to vendor reconciliation while supporting audit visibility, role-based access management, and operational tracking.",The deployment architecture supports phased onboarding across distributed customer operating environments.,Customer deployments are managed through standardized implementation procedures across account operating environments.,Usage-based billing; workflow modules; deployment support services,"Commercial agreements are indexed to deployment scope, transaction activity, and active operating locations.","Customer acquisition relies on procurement referrals, implementation partners, and direct enterprise sales activity.",1052660,14767422,218391,4 months,rejected
HarborWorks,HarborWorks provides enterprise software focused on crop purchasing for retail distribution chains. The company is raising funding to support regional deployment operations and commercial onboarding capacity.,fintech,idea,3928299,AED,Teams handling crop purchasing often rely on fragmented operational processes requiring repeated reconciliation between internal systems and external service providers.,retail distribution chains,$55.7B annual operating market across 11 regions,"The software standardizes workflows related to crop purchasing while supporting audit visibility, role-based access management, and operational tracking.",The implementation framework maintains configurable workflow rules across customer operating environments.,Deployment operations follow a structured onboarding process across customer operating environments with phased implementation support during rollout.,Usage-based billing; workflow modules; deployment support services,Pricing combines recurring subscription commitments with onboarding and reporting service charges.,"Customer acquisition relies on procurement referrals, implementation partners, and direct enterprise sales activity.",105590,4335875,126757,21 months,approved
AtlasFlow,"AtlasFlow develops operational software for warehouse operators managing maintenance dispatching. The current financing round supports deployment capacity, onboarding operations, and implementation coverage across additional markets.",agritech,series-a,933729,EUR,"Organizations responsible for maintenance dispatching frequently coordinate activity across disconnected systems, vendor portals, and manual reporting workflows.",warehouse operators,$94.2B annual operating market across 21 regions,"The software standardizes workflows related to maintenance dispatching while supporting audit visibility, role-based access management, and operational tracking.",The software includes configurable controls aligned with procurement and reporting requirements.,Customer deployments are managed through standardized implementation procedures across account operating environments.,Annual platform agreements; implementation services; support contracts,"Commercial agreements are indexed to deployment scope, transaction activity, and active operating locations.","The company sources accounts through regional implementation partners, outbound sales outreach, and executive referral networks.",156464,6926139,74220,21 months,approved
NorthCloud,"NorthCloud operates a workflow platform used by regional insurers responsible for crop purchasing. Capital from the current round is allocated toward integration support, implementation staffing, and account expansion activity.",ecommerce,idea,2995955,SGD,"Organizations responsible for crop purchasing frequently coordinate activity across disconnected systems, vendor portals, and manual reporting workflows.",regional insurers,$57.2B annual operating market across 7 regions,"The platform consolidates operational records associated with crop purchasing, synchronizes data across connected systems, and maintains configurable reporting controls.",The platform supports integration with operational systems commonly used across secondary regional markets.,Customer deployments are managed through standardized implementation procedures across account operating environments.,Annual platform agreements; implementation services; support contracts,Customers are billed through annual contracts aligned with usage activity and implementation requirements.,"Customer acquisition relies on procurement referrals, implementation partners, and direct enterprise sales activity.",633114,20261537,344781,6 months,rejected
LatticeCloud,"LatticeCloud develops operational software for multi-campus training institutes managing vendor reconciliation. The current financing round supports deployment capacity, onboarding operations, and implementation coverage across additional markets.",edtech,series-a,983961,EUR,Teams handling vendor reconciliation often rely on fragmented operational processes requiring repeated reconciliation between internal systems and external service providers.,multi-campus training institutes,$56.8B annual operating market across 8 regions,The product centralizes operational coordination associated with vendor reconciliation into a unified management environment with configurable workflow logic.,The platform supports integration with operational systems commonly used across secondary regional markets.,Customer deployments are managed through standardized implementation procedures across account operating environments.,Usage-based billing; workflow modules; deployment support services,"Commercial agreements are indexed to deployment scope, transaction activity, and active operating locations.","The company sources accounts through regional implementation partners, outbound sales outreach, and executive referral networks.",1296660,5931207,140102,23 months,approved
GraniteMetrics,"GraniteMetrics operates a workflow platform used by commercial property groups responsible for maintenance dispatching. Capital from the current round is allocated toward integration support, implementation staffing, and account expansion activity.",edtech,pre-seed,511892,SGD,Teams handling maintenance dispatching often rely on fragmented operational processes requiring repeated reconciliation between internal systems and external service providers.,commercial property groups,$54.4B annual operating market across 7 regions,"The platform consolidates operational records associated with maintenance dispatching, synchronizes data across connected systems, and maintains configurable reporting controls.",The deployment architecture supports phased onboarding across distributed customer operating environments.,Customer deployments are managed through standardized implementation procedures across account operating environments.,Recurring software subscriptions; onboarding retainers; reporting modules,Customers are billed through annual contracts aligned with usage activity and implementation requirements.,"Customer acquisition relies on procurement referrals, implementation partners, and direct enterprise sales activity.",170128,4320180,174317,19 months,approved
ApexCloud,"ApexCloud operates a workflow platform used by agricultural exporters responsible for crop purchasing. Capital from the current round is allocated toward integration support, implementation staffing, and account expansion activity.",agritech,idea,2713910,AED,Teams handling crop purchasing often rely on fragmented operational processes requiring repeated reconciliation between internal systems and external service providers.,agricultural exporters,$70.3B annual operating market across 14 regions,"The platform consolidates operational records associated with crop purchasing, synchronizes data across connected systems, and maintains configurable reporting controls.",The platform supports integration with operational systems commonly used across secondary regional markets.,Deployment operations follow a structured onboarding process across customer operating environments with phased implementation support during rollout.,Usage-based billing; workflow modules; deployment support services,Customers are billed through annual contracts aligned with usage activity and implementation requirements.,"Customer acquisition relies on procurement referrals, implementation partners, and direct enterprise sales activity.",323163,2604559,602718,7 months,rejected
GraniteCore,"GraniteCore operates a workflow platform used by urban transport contractors responsible for credential verification. Capital from the current round is allocated toward integration support, implementation staffing, and account expansion activity.",logistics,series-a,8146461,EUR,"Operational groups managing credential verification typically lack centralized visibility across reporting environments, vendor records, and implementation workflows.",urban transport contractors,$15.1B annual operating market across 18 regions,"The platform consolidates operational records associated with credential verification, synchronizes data across connected systems, and maintains configurable reporting controls.",The implementation framework maintains configurable workflow rules across customer operating environments.,Customer deployments are managed through standardized implementation procedures across account operating environments.,Annual platform agreements; implementation services; support contracts,Customers are billed through annual contracts aligned with usage activity and implementation requirements.,"The company sources accounts through regional implementation partners, outbound sales outreach, and executive referral networks.",875995,19613548,235116,3 months,rejected
AtlasWorks,"AtlasWorks develops operational software for specialty clinics managing compliance tracking. The current financing round supports deployment capacity, onboarding operations, and implementation coverage across additional markets.",proptech,pre-seed,538220,GBP,"Operational groups managing compliance tracking typically lack centralized visibility across reporting environments, vendor records, and implementation workflows.",specialty clinics,$4.7B annual operating market across 17 regions,"The platform consolidates operational records associated with compliance tracking, synchronizes data across connected systems, and maintains configurable reporting controls.",The deployment architecture supports phased onboarding across distributed customer operating environments.,Deployment operations follow a structured onboarding process across customer operating environments with phased implementation support during rollout.,Recurring software subscriptions; onboarding retainers; reporting modules,Customers are billed through annual contracts aligned with usage activity and implementation requirements.,"Customer acquisition relies on procurement referrals, implementation partners, and direct enterprise sales activity.",690373,2157221,127102,22 months,approved
NorthLedger,"NorthLedger develops operational software for commercial property groups managing credential verification. The current financing round supports deployment capacity, onboarding operations, and implementation coverage across additional markets.",saas,pre-seed,1649785,EUR,"Organizations responsible for credential verification frequently coordinate activity across disconnected systems, vendor portals, and manual reporting workflows.",commercial property groups,$43.4B annual operating market across 22 regions,"The platform consolidates operational records associated with credential verification, synchronizes data across connected systems, and maintains configurable reporting controls.",The implementation framework maintains configurable workflow rules across customer operating environments.,Deployment operations follow a structured onboarding process across customer operating environments with phased implementation support during rollout.,Usage-based billing; workflow modules; deployment support services,"Commercial agreements are indexed to deployment scope, transaction activity, and active operating locations.","Customer acquisition relies on procurement referrals, implementation partners, and direct enterprise sales activity.",2046521,10087335,142590,15 months,approved
ApexLogic,ApexLogic provides enterprise software focused on vendor reconciliation for regional insurers. The company is raising funding to support regional deployment operations and commercial onboarding capacity.,healthtech,seed,5304817,USD,"Operational groups managing vendor reconciliation typically lack centralized visibility across reporting environments, vendor records, and implementation workflows.",regional insurers,$63.7B annual operating market across 17 regions,"The platform consolidates operational records associated with vendor reconciliation, synchronizes data across connected systems, and maintains configurable reporting controls.",The platform supports integration with operational systems commonly used across secondary regional markets.,Customer deployments are managed through standardized implementation procedures across account operating environments.,Recurring software subscriptions; onboarding retainers; reporting modules,"Commercial agreements are indexed to deployment scope, transaction activity, and active operating locations.","The company sources accounts through regional implementation partners, outbound sales outreach, and executive referral networks.",2520212,24361385,184310,3 months,rejected
IronBase,IronBase provides enterprise software focused on compliance tracking for specialty clinics. The company is raising funding to support regional deployment operations and commercial onboarding capacity.,ecommerce,series-a,2428332,USD,Teams handling compliance tracking often rely on fragmented operational processes requiring repeated reconciliation between internal systems and external service providers.,specialty clinics,$35.7B annual operating market across 8 regions,"The software standardizes workflows related to compliance tracking while supporting audit visibility, role-based access management, and operational tracking.",The platform supports integration with operational systems commonly used across secondary regional markets.,Deployment operations follow a structured onboarding process across customer operating environments with phased implementation support during rollout.,Recurring software subscriptions; onboarding retainers; reporting modules,"Commercial agreements are indexed to deployment scope, transaction activity, and active operating locations.","Customer acquisition relies on procurement referrals, implementation partners, and direct enterprise sales activity.",176875,3724125,116509,15 months,approved
HarborLogic,HarborLogic provides enterprise software focused on maintenance dispatching for warehouse operators. The company is raising funding to support regional deployment operations and commercial onboarding capacity.,saas,pre-seed,4009363,AED,Teams handling maintenance dispatching often rely on fragmented operational processes requiring repeated reconciliation between internal systems and external service providers.,warehouse operators,$48.4B annual operating market across 15 regions,"The software standardizes workflows related to maintenance dispatching while supporting audit visibility, role-based access management, and operational tracking.",The implementation framework maintains configurable workflow rules across customer operating environments.,The implementation framework supports staged account onboarding across distributed operational environments.,Annual platform agreements; implementation services; support contracts,Customers are billed through annual contracts aligned with usage activity and implementation requirements.,"Commercial growth is supported through pilot deployments, sector conferences, and referral relationships.",462872,8643882,480579,8 months,rejected
AtlasBridge,AtlasBridge provides enterprise software focused on vendor reconciliation for agricultural exporters. The company is raising funding to support regional deployment operations and commercial onboarding capacity.,saas,seed,7063149,EUR,"Organizations responsible for vendor reconciliation frequently coordinate activity across disconnected systems, vendor portals, and manual reporting workflows.",agricultural exporters,$36.5B annual operating market across 7 regions,"The software standardizes workflows related to vendor reconciliation while supporting audit visibility, role-based access management, and operational tracking.",The deployment architecture supports phased onboarding across distributed customer operating environments.,Customer deployments are managed through standardized implementation procedures across account operating environments.,Recurring software subscriptions; onboarding retainers; reporting modules,Pricing combines recurring subscription commitments with onboarding and reporting service charges.,"Commercial growth is supported through pilot deployments, sector conferences, and referral relationships.",971817,13462992,676546,7 months,rejected
GraniteCore,GraniteCore provides enterprise software focused on maintenance dispatching for retail distribution chains. The company is raising funding to support regional deployment operations and commercial onboarding capacity.,agritech,series-a,3062607,EUR,"Operational groups managing maintenance dispatching typically lack centralized visibility across reporting environments, vendor records, and implementation workflows.",retail distribution chains,$58.6B annual operating market across 12 regions,"The software standardizes workflows related to maintenance dispatching while supporting audit visibility, role-based access management, and operational tracking.",The implementation framework maintains configurable workflow rules across customer operating environments.,Customer deployments are managed through standardized implementation procedures across account operating environments.,Recurring software subscriptions; onboarding retainers; reporting modules,Customers are billed through annual contracts aligned with usage activity and implementation requirements.,"Commercial growth is supported through pilot deployments, sector conferences, and referral relationships.",1783959,5332929,181883,15 months,approved
PioneerCloud,"PioneerCloud develops operational software for warehouse operators managing crop purchasing. The current financing round supports deployment capacity, onboarding operations, and implementation coverage across additional markets.",edtech,seed,4946097,SGD,"Operational groups managing crop purchasing typically lack centralized visibility across reporting environments, vendor records, and implementation workflows.",warehouse operators,$76.0B annual operating market across 5 regions,The product centralizes operational coordination associated with crop purchasing into a unified management environment with configurable workflow logic.,The deployment architecture supports phased onboarding across distributed customer operating environments.,The implementation framework supports staged account onboarding across distributed operational environments.,Annual platform agreements; implementation services; support contracts,"Commercial agreements are indexed to deployment scope, transaction activity, and active operating locations.","Customer acquisition relies on procurement referrals, implementation partners, and direct enterprise sales activity.",214453,14908393,556590,3 months,rejected
HarborFlow,"HarborFlow develops operational software for multi-campus training institutes managing crop purchasing. The current financing round supports deployment capacity, onboarding operations, and implementation coverage across additional markets.",agritech,idea,1780247,EUR,"Operational groups managing crop purchasing typically lack centralized visibility across reporting environments, vendor records, and implementation workflows.",multi-campus training institutes,$32.1B annual operating market across 17 regions,"The platform consolidates operational records associated with crop purchasing, synchronizes data across connected systems, and maintains configurable reporting controls.",The implementation framework maintains configurable workflow rules across customer operating environments.,Customer deployments are managed through standardized implementation procedures across account operating environments.,Recurring software subscriptions; onboarding retainers; reporting modules,Customers are billed through annual contracts aligned with usage activity and implementation requirements.,"The company sources accounts through regional implementation partners, outbound sales outreach, and executive referral networks.",100579,356508,69397,17 months,approved
NorthSystems,NorthSystems provides enterprise software focused on maintenance dispatching for agricultural exporters. The company is raising funding to support regional deployment operations and commercial onboarding capacity.,agritech,idea,8790648,GBP,"Organizations responsible for maintenance dispatching frequently coordinate activity across disconnected systems, vendor portals, and manual reporting workflows.",agricultural exporters,$83.9B annual operating market across 9 regions,"The software standardizes workflows related to maintenance dispatching while supporting audit visibility, role-based access management, and operational tracking.",The platform supports integration with operational systems commonly used across secondary regional markets.,Customer deployments are managed through standardized implementation procedures across account operating environments.,Usage-based billing; workflow modules; deployment support services,Customers are billed through annual contracts aligned with usage activity and implementation requirements.,"Commercial growth is supported through pilot deployments, sector conferences, and referral relationships.",1870373,28136327,404214,7 months,rejected
VectorFlow,"VectorFlow operates a workflow platform used by regional insurers responsible for maintenance dispatching. Capital from the current round is allocated toward integration support, implementation staffing, and account expansion activity.",cleantech,idea,5385217,SGD,Teams handling maintenance dispatching often rely on fragmented operational processes requiring repeated reconciliation between internal systems and external service providers.,regional insurers,$81.7B annual operating market across 8 regions,The product centralizes operational coordination associated with maintenance dispatching into a unified management environment with configurable workflow logic.,The implementation framework maintains configurable workflow rules across customer operating environments.,Deployment operations follow a structured onboarding process across customer operating environments with phased implementation support during rollout.,Annual platform agreements; implementation services; support contracts,Customers are billed through annual contracts aligned with usage activity and implementation requirements.,"Customer acquisition relies on procurement referrals, implementation partners, and direct enterprise sales activity.",990438,22073151,860210,6 months,rejected
ApexWorks,ApexWorks provides enterprise software focused on patient scheduling for agricultural exporters. The company is raising funding to support regional deployment operations and commercial onboarding capacity.,proptech,pre-seed,2399051,USD,"Operational groups managing patient scheduling typically lack centralized visibility across reporting environments, vendor records, and implementation workflows.",agricultural exporters,$37.4B annual operating market across 12 regions,The product centralizes operational coordination associated with patient scheduling into a unified management environment with configurable workflow logic.,The software includes configurable controls aligned with procurement and reporting requirements.,Deployment operations follow a structured onboarding process across customer operating environments with phased implementation support during rollout.,Usage-based billing; workflow modules; deployment support services,"Commercial agreements are indexed to deployment scope, transaction activity, and active operating locations.","Customer acquisition relies on procurement referrals, implementation partners, and direct enterprise sales activity.",618823,3061333,136152,25 months,approved
DeltaPilot,"DeltaPilot develops operational software for commercial property groups managing maintenance dispatching. The current financing round supports deployment capacity, onboarding operations, and implementation coverage across additional markets.",saas,idea,9242628,EUR,"Organizations responsible for maintenance dispatching frequently coordinate activity across disconnected systems, vendor portals, and manual reporting workflows.",commercial property groups,$19.0B annual operating market across 19 regions,"The software standardizes workflows related to maintenance dispatching while supporting audit visibility, role-based access management, and operational tracking.",The implementation framework maintains configurable workflow rules across customer operating environments.,Deployment operations follow a structured onboarding process across customer operating environments with phased implementation support during rollout.,Recurring software subscriptions; onboarding retainers; reporting modules,Pricing combines recurring subscription commitments with onboarding and reporting service charges.,"Customer acquisition relies on procurement referrals, implementation partners, and direct enterprise sales activity.",41534,8910862,301197,4 months,rejected
IronBase,"IronBase operates a workflow platform used by warehouse operators responsible for tenant onboarding. Capital from the current round is allocated toward integration support, implementation staffing, and account expansion activity.",proptech,idea,3868700,USD,Teams handling tenant onboarding often rely on fragmented operational processes requiring repeated reconciliation between internal systems and external service providers.,warehouse operators,$87.2B annual operating market across 9 regions,The product centralizes operational coordination associated with tenant onboarding into a unified management environment with configurable workflow logic.,The implementation framework maintains configurable workflow rules across customer operating environments.,Deployment operations follow a structured onboarding process across customer operating environments with phased implementation support during rollout.,Recurring software subscriptions; onboarding retainers; reporting modules,Customers are billed through annual contracts aligned with usage activity and implementation requirements.,"The company sources accounts through regional implementation partners, outbound sales outreach, and executive referral networks.",716141,3112477,51933,19 months,approved
SummitLedger,SummitLedger provides enterprise software focused on patient scheduling for regional insurers. The company is raising funding to support regional deployment operations and commercial onboarding capacity.,ecommerce,seed,4081866,USD,"Operational groups managing patient scheduling typically lack centralized visibility across reporting environments, vendor records, and implementation workflows.",regional insurers,$12.6B annual operating market across 22 regions,"The platform consolidates operational records associated with patient scheduling, synchronizes data across connected systems, and maintains configurable reporting controls.",The deployment architecture supports phased onboarding across distributed customer operating environments.,The implementation framework supports staged account onboarding across distributed operational environments.,Recurring software subscriptions; onboarding retainers; reporting modules,"Commercial agreements are indexed to deployment scope, transaction activity, and active operating locations.","The company sources accounts through regional implementation partners, outbound sales outreach, and executive referral networks.",440451,16874697,595849,4 months,rejected
NorthBridge,NorthBridge provides enterprise software focused on claims intake for independent legal practices. The company is raising funding to support regional deployment operations and commercial onboarding capacity.,healthtech,series-a,6764056,USD,"Operational groups managing claims intake typically lack centralized visibility across reporting environments, vendor records, and implementation workflows.",independent legal practices,$92.6B annual operating market across 11 regions,The product centralizes operational coordination associated with claims intake into a unified management environment with configurable workflow logic.,The deployment architecture supports phased onboarding across distributed customer operating environments.,Customer deployments are managed through standardized implementation procedures across account operating environments.,Recurring software subscriptions; onboarding retainers; reporting modules,"Commercial agreements are indexed to deployment scope, transaction activity, and active operating locations.","Commercial growth is supported through pilot deployments, sector conferences, and referral relationships.",1694774,14054926,237501,6 months,rejected
PioneerLedger,"PioneerLedger develops operational software for industrial procurement teams managing shipment coordination. The current financing round supports deployment capacity, onboarding operations, and implementation coverage across additional markets.",saas,seed,1963176,SGD,"Operational groups managing shipment coordination typically lack centralized visibility across reporting environments, vendor records, and implementation workflows.",industrial procurement teams,$46.0B annual operating market across 16 regions,"The platform consolidates operational records associated with shipment coordination, synchronizes data across connected systems, and maintains configurable reporting controls.",The platform supports integration with operational systems commonly used across secondary regional markets.,Customer deployments are managed through standardized implementation procedures across account operating environments.,Usage-based billing; workflow modules; deployment support services,Pricing combines recurring subscription commitments with onboarding and reporting service charges.,"Customer acquisition relies on procurement referrals, implementation partners, and direct enterprise sales activity.",635,4888286,74313,23 months,approved
VectorSystems,"VectorSystems develops operational software for retail distribution chains managing vendor reconciliation. The current financing round supports deployment capacity, onboarding operations, and implementation coverage across additional markets.",agritech,seed,1195564,AED,Teams handling vendor reconciliation often rely on fragmented operational processes requiring repeated reconciliation between internal systems and external service providers.,retail distribution chains,$68.6B annual operating market across 8 regions,"The software standardizes workflows related to vendor reconciliation while supporting audit visibility, role-based access management, and operational tracking.",The implementation framework maintains configurable workflow rules across customer operating environments.,Deployment operations follow a structured onboarding process across customer operating environments with phased implementation support during rollout.,Annual platform agreements; implementation services; support contracts,Pricing combines recurring subscription commitments with onboarding and reporting service charges.,"The company sources accounts through regional implementation partners, outbound sales outreach, and executive referral networks.",200797,700545,62302,27 months,approved
IronBase,IronBase provides enterprise software focused on vendor reconciliation for warehouse operators. The company is raising funding to support regional deployment operations and commercial onboarding capacity.,proptech,series-a,1908900,SGD,"Organizations responsible for vendor reconciliation frequently coordinate activity across disconnected systems, vendor portals, and manual reporting workflows.",warehouse operators,$13.8B annual operating market across 8 regions,"The platform consolidates operational records associated with vendor reconciliation, synchronizes data across connected systems, and maintains configurable reporting controls.",The deployment architecture supports phased onboarding across distributed customer operating environments.,Customer deployments are managed through standardized implementation procedures across account operating environments.,Annual platform agreements; implementation services; support contracts,Pricing combines recurring subscription commitments with onboarding and reporting service charges.,"Customer acquisition relies on procurement referrals, implementation partners, and direct enterprise sales activity.",1723049,7100355,112663,26 months,approved
NorthPilot,"NorthPilot develops operational software for specialty clinics managing shipment coordination. The current financing round supports deployment capacity, onboarding operations, and implementation coverage across additional markets.",edtech,idea,1062920,GBP,"Organizations responsible for shipment coordination frequently coordinate activity across disconnected systems, vendor portals, and manual reporting workflows.",specialty clinics,$24.7B annual operating market across 15 regions,"The platform consolidates operational records associated with shipment coordination, synchronizes data across connected systems, and maintains configurable reporting controls.",The implementation framework maintains configurable workflow rules across customer operating environments.,Deployment operations follow a structured onboarding process across customer operating environments with phased implementation support during rollout.,Usage-based billing; workflow modules; deployment support services,Customers are billed through annual contracts aligned with usage activity and implementation requirements.,"Customer acquisition relies on procurement referrals, implementation partners, and direct enterprise sales activity.",469682,1220917,108514,19 months,approved
SummitCloud,"SummitCloud develops operational software for regional insurers managing maintenance dispatching. The current financing round supports deployment capacity, onboarding operations, and implementation coverage across additional markets.",proptech,idea,1998745,GBP,"Operational groups managing maintenance dispatching typically lack centralized visibility across reporting environments, vendor records, and implementation workflows.",regional insurers,$64.2B annual operating market across 22 regions,"The software standardizes workflows related to maintenance dispatching while supporting audit visibility, role-based access management, and operational tracking.",The platform supports integration with operational systems commonly used across secondary regional markets.,The implementation framework supports staged account onboarding across distributed operational environments.,Annual platform agreements; implementation services; support contracts,Customers are billed through annual contracts aligned with usage activity and implementation requirements.,"The company sources accounts through regional implementation partners, outbound sales outreach, and executive referral networks.",958253,2380049,166096,21 months,approved
IronSystems,"IronSystems operates a workflow platform used by commercial property groups responsible for inventory forecasting. Capital from the current round is allocated toward integration support, implementation staffing, and account expansion activity.",agritech,pre-seed,385755,SGD,Teams handling inventory forecasting often rely on fragmented operational processes requiring repeated reconciliation between internal systems and external service providers.,commercial property groups,$46.9B annual operating market across 16 regions,"The software standardizes workflows related to inventory forecasting while supporting audit visibility, role-based access management, and operational tracking.",The platform supports integration with operational systems commonly used across secondary regional markets.,Customer deployments are managed through standardized implementation procedures across account operating environments.,Usage-based billing; workflow modules; deployment support services,Pricing combines recurring subscription commitments with onboarding and reporting service charges.,"Customer acquisition relies on procurement referrals, implementation partners, and direct enterprise sales activity.",2147570,10650636,62729,28 months,approved
NorthSystems,"NorthSystems develops operational software for retail distribution chains managing credential verification. The current financing round supports deployment capacity, onboarding operations, and implementation coverage across additional markets.",ecommerce,pre-seed,2696131,GBP,"Organizations responsible for credential verification frequently coordinate activity across disconnected systems, vendor portals, and manual reporting workflows.",retail distribution chains,$13.9B annual operating market across 22 regions,"The platform consolidates operational records associated with credential verification, synchronizes data across connected systems, and maintains configurable reporting controls.",The implementation framework maintains configurable workflow rules across customer operating environments.,Customer deployments are managed through standardized implementation procedures across account operating environments.,Usage-based billing; workflow modules; deployment support services,"Commercial agreements are indexed to deployment scope, transaction activity, and active operating locations.","Customer acquisition relies on procurement referrals, implementation partners, and direct enterprise sales activity.",401780,1116182,40807,24 months,approved
IronCore,IronCore provides enterprise software focused on crop purchasing for independent legal practices. The company is raising funding to support regional deployment operations and commercial onboarding capacity.,fintech,series-a,7499556,SGD,"Organizations responsible for crop purchasing frequently coordinate activity across disconnected systems, vendor portals, and manual reporting workflows.",independent legal practices,$68.3B annual operating market across 10 regions,"The software standardizes workflows related to crop purchasing while supporting audit visibility, role-based access management, and operational tracking.",The platform supports integration with operational systems commonly used across secondary regional markets.,Deployment operations follow a structured onboarding process across customer operating environments with phased implementation support during rollout.,Annual platform agreements; implementation services; support contracts,"Commercial agreements are indexed to deployment scope, transaction activity, and active operating locations.","Customer acquisition relies on procurement referrals, implementation partners, and direct enterprise sales activity.",2122360,20755279,708041,8 months,rejected
IronLedger,"IronLedger operates a workflow platform used by commercial property groups responsible for shipment coordination. Capital from the current round is allocated toward integration support, implementation staffing, and account expansion activity.",logistics,seed,9400590,SGD,"Organizations responsible for shipment coordination frequently coordinate activity across disconnected systems, vendor portals, and manual reporting workflows.",commercial property groups,$71.6B annual operating market across 12 regions,The product centralizes operational coordination associated with shipment coordination into a unified management environment with configurable workflow logic.,The platform supports integration with operational systems commonly used across secondary regional markets.,Customer deployments are managed through standardized implementation procedures across account operating environments.,Annual platform agreements; implementation services; support contracts,"Commercial agreements are indexed to deployment scope, transaction activity, and active operating locations.","Commercial growth is supported through pilot deployments, sector conferences, and referral relationships.",934454,340728,161659,10 months,rejected
NorthLogic,NorthLogic provides enterprise software focused on compliance tracking for warehouse operators. The company is raising funding to support regional deployment operations and commercial onboarding capacity.,healthtech,seed,2415579,GBP,"Operational groups managing compliance tracking typically lack centralized visibility across reporting environments, vendor records, and implementation workflows.",warehouse operators,$39.1B annual operating market across 22 regions,"The software standardizes workflows related to compliance tracking while supporting audit visibility, role-based access management, and operational tracking.",The software includes configurable controls aligned with procurement and reporting requirements.,Deployment operations follow a structured onboarding process across customer operating environments with phased implementation support during rollout.,Recurring software subscriptions; onboarding retainers; reporting modules,Pricing combines recurring subscription commitments with onboarding and reporting service charges.,"Customer acquisition relies on procurement referrals, implementation partners, and direct enterprise sales activity.",56179,3619290,112178,27 months,approved
IronMetrics,"IronMetrics develops operational software for multi-campus training institutes managing vendor reconciliation. The current financing round supports deployment capacity, onboarding operations, and implementation coverage across additional markets.",ecommerce,idea,7538361,GBP,"Organizations responsible for vendor reconciliation frequently coordinate activity across disconnected systems, vendor portals, and manual reporting workflows.",multi-campus training institutes,$95.8B annual operating market across 21 regions,The product centralizes operational coordination associated with vendor reconciliation into a unified management environment with configurable workflow logic.,The deployment architecture supports phased onboarding across distributed customer operating environments.,Customer deployments are managed through standardized implementation procedures across account operating environments.,Recurring software subscriptions; onboarding retainers; reporting modules,Pricing combines recurring subscription commitments with onboarding and reporting service charges.,"The company sources accounts through regional implementation partners, outbound sales outreach, and executive referral networks.",748478,22069953,267234,4 months,rejected
PioneerCloud,"PioneerCloud develops operational software for multi-campus training institutes managing tenant onboarding. The current financing round supports deployment capacity, onboarding operations, and implementation coverage across additional markets.",agritech,seed,4091788,AED,Teams handling tenant onboarding often rely on fragmented operational processes requiring repeated reconciliation between internal systems and external service providers.,multi-campus training institutes,$7.4B annual operating market across 13 regions,The product centralizes operational coordination associated with tenant onboarding into a unified management environment with configurable workflow logic.,The implementation framework maintains configurable workflow rules across customer operating environments.,Deployment operations follow a structured onboarding process across customer operating environments with phased implementation support during rollout.,Usage-based billing; workflow modules; deployment support services,Customers are billed through annual contracts aligned with usage activity and implementation requirements.,"Commercial growth is supported through pilot deployments, sector conferences, and referral relationships.",257544,2445760,407607,3 months,rejected
SignalCloud,SignalCloud provides enterprise software focused on inventory forecasting for regional insurers. The company is raising funding to support regional deployment operations and commercial onboarding capacity.,saas,pre-seed,5528580,GBP,"Organizations responsible for inventory forecasting frequently coordinate activity across disconnected systems, vendor portals, and manual reporting workflows.",regional insurers,$18.4B annual operating market across 11 regions,"The software standardizes workflows related to inventory forecasting while supporting audit visibility, role-based access management, and operational tracking.",The platform supports integration with operational systems commonly used across secondary regional markets.,Customer deployments are managed through standardized implementation procedures across account operating environments.,Usage-based billing; workflow modules; deployment support services,"Commercial agreements are indexed to deployment scope, transaction activity, and active operating locations.","The company sources accounts through regional implementation partners, outbound sales outreach, and executive referral networks.",1664649,16415692,587904,3 months,rejected
GraniteLogic,"GraniteLogic develops operational software for industrial procurement teams managing maintenance dispatching. The current financing round supports deployment capacity, onboarding operations, and implementation coverage across additional markets.",legaltech,seed,1707957,GBP,Teams handling maintenance dispatching often rely on fragmented operational processes requiring repeated reconciliation between internal systems and external service providers.,industrial procurement teams,$84.5B annual operating market across 9 regions,"The software standardizes workflows related to maintenance dispatching while supporting audit visibility, role-based access management, and operational tracking.",The software includes configurable controls aligned with procurement and reporting requirements.,Deployment operations follow a structured onboarding process across customer operating environments with phased implementation support during rollout.,Annual platform agreements; implementation services; support contracts,Pricing combines recurring subscription commitments with onboarding and reporting service charges.,"Customer acquisition relies on procurement referrals, implementation partners, and direct enterprise sales activity.",2045157,9196487,101053,26 months,approved
IronMetrics,IronMetrics provides enterprise software focused on claims intake for retail distribution chains. The company is raising funding to support regional deployment operations and commercial onboarding capacity.,agritech,pre-seed,842482,SGD,Teams handling claims intake often rely on fragmented operational processes requiring repeated reconciliation between internal systems and external service providers.,retail distribution chains,$70.0B annual operating market across 20 regions,"The platform consolidates operational records associated with claims intake, synchronizes data across connected systems, and maintains configurable reporting controls.",The platform supports integration with operational systems commonly used across secondary regional markets.,Deployment operations follow a structured onboarding process across customer operating environments with phased implementation support during rollout.,Usage-based billing; workflow modules; deployment support services,Pricing combines recurring subscription commitments with onboarding and reporting service charges.,"The company sources accounts through regional implementation partners, outbound sales outreach, and executive referral networks.",351400,981379,150032,18 months,approved
NorthLedger,"NorthLedger develops operational software for commercial property groups managing credential verification. The current financing round supports deployment capacity, onboarding operations, and implementation coverage across additional markets.",saas,pre-seed,6404610,EUR,"Organizations responsible for credential verification frequently coordinate activity across disconnected systems, vendor portals, and manual reporting workflows.",commercial property groups,$43.4B annual operating market across 22 regions,"The platform consolidates operational records associated with credential verification, synchronizes data across connected systems, and maintains configurable reporting controls.",The implementation framework maintains configurable workflow rules across customer operating environments.,Deployment operations follow a structured onboarding process across customer operating environments with phased implementation support during rollout.,Usage-based billing; workflow modules; deployment support services,"Commercial agreements are indexed to deployment scope, transaction activity, and active operating locations.","Customer acquisition relies on procurement referrals, implementation partners, and direct enterprise sales activity.",1003172,22058312,502198,7 months,rejected
SignalBridge,"SignalBridge operates a workflow platform used by regional insurers responsible for inventory forecasting. Capital from the current round is allocated toward integration support, implementation staffing, and account expansion activity.",proptech,seed,7821720,GBP,Teams handling inventory forecasting often rely on fragmented operational processes requiring repeated reconciliation between internal systems and external service providers.,regional insurers,$85.7B annual operating market across 11 regions,"The software standardizes workflows related to inventory forecasting while supporting audit visibility, role-based access management, and operational tracking.",The software includes configurable controls aligned with procurement and reporting requirements.,Customer deployments are managed through standardized implementation procedures across account operating environments.,Recurring software subscriptions; onboarding retainers; reporting modules,Customers are billed through annual contracts aligned with usage activity and implementation requirements.,"Commercial growth is supported through pilot deployments, sector conferences, and referral relationships.",1738934,15219387,460120,8 months,rejected
ApexBase,"ApexBase operates a workflow platform used by industrial procurement teams responsible for maintenance dispatching. Capital from the current round is allocated toward integration support, implementation staffing, and account expansion activity.",healthtech,seed,6505253,EUR,"Organizations responsible for maintenance dispatching frequently coordinate activity across disconnected systems, vendor portals, and manual reporting workflows.",industrial procurement teams,$46.3B annual operating market across 17 regions,The product centralizes operational coordination associated with maintenance dispatching into a unified management environment with configurable workflow logic.,The implementation framework maintains configurable workflow rules across customer operating environments.,Customer deployments are managed through standardized implementation procedures across account operating environments.,Annual platform agreements; implementation services; support contracts,Pricing combines recurring subscription commitments with onboarding and reporting service charges.,"Commercial growth is supported through pilot deployments, sector conferences, and referral relationships.",1796202,18901009,379320,7 months,rejected
PioneerLogic,"PioneerLogic develops operational software for multi-campus training institutes managing claims intake. The current financing round supports deployment capacity, onboarding operations, and implementation coverage across additional markets.",saas,series-a,3646702,SGD,Teams handling claims intake often rely on fragmented operational processes requiring repeated reconciliation between internal systems and external service providers.,multi-campus training institutes,$36.5B annual operating market across 6 regions,"The platform consolidates operational records associated with claims intake, synchronizes data across connected systems, and maintains configurable reporting controls.",The platform supports integration with operational systems commonly used across secondary regional markets.,Deployment operations follow a structured onboarding process across customer operating environments with phased implementation support during rollout.,Annual platform agreements; implementation services; support contracts,"Commercial agreements are indexed to deployment scope, transaction activity, and active operating locations.","Customer acquisition relies on procurement referrals, implementation partners, and direct enterprise sales activity.",1193071,5659255,85933,15 months,approved
NorthCloud,NorthCloud provides enterprise software focused on credential verification for urban transport contractors. The company is raising funding to support regional deployment operations and commercial onboarding capacity.,cleantech,pre-seed,5909340,EUR,"Organizations responsible for credential verification frequently coordinate activity across disconnected systems, vendor portals, and manual reporting workflows.",urban transport contractors,$42.5B annual operating market across 20 regions,"The software standardizes workflows related to credential verification while supporting audit visibility, role-based access management, and operational tracking.",The platform supports integration with operational systems commonly used across secondary regional markets.,The implementation framework supports staged account onboarding across distributed operational environments.,Usage-based billing; workflow modules; deployment support services,"Commercial agreements are indexed to deployment scope, transaction activity, and active operating locations.","The company sources accounts through regional implementation partners, outbound sales outreach, and executive referral networks.",1107604,27003526,835002,4 months,rejected
ApexPilot,"ApexPilot develops operational software for urban transport contractors managing tenant onboarding. The current financing round supports deployment capacity, onboarding operations, and implementation coverage across additional markets.",cleantech,pre-seed,1047119,AED,"Operational groups managing tenant onboarding typically lack centralized visibility across reporting environments, vendor records, and implementation workflows.",urban transport contractors,$16.6B annual operating market across 21 regions,The product centralizes operational coordination associated with tenant onboarding into a unified management environment with configurable workflow logic.,The platform supports integration with operational systems commonly used across secondary regional markets.,Deployment operations follow a structured onboarding process across customer operating environments with phased implementation support during rollout.,Annual platform agreements; implementation services; support contracts,Pricing combines recurring subscription commitments with onboarding and reporting service charges.,"The company sources accounts through regional implementation partners, outbound sales outreach, and executive referral networks.",1399782,7279521,64276,27 months,approved
ApexLedger,"ApexLedger operates a workflow platform used by regional insurers responsible for credential verification. Capital from the current round is allocated toward integration support, implementation staffing, and account expansion activity.",cleantech,seed,6779246,SGD,Teams handling credential verification often rely on fragmented operational processes requiring repeated reconciliation between internal systems and external service providers.,regional insurers,$62.3B annual operating market across 6 regions,"The software standardizes workflows related to credential verification while supporting audit visibility, role-based access management, and operational tracking.",The software includes configurable controls aligned with procurement and reporting requirements.,Deployment operations follow a structured onboarding process across customer operating environments with phased implementation support during rollout.,Annual platform agreements; implementation services; support contracts,"Commercial agreements are indexed to deployment scope, transaction activity, and active operating locations.","Customer acquisition relies on procurement referrals, implementation partners, and direct enterprise sales activity.",1831235,10345578,201438,5 months,rejected
PioneerPilot,PioneerPilot provides enterprise software focused on shipment coordination for commercial property groups. The company is raising funding to support regional deployment operations and commercial onboarding capacity.,cleantech,pre-seed,7042097,AED,"Operational groups managing shipment coordination typically lack centralized visibility across reporting environments, vendor records, and implementation workflows.",commercial property groups,$75.9B annual operating market across 19 regions,"The software standardizes workflows related to shipment coordination while supporting audit visibility, role-based access management, and operational tracking.",The deployment architecture supports phased onboarding across distributed customer operating environments.,The implementation framework supports staged account onboarding across distributed operational environments.,Recurring software subscriptions; onboarding retainers; reporting modules,Customers are billed through annual contracts aligned with usage activity and implementation requirements.,"Commercial growth is supported through pilot deployments, sector conferences, and referral relationships.",845689,11459516,139918,8 months,rejected
AtlasCore,AtlasCore provides enterprise software focused on tenant onboarding for multi-campus training institutes. The company is raising funding to support regional deployment operations and commercial onboarding capacity.,legaltech,idea,417370,AED,"Organizations responsible for tenant onboarding frequently coordinate activity across disconnected systems, vendor portals, and manual reporting workflows.",multi-campus training institutes,$4.3B annual operating market across 22 regions,"The software standardizes workflows related to tenant onboarding while supporting audit visibility, role-based access management, and operational tracking.",The software includes configurable controls aligned with procurement and reporting requirements.,Deployment operations follow a structured onboarding process across customer operating environments with phased implementation support during rollout.,Annual platform agreements; implementation services; support contracts,"Commercial agreements are indexed to deployment scope, transaction activity, and active operating locations.","Commercial growth is supported through pilot deployments, sector conferences, and referral relationships.",2352620,7379653,47522,17 months,approved
PioneerCloud,PioneerCloud provides enterprise software focused on vendor reconciliation for regional insurers. The company is raising funding to support regional deployment operations and commercial onboarding capacity.,legaltech,idea,1027230,SGD,"Operational groups managing vendor reconciliation typically lack centralized visibility across reporting environments, vendor records, and implementation workflows.",regional insurers,$60.8B annual operating market across 16 regions,"The platform consolidates operational records associated with vendor reconciliation, synchronizes data across connected systems, and maintains configurable reporting controls.",The platform supports integration with operational systems commonly used across secondary regional markets.,The implementation framework supports staged account onboarding across distributed operational environments.,Recurring software subscriptions; onboarding retainers; reporting modules,Customers are billed through annual contracts aligned with usage activity and implementation requirements.,"Commercial growth is supported through pilot deployments, sector conferences, and referral relationships.",454264,1908888,86759,22 months,approved
IronLedger,"IronLedger develops operational software for retail distribution chains managing maintenance dispatching. The current financing round supports deployment capacity, onboarding operations, and implementation coverage across additional markets.",proptech,series-a,399029,AED,"Operational groups managing maintenance dispatching typically lack centralized visibility across reporting environments, vendor records, and implementation workflows.",retail distribution chains,$15.7B annual operating market across 5 regions,"The platform consolidates operational records associated with maintenance dispatching, synchronizes data across connected systems, and maintains configurable reporting controls.",The deployment architecture supports phased onboarding across distributed customer operating environments.,The implementation framework supports staged account onboarding across distributed operational environments.,Usage-based billing; workflow modules; deployment support services,Pricing combines recurring subscription commitments with onboarding and reporting service charges.,"The company sources accounts through regional implementation partners, outbound sales outreach, and executive referral networks.",11723,4423190,57711,27 months,approved
HarborPilot,"HarborPilot operates a workflow platform used by urban transport contractors responsible for inventory forecasting. Capital from the current round is allocated toward integration support, implementation staffing, and account expansion activity.",healthtech,idea,473462,GBP,Teams handling inventory forecasting often rely on fragmented operational processes requiring repeated reconciliation between internal systems and external service providers.,urban transport contractors,$39.2B annual operating market across 20 regions,"The software standardizes workflows related to inventory forecasting while supporting audit visibility, role-based access management, and operational tracking.",The software includes configurable controls aligned with procurement and reporting requirements.,Customer deployments are managed through standardized implementation procedures across account operating environments.,Recurring software subscriptions; onboarding retainers; reporting modules,Pricing combines recurring subscription commitments with onboarding and reporting service charges.,"Customer acquisition relies on procurement referrals, implementation partners, and direct enterprise sales activity.",2390797,6532513,100917,23 months,approved
IronLogic,"IronLogic develops operational software for independent legal practices managing maintenance dispatching. The current financing round supports deployment capacity, onboarding operations, and implementation coverage across additional markets.",ecommerce,idea,3807074,GBP,Teams handling maintenance dispatching often rely on fragmented operational processes requiring repeated reconciliation between internal systems and external service providers.,independent legal practices,$35.4B annual operating market across 6 regions,"The software standardizes workflows related to maintenance dispatching while supporting audit visibility, role-based access management, and operational tracking.",The deployment architecture supports phased onboarding across distributed customer operating environments.,Deployment operations follow a structured onboarding process across customer operating environments with phased implementation support during rollout.,Usage-based billing; workflow modules; deployment support services,Customers are billed through annual contracts aligned with usage activity and implementation requirements.,"The company sources accounts through regional implementation partners, outbound sales outreach, and executive referral networks.",366614,3742918,479613,8 months,rejected
AtlasBridge,AtlasBridge provides enterprise software focused on vendor reconciliation for commercial property groups. The company is raising funding to support regional deployment operations and commercial onboarding capacity.,edtech,pre-seed,2802787,EUR,"Operational groups managing vendor reconciliation typically lack centralized visibility across reporting environments, vendor records, and implementation workflows.",commercial property groups,$4.2B annual operating market across 13 regions,The product centralizes operational coordination associated with vendor reconciliation into a unified management environment with configurable workflow logic.,The platform supports integration with operational systems commonly used across secondary regional markets.,The implementation framework supports staged account onboarding across distributed operational environments.,Recurring software subscriptions; onboarding retainers; reporting modules,Customers are billed through annual contracts aligned with usage activity and implementation requirements.,"Customer acquisition relies on procurement referrals, implementation partners, and direct enterprise sales activity.",173717,502742,119108,17 months,approved
PioneerWorks,"PioneerWorks develops operational software for independent legal practices managing inventory forecasting. The current financing round supports deployment capacity, onboarding operations, and implementation coverage across additional markets.",saas,idea,4490885,AED,"Operational groups managing inventory forecasting typically lack centralized visibility across reporting environments, vendor records, and implementation workflows.",independent legal practices,$69.4B annual operating market across 11 regions,"The software standardizes workflows related to inventory forecasting while supporting audit visibility, role-based access management, and operational tracking.",The platform supports integration with operational systems commonly used across secondary regional markets.,Deployment operations follow a structured onboarding process across customer operating environments with phased implementation support during rollout.,Recurring software subscriptions; onboarding retainers; reporting modules,Customers are billed through annual contracts aligned with usage activity and implementation requirements.,"The company sources accounts through regional implementation partners, outbound sales outreach, and executive referral networks.",1900317,17674216,711890,10 months,rejected
VectorLogic,"VectorLogic operates a workflow platform used by warehouse operators responsible for tenant onboarding. Capital from the current round is allocated toward integration support, implementation staffing, and account expansion activity.",fintech,series-a,2119243,AED,"Organizations responsible for tenant onboarding frequently coordinate activity across disconnected systems, vendor portals, and manual reporting workflows.",warehouse operators,$76.4B annual operating market across 6 regions,"The software standardizes workflows related to tenant onboarding while supporting audit visibility, role-based access management, and operational tracking.",The software includes configurable controls aligned with procurement and reporting requirements.,The implementation framework supports staged account onboarding across distributed operational environments.,Annual platform agreements; implementation services; support contracts,Customers are billed through annual contracts aligned with usage activity and implementation requirements.,"The company sources accounts through regional implementation partners, outbound sales outreach, and executive referral networks.",100953,9551061,167279,16 months,approved
DeltaGrid,"DeltaGrid operates a workflow platform used by warehouse operators responsible for tenant onboarding. Capital from the current round is allocated toward integration support, implementation staffing, and account expansion activity.",proptech,series-a,2810170,USD,"Organizations responsible for tenant onboarding frequently coordinate activity across disconnected systems, vendor portals, and manual reporting workflows.",warehouse operators,$58.6B annual operating market across 6 regions,"The platform consolidates operational records associated with tenant onboarding, synchronizes data across connected systems, and maintains configurable reporting controls.",The software includes configurable controls aligned with procurement and reporting requirements.,The implementation framework supports staged account onboarding across distributed operational environments.,Recurring software subscriptions; onboarding retainers; reporting modules,"Commercial agreements are indexed to deployment scope, transaction activity, and active operating locations.","Commercial growth is supported through pilot deployments, sector conferences, and referral relationships.",750178,20884238,524234,8 months,rejected
SummitSystems,SummitSystems provides enterprise software focused on credential verification for agricultural exporters. The company is raising funding to support regional deployment operations and commercial onboarding capacity.,saas,seed,6282630,GBP,"Operational groups managing credential verification typically lack centralized visibility across reporting environments, vendor records, and implementation workflows.",agricultural exporters,$35.6B annual operating market across 19 regions,"The platform consolidates operational records associated with credential verification, synchronizes data across connected systems, and maintains configurable reporting controls.",The platform supports integration with operational systems commonly used across secondary regional markets.,The implementation framework supports staged account onboarding across distributed operational environments.,Annual platform agreements; implementation services; support contracts,"Commercial agreements are indexed to deployment scope, transaction activity, and active operating locations.","Commercial growth is supported through pilot deployments, sector conferences, and referral relationships.",458464,12115703,671029,8 months,rejected
IronBase,"IronBase operates a workflow platform used by agricultural exporters responsible for crop purchasing. Capital from the current round is allocated toward integration support, implementation staffing, and account expansion activity.",healthtech,idea,9382747,USD,Teams handling crop purchasing often rely on fragmented operational processes requiring repeated reconciliation between internal systems and external service providers.,agricultural exporters,$16.5B annual operating market across 18 regions,The product centralizes operational coordination associated with crop purchasing into a unified management environment with configurable workflow logic.,The deployment architecture supports phased onboarding across distributed customer operating environments.,The implementation framework supports staged account onboarding across distributed operational environments.,Recurring software subscriptions; onboarding retainers; reporting modules,Pricing combines recurring subscription commitments with onboarding and reporting service charges.,"The company sources accounts through regional implementation partners, outbound sales outreach, and executive referral networks.",1258401,10556694,215257,7 months,rejected
IronCloud,IronCloud provides enterprise software focused on compliance tracking for retail distribution chains. The company is raising funding to support regional deployment operations and commercial onboarding capacity.,saas,series-a,9065264,GBP,"Operational groups managing compliance tracking typically lack centralized visibility across reporting environments, vendor records, and implementation workflows.",retail distribution chains,$52.4B annual operating market across 16 regions,"The software standardizes workflows related to compliance tracking while supporting audit visibility, role-based access management, and operational tracking.",The software includes configurable controls aligned with procurement and reporting requirements.,The implementation framework supports staged account onboarding across distributed operational environments.,Recurring software subscriptions; onboarding retainers; reporting modules,"Commercial agreements are indexed to deployment scope, transaction activity, and active operating locations.","Customer acquisition relies on procurement referrals, implementation partners, and direct enterprise sales activity.",2010335,22914055,792964,7 months,rejected
SummitSystems,"SummitSystems develops operational software for commercial property groups managing compliance tracking. The current financing round supports deployment capacity, onboarding operations, and implementation coverage across additional markets.",edtech,series-a,5747170,EUR,"Operational groups managing compliance tracking typically lack centralized visibility across reporting environments, vendor records, and implementation workflows.",commercial property groups,$37.7B annual operating market across 21 regions,"The platform consolidates operational records associated with compliance tracking, synchronizes data across connected systems, and maintains configurable reporting controls.",The platform supports integration with operational systems commonly used across secondary regional markets.,Customer deployments are managed through standardized implementation procedures across account operating environments.,Recurring software subscriptions; onboarding retainers; reporting modules,"Commercial agreements are indexed to deployment scope, transaction activity, and active operating locations.","The company sources accounts through regional implementation partners, outbound sales outreach, and executive referral networks.",1071094,17561869,458328,7 months,rejected
PioneerCloud,"PioneerCloud develops operational software for multi-campus training institutes managing tenant onboarding. The current financing round supports deployment capacity, onboarding operations, and implementation coverage across additional markets.",agritech,seed,1353535,AED,Teams handling tenant onboarding often rely on fragmented operational processes requiring repeated reconciliation between internal systems and external service providers.,multi-campus training institutes,$7.4B annual operating market across 13 regions,The product centralizes operational coordination associated with tenant onboarding into a unified management environment with configurable workflow logic.,The implementation framework maintains configurable workflow rules across customer operating environments.,Deployment operations follow a structured onboarding process across customer operating environments with phased implementation support during rollout.,Usage-based billing; workflow modules; deployment support services,Customers are billed through annual contracts aligned with usage activity and implementation requirements.,"Commercial growth is supported through pilot deployments, sector conferences, and referral relationships.",800696,2459955,131335,16 months,approved
DeltaCloud,DeltaCloud provides enterprise software focused on shipment coordination for retail distribution chains. The company is raising funding to support regional deployment operations and commercial onboarding capacity.,ecommerce,seed,5660484,AED,"Organizations responsible for shipment coordination frequently coordinate activity across disconnected systems, vendor portals, and manual reporting workflows.",retail distribution chains,$8.8B annual operating market across 22 regions,"The platform consolidates operational records associated with shipment coordination, synchronizes data across connected systems, and maintains configurable reporting controls.",The software includes configurable controls aligned with procurement and reporting requirements.,Customer deployments are managed through standardized implementation procedures across account operating environments.,Annual platform agreements; implementation services; support contracts,Customers are billed through annual contracts aligned with usage activity and implementation requirements.,"Customer acquisition relies on procurement referrals, implementation partners, and direct enterprise sales activity.",1667831,16073399,853018,10 months,rejected
LatticeSystems,"LatticeSystems develops operational software for commercial property groups managing shipment coordination. The current financing round supports deployment capacity, onboarding operations, and implementation coverage across additional markets.",edtech,seed,3010150,GBP,"Operational groups managing shipment coordination typically lack centralized visibility across reporting environments, vendor records, and implementation workflows.",commercial property groups,$17.5B annual operating market across 8 regions,The product centralizes operational coordination associated with shipment coordination into a unified management environment with configurable workflow logic.,The deployment architecture supports phased onboarding across distributed customer operating environments.,The implementation framework supports staged account onboarding across distributed operational environments.,Recurring software subscriptions; onboarding retainers; reporting modules,Customers are billed through annual contracts aligned with usage activity and implementation requirements.,"Customer acquisition relies on procurement referrals, implementation partners, and direct enterprise sales activity.",2479940,11470217,153313,26 months,approved
NorthPilot,"NorthPilot develops operational software for specialty clinics managing shipment coordination. The current financing round supports deployment capacity, onboarding operations, and implementation coverage across additional markets.",edtech,idea,6281214,GBP,"Organizations responsible for shipment coordination frequently coordinate activity across disconnected systems, vendor portals, and manual reporting workflows.",specialty clinics,$24.7B annual operating market across 15 regions,"The platform consolidates operational records associated with shipment coordination, synchronizes data across connected systems, and maintains configurable reporting controls.",The implementation framework maintains configurable workflow rules across customer operating environments.,Deployment operations follow a structured onboarding process across customer operating environments with phased implementation support during rollout.,Usage-based billing; workflow modules; deployment support services,Customers are billed through annual contracts aligned with usage activity and implementation requirements.,"Customer acquisition relies on procurement referrals, implementation partners, and direct enterprise sales activity.",736839,24048272,268186,7 months,rejected
HarborMetrics,"HarborMetrics develops operational software for independent legal practices managing claims intake. The current financing round supports deployment capacity, onboarding operations, and implementation coverage across additional markets.",legaltech,idea,3515260,SGD,"Operational groups managing claims intake typically lack centralized visibility across reporting environments, vendor records, and implementation workflows.",independent legal practices,$89.9B annual operating market across 21 regions,"The software standardizes workflows related to claims intake while supporting audit visibility, role-based access management, and operational tracking.",The software includes configurable controls aligned with procurement and reporting requirements.,Customer deployments are managed through standardized implementation procedures across account operating environments.,Annual platform agreements; implementation services; support contracts,Customers are billed through annual contracts aligned with usage activity and implementation requirements.,"Commercial growth is supported through pilot deployments, sector conferences, and referral relationships.",1949537,19899182,200023,7 months,rejected
NorthLogic,"NorthLogic operates a workflow platform used by regional insurers responsible for claims intake. Capital from the current round is allocated toward integration support, implementation staffing, and account expansion activity.",edtech,series-a,5593156,USD,"Organizations responsible for claims intake frequently coordinate activity across disconnected systems, vendor portals, and manual reporting workflows.",regional insurers,$20.0B annual operating market across 11 regions,"The platform consolidates operational records associated with claims intake, synchronizes data across connected systems, and maintains configurable reporting controls.",The implementation framework maintains configurable workflow rules across customer operating environments.,Customer deployments are managed through standardized implementation procedures across account operating environments.,Annual platform agreements; implementation services; support contracts,Customers are billed through annual contracts aligned with usage activity and implementation requirements.,"Customer acquisition relies on procurement referrals, implementation partners, and direct enterprise sales activity.",653800,7581754,881742,7 months,rejected
HarborBridge,"HarborBridge develops operational software for commercial property groups managing vendor reconciliation. The current financing round supports deployment capacity, onboarding operations, and implementation coverage across additional markets.",edtech,series-a,9497376,GBP,"Organizations responsible for vendor reconciliation frequently coordinate activity across disconnected systems, vendor portals, and manual reporting workflows.",commercial property groups,$48.1B annual operating market across 11 regions,The product centralizes operational coordination associated with vendor reconciliation into a unified management environment with configurable workflow logic.,The platform supports integration with operational systems commonly used across secondary regional markets.,The implementation framework supports staged account onboarding across distributed operational environments.,Recurring software subscriptions; onboarding retainers; reporting modules,"Commercial agreements are indexed to deployment scope, transaction activity, and active operating locations.","Customer acquisition relies on procurement referrals, implementation partners, and direct enterprise sales activity.",1689312,23608407,540847,4 months,rejected
SummitPilot,SummitPilot provides enterprise software focused on crop purchasing for specialty clinics. The company is raising funding to support regional deployment operations and commercial onboarding capacity.,ecommerce,series-a,2953429,USD,"Organizations responsible for crop purchasing frequently coordinate activity across disconnected systems, vendor portals, and manual reporting workflows.",specialty clinics,$60.5B annual operating market across 5 regions,The product centralizes operational coordination associated with crop purchasing into a unified management environment with configurable workflow logic.,The implementation framework maintains configurable workflow rules across customer operating environments.,Customer deployments are managed through standardized implementation procedures across account operating environments.,Annual platform agreements; implementation services; support contracts,"Commercial agreements are indexed to deployment scope, transaction activity, and active operating locations.","Customer acquisition relies on procurement referrals, implementation partners, and direct enterprise sales activity.",2413426,7423386,130655,5 months,rejected
ApexCloud,ApexCloud provides enterprise software focused on vendor reconciliation for specialty clinics. The company is raising funding to support regional deployment operations and commercial onboarding capacity.,healthtech,pre-seed,9432373,GBP,Teams handling vendor reconciliation often rely on fragmented operational processes requiring repeated reconciliation between internal systems and external service providers.,specialty clinics,$20.3B annual operating market across 12 regions,"The software standardizes workflows related to vendor reconciliation while supporting audit visibility, role-based access management, and operational tracking.",The deployment architecture supports phased onboarding across distributed customer operating environments.,The implementation framework supports staged account onboarding across distributed operational environments.,Annual platform agreements; implementation services; support contracts,Pricing combines recurring subscription commitments with onboarding and reporting service charges.,"The company sources accounts through regional implementation partners, outbound sales outreach, and executive referral networks.",1103807,21427881,523573,7 months,rejected
IronPilot,IronPilot provides enterprise software focused on credential verification for industrial procurement teams. The company is raising funding to support regional deployment operations and commercial onboarding capacity.,proptech,seed,3120258,USD,"Organizations responsible for credential verification frequently coordinate activity across disconnected systems, vendor portals, and manual reporting workflows.",industrial procurement teams,$5.3B annual operating market across 15 regions,"The platform consolidates operational records associated with credential verification, synchronizes data across connected systems, and maintains configurable reporting controls.",The deployment architecture supports phased onboarding across distributed customer operating environments.,The implementation framework supports staged account onboarding across distributed operational environments.,Recurring software subscriptions; onboarding retainers; reporting modules,Customers are billed through annual contracts aligned with usage activity and implementation requirements.,"Commercial growth is supported through pilot deployments, sector conferences, and referral relationships.",514512,1683408,105510,23 months,approved
AtlasCore,"AtlasCore operates a workflow platform used by multi-campus training institutes responsible for tenant onboarding. Capital from the current round is allocated toward integration support, implementation staffing, and account expansion activity.",cleantech,pre-seed,3915945,AED,Teams handling tenant onboarding often rely on fragmented operational processes requiring repeated reconciliation between internal systems and external service providers.,multi-campus training institutes,$12.6B annual operating market across 21 regions,"The platform consolidates operational records associated with tenant onboarding, synchronizes data across connected systems, and maintains configurable reporting controls.",The software includes configurable controls aligned with procurement and reporting requirements.,Deployment operations follow a structured onboarding process across customer operating environments with phased implementation support during rollout.,Recurring software subscriptions; onboarding retainers; reporting modules,Pricing combines recurring subscription commitments with onboarding and reporting service charges.,"Commercial growth is supported through pilot deployments, sector conferences, and referral relationships.",1039628,4086346,54239,22 months,approved
VectorMetrics,"VectorMetrics develops operational software for agricultural exporters managing shipment coordination. The current financing round supports deployment capacity, onboarding operations, and implementation coverage across additional markets.",cleantech,idea,3412048,SGD,"Operational groups managing shipment coordination typically lack centralized visibility across reporting environments, vendor records, and implementation workflows.",agricultural exporters,$80.7B annual operating market across 22 regions,"The software standardizes workflows related to shipment coordination while supporting audit visibility, role-based access management, and operational tracking.",The implementation framework maintains configurable workflow rules across customer operating environments.,Customer deployments are managed through standardized implementation procedures across account operating environments.,Usage-based billing; workflow modules; deployment support services,Pricing combines recurring subscription commitments with onboarding and reporting service charges.,"Commercial growth is supported through pilot deployments, sector conferences, and referral relationships.",2087275,25125816,210804,7 months,rejected
PioneerFlow,PioneerFlow provides enterprise software focused on crop purchasing for agricultural exporters. The company is raising funding to support regional deployment operations and commercial onboarding capacity.,saas,idea,621030,SGD,"Organizations responsible for crop purchasing frequently coordinate activity across disconnected systems, vendor portals, and manual reporting workflows.",agricultural exporters,$42.6B annual operating market across 12 regions,"The software standardizes workflows related to crop purchasing while supporting audit visibility, role-based access management, and operational tracking.",The deployment architecture supports phased onboarding across distributed customer operating environments.,Customer deployments are managed through standardized implementation procedures across account operating environments.,Annual platform agreements; implementation services; support contracts,Customers are billed through annual contracts aligned with usage activity and implementation requirements.,"Commercial growth is supported through pilot deployments, sector conferences, and referral relationships.",174328,2835860,105567,16 months,approved
SummitFlow,"SummitFlow develops operational software for warehouse operators managing patient scheduling. The current financing round supports deployment capacity, onboarding operations, and implementation coverage across additional markets.",logistics,series-a,3896524,USD,"Operational groups managing patient scheduling typically lack centralized visibility across reporting environments, vendor records, and implementation workflows.",warehouse operators,$23.8B annual operating market across 14 regions,The product centralizes operational coordination associated with patient scheduling into a unified management environment with configurable workflow logic.,The implementation framework maintains configurable workflow rules across customer operating environments.,Deployment operations follow a structured onboarding process across customer operating environments with phased implementation support during rollout.,Usage-based billing; workflow modules; deployment support services,Customers are billed through annual contracts aligned with usage activity and implementation requirements.,"The company sources accounts through regional implementation partners, outbound sales outreach, and executive referral networks.",1547636,6332778,121288,22 months,approved
NorthWorks,NorthWorks provides enterprise software focused on tenant onboarding for multi-campus training institutes. The company is raising funding to support regional deployment operations and commercial onboarding capacity.,edtech,seed,5823709,USD,"Operational groups managing tenant onboarding typically lack centralized visibility across reporting environments, vendor records, and implementation workflows.",multi-campus training institutes,$93.6B annual operating market across 19 regions,The product centralizes operational coordination associated with tenant onboarding into a unified management environment with configurable workflow logic.,The implementation framework maintains configurable workflow rules across customer operating environments.,Deployment operations follow a structured onboarding process across customer operating environments with phased implementation support during rollout.,Usage-based billing; workflow modules; deployment support services,"Commercial agreements are indexed to deployment scope, transaction activity, and active operating locations.","Commercial growth is supported through pilot deployments, sector conferences, and referral relationships.",2397368,14918442,226073,8 months,rejected
GraniteFlow,"GraniteFlow develops operational software for regional insurers managing inventory forecasting. The current financing round supports deployment capacity, onboarding operations, and implementation coverage across additional markets.",proptech,seed,8319001,USD,Teams handling inventory forecasting often rely on fragmented operational processes requiring repeated reconciliation between internal systems and external service providers.,regional insurers,$95.1B annual operating market across 12 regions,"The software standardizes workflows related to inventory forecasting while supporting audit visibility, role-based access management, and operational tracking.",The implementation framework maintains configurable workflow rules across customer operating environments.,Customer deployments are managed through standardized implementation procedures across account operating environments.,Recurring software subscriptions; onboarding retainers; reporting modules,Pricing combines recurring subscription commitments with onboarding and reporting service charges.,"Commercial growth is supported through pilot deployments, sector conferences, and referral relationships.",780032,27943021,468620,3 months,rejected
DeltaGrid,"DeltaGrid operates a workflow platform used by multi-campus training institutes responsible for inventory forecasting. Capital from the current round is allocated toward integration support, implementation staffing, and account expansion activity.",logistics,seed,8675489,USD,"Organizations responsible for inventory forecasting frequently coordinate activity across disconnected systems, vendor portals, and manual reporting workflows.",multi-campus training institutes,$45.7B annual operating market across 11 regions,"The platform consolidates operational records associated with inventory forecasting, synchronizes data across connected systems, and maintains configurable reporting controls.",The platform supports integration with operational systems commonly used across secondary regional markets.,Customer deployments are managed through standardized implementation procedures across account operating environments.,Recurring software subscriptions; onboarding retainers; reporting modules,"Commercial agreements are indexed to deployment scope, transaction activity, and active operating locations.","Customer acquisition relies on procurement referrals, implementation partners, and direct enterprise sales activity.",1993339,24593811,259367,10 months,rejected
NorthLogic,"NorthLogic operates a workflow platform used by multi-campus training institutes responsible for crop purchasing. Capital from the current round is allocated toward integration support, implementation staffing, and account expansion activity.",fintech,seed,3273879,GBP,Teams handling crop purchasing often rely on fragmented operational processes requiring repeated reconciliation between internal systems and external service providers.,multi-campus training institutes,$63.2B annual operating market across 19 regions,"The platform consolidates operational records associated with crop purchasing, synchronizes data across connected systems, and maintains configurable reporting controls.",The platform supports integration with operational systems commonly used across secondary regional markets.,Deployment operations follow a structured onboarding process across customer operating environments with phased implementation support during rollout.,Annual platform agreements; implementation services; support contracts,Customers are billed through annual contracts aligned with usage activity and implementation requirements.,"The company sources accounts through regional implementation partners, outbound sales outreach, and executive referral networks.",1082863,26552385,822814,10 months,rejected
AtlasCore,"AtlasCore develops operational software for commercial property groups managing vendor reconciliation. The current financing round supports deployment capacity, onboarding operations, and implementation coverage across additional markets.",ecommerce,idea,8468281,SGD,Teams handling vendor reconciliation often rely on fragmented operational processes requiring repeated reconciliation between internal systems and external service providers.,commercial property groups,$74.2B annual operating market across 9 regions,"The platform consolidates operational records associated with vendor reconciliation, synchronizes data across connected systems, and maintains configurable reporting controls.",The implementation framework maintains configurable workflow rules across customer operating environments.,Customer deployments are managed through standardized implementation procedures across account operating environments.,Annual platform agreements; implementation services; support contracts,"Commercial agreements are indexed to deployment scope, transaction activity, and active operating locations.","The company sources accounts through regional implementation partners, outbound sales outreach, and executive referral networks.",693091,11911814,384799,10 months,rejected
SignalLedger,"SignalLedger operates a workflow platform used by retail distribution chains responsible for crop purchasing. Capital from the current round is allocated toward integration support, implementation staffing, and account expansion activity.",agritech,series-a,2954914,EUR,"Organizations responsible for crop purchasing frequently coordinate activity across disconnected systems, vendor portals, and manual reporting workflows.",retail distribution chains,$48.5B annual operating market across 13 regions,The product centralizes operational coordination associated with crop purchasing into a unified management environment with configurable workflow logic.,The deployment architecture supports phased onboarding across distributed customer operating environments.,Customer deployments are managed through standardized implementation procedures across account operating environments.,Annual platform agreements; implementation services; support contracts,Customers are billed through annual contracts aligned with usage activity and implementation requirements.,"The company sources accounts through regional implementation partners, outbound sales outreach, and executive referral networks.",499688,2422818,86001,27 months,approved
ApexBridge,"ApexBridge develops operational software for independent legal practices managing shipment coordination. The current financing round supports deployment capacity, onboarding operations, and implementation coverage across additional markets.",fintech,idea,5360991,GBP,"Organizations responsible for shipment coordination frequently coordinate activity across disconnected systems, vendor portals, and manual reporting workflows.",independent legal practices,$20.1B annual operating market across 10 regions,The product centralizes operational coordination associated with shipment coordination into a unified management environment with configurable workflow logic.,The deployment architecture supports phased onboarding across distributed customer operating environments.,Customer deployments are managed through standardized implementation procedures across account operating environments.,Annual platform agreements; implementation services; support contracts,Customers are billed through annual contracts aligned with usage activity and implementation requirements.,"Commercial growth is supported through pilot deployments, sector conferences, and referral relationships.",2182085,10258213,263394,3 months,rejected
PioneerPilot,PioneerPilot provides enterprise software focused on credential verification for regional insurers. The company is raising funding to support regional deployment operations and commercial onboarding capacity.,cleantech,pre-seed,2001518,SGD,"Operational groups managing credential verification typically lack centralized visibility across reporting environments, vendor records, and implementation workflows.",regional insurers,$4.0B annual operating market across 11 regions,"The software standardizes workflows related to credential verification while supporting audit visibility, role-based access management, and operational tracking.",The platform supports integration with operational systems commonly used across secondary regional markets.,The implementation framework supports staged account onboarding across distributed operational environments.,Recurring software subscriptions; onboarding retainers; reporting modules,"Commercial agreements are indexed to deployment scope, transaction activity, and active operating locations.","Customer acquisition relies on procurement referrals, implementation partners, and direct enterprise sales activity.",56530,2173715,137335,25 months,approved
GraniteMetrics,"GraniteMetrics develops operational software for commercial property groups managing shipment coordination. The current financing round supports deployment capacity, onboarding operations, and implementation coverage across additional markets.",ecommerce,seed,3885465,SGD,"Organizations responsible for shipment coordination frequently coordinate activity across disconnected systems, vendor portals, and manual reporting workflows.",commercial property groups,$40.8B annual operating market across 5 regions,"The software standardizes workflows related to shipment coordination while supporting audit visibility, role-based access management, and operational tracking.",The deployment architecture supports phased onboarding across distributed customer operating environments.,Deployment operations follow a structured onboarding process across customer operating environments with phased implementation support during rollout.,Annual platform agreements; implementation services; support contracts,Customers are billed through annual contracts aligned with usage activity and implementation requirements.,"Customer acquisition relies on procurement referrals, implementation partners, and direct enterprise sales activity.",1709563,4856884,189212,15 months,approved
SummitLedger,SummitLedger provides enterprise software focused on shipment coordination for urban transport contractors. The company is raising funding to support regional deployment operations and commercial onboarding capacity.,ecommerce,seed,1200173,EUR,"Organizations responsible for shipment coordination frequently coordinate activity across disconnected systems, vendor portals, and manual reporting workflows.",urban transport contractors,$73.4B annual operating market across 13 regions,"The software standardizes workflows related to shipment coordination while supporting audit visibility, role-based access management, and operational tracking.",The deployment architecture supports phased onboarding across distributed customer operating environments.,Customer deployments are managed through standardized implementation procedures across account operating environments.,Usage-based billing; workflow modules; deployment support services,Customers are billed through annual contracts aligned with usage activity and implementation requirements.,"Commercial growth is supported through pilot deployments, sector conferences, and referral relationships.",1528293,3861929,185188,21 months,approved
NorthGrid,NorthGrid provides enterprise software focused on credential verification for urban transport contractors. The company is raising funding to support regional deployment operations and commercial onboarding capacity.,proptech,idea,4500114,EUR,"Organizations responsible for credential verification frequently coordinate activity across disconnected systems, vendor portals, and manual reporting workflows.",urban transport contractors,$25.3B annual operating market across 6 regions,The product centralizes operational coordination associated with credential verification into a unified management environment with configurable workflow logic.,The software includes configurable controls aligned with procurement and reporting requirements.,The implementation framework supports staged account onboarding across distributed operational environments.,Recurring software subscriptions; onboarding retainers; reporting modules,Pricing combines recurring subscription commitments with onboarding and reporting service charges.,"Commercial growth is supported through pilot deployments, sector conferences, and referral relationships.",2063324,19720145,258256,6 months,rejected
AtlasFlow,"AtlasFlow operates a workflow platform used by specialty clinics responsible for inventory forecasting. Capital from the current round is allocated toward integration support, implementation staffing, and account expansion activity.",agritech,idea,4924251,SGD,"Operational groups managing inventory forecasting typically lack centralized visibility across reporting environments, vendor records, and implementation workflows.",specialty clinics,$43.2B annual operating market across 7 regions,"The platform consolidates operational records associated with inventory forecasting, synchronizes data across connected systems, and maintains configurable reporting controls.",The deployment architecture supports phased onboarding across distributed customer operating environments.,Deployment operations follow a structured onboarding process across customer operating environments with phased implementation support during rollout.,Recurring software subscriptions; onboarding retainers; reporting modules,Pricing combines recurring subscription commitments with onboarding and reporting service charges.,"Commercial growth is supported through pilot deployments, sector conferences, and referral relationships.",40793,383757,185792,6 months,rejected
DeltaLedger,DeltaLedger provides enterprise software focused on maintenance dispatching for regional insurers. The company is raising funding to support regional deployment operations and commercial onboarding capacity.,cleantech,seed,8727562,EUR,"Organizations responsible for maintenance dispatching frequently coordinate activity across disconnected systems, vendor portals, and manual reporting workflows.",regional insurers,$83.9B annual operating market across 10 regions,The product centralizes operational coordination associated with maintenance dispatching into a unified management environment with configurable workflow logic.,The software includes configurable controls aligned with procurement and reporting requirements.,The implementation framework supports staged account onboarding across distributed operational environments.,Recurring software subscriptions; onboarding retainers; reporting modules,"Commercial agreements are indexed to deployment scope, transaction activity, and active operating locations.","Customer acquisition relies on procurement referrals, implementation partners, and direct enterprise sales activity.",1530990,26852701,244851,6 months,rejected
VectorSystems,"VectorSystems develops operational software for retail distribution chains managing vendor reconciliation. The current financing round supports deployment capacity, onboarding operations, and implementation coverage across additional markets.",agritech,seed,5620123,AED,Teams handling vendor reconciliation often rely on fragmented operational processes requiring repeated reconciliation between internal systems and external service providers.,retail distribution chains,$68.6B annual operating market across 8 regions,"The software standardizes workflows related to vendor reconciliation while supporting audit visibility, role-based access management, and operational tracking.",The implementation framework maintains configurable workflow rules across customer operating environments.,Deployment operations follow a structured onboarding process across customer operating environments with phased implementation support during rollout.,Annual platform agreements; implementation services; support contracts,Pricing combines recurring subscription commitments with onboarding and reporting service charges.,"The company sources accounts through regional implementation partners, outbound sales outreach, and executive referral networks.",2466430,7434342,153602,7 months,rejected
LatticeGrid,"LatticeGrid operates a workflow platform used by industrial procurement teams responsible for shipment coordination. Capital from the current round is allocated toward integration support, implementation staffing, and account expansion activity.",proptech,idea,670904,SGD,Teams handling shipment coordination often rely on fragmented operational processes requiring repeated reconciliation between internal systems and external service providers.,industrial procurement teams,$86.9B annual operating market across 16 regions,"The software standardizes workflows related to shipment coordination while supporting audit visibility, role-based access management, and operational tracking.",The deployment architecture supports phased onboarding across distributed customer operating environments.,Customer deployments are managed through standardized implementation procedures across account operating environments.,Annual platform agreements; implementation services; support contracts,"Commercial agreements are indexed to deployment scope, transaction activity, and active operating locations.","Commercial growth is supported through pilot deployments, sector conferences, and referral relationships.",142601,4482007,151790,28 months,approved
GraniteCore,"GraniteCore develops operational software for commercial property groups managing crop purchasing. The current financing round supports deployment capacity, onboarding operations, and implementation coverage across additional markets.",fintech,series-a,2964760,SGD,Teams handling crop purchasing often rely on fragmented operational processes requiring repeated reconciliation between internal systems and external service providers.,commercial property groups,$71.5B annual operating market across 10 regions,The product centralizes operational coordination associated with crop purchasing into a unified management environment with configurable workflow logic.,The software includes configurable controls aligned with procurement and reporting requirements.,Customer deployments are managed through standardized implementation procedures across account operating environments.,Annual platform agreements; implementation services; support contracts,Customers are billed through annual contracts aligned with usage activity and implementation requirements.,"The company sources accounts through regional implementation partners, outbound sales outreach, and executive referral networks.",176090,2306557,220313,5 months,rejected
SignalLedger,"SignalLedger operates a workflow platform used by multi-campus training institutes responsible for crop purchasing. Capital from the current round is allocated toward integration support, implementation staffing, and account expansion activity.",healthtech,idea,5604415,EUR,"Operational groups managing crop purchasing typically lack centralized visibility across reporting environments, vendor records, and implementation workflows.",multi-campus training institutes,$41.1B annual operating market across 16 regions,"The platform consolidates operational records associated with crop purchasing, synchronizes data across connected systems, and maintains configurable reporting controls.",The implementation framework maintains configurable workflow rules across customer operating environments.,Customer deployments are managed through standardized implementation procedures across account operating environments.,Usage-based billing; workflow modules; deployment support services,Customers are billed through annual contracts aligned with usage activity and implementation requirements.,"Customer acquisition relies on procurement referrals, implementation partners, and direct enterprise sales activity.",1182270,15140708,157135,3 months,rejected
IronBase,IronBase provides enterprise software focused on vendor reconciliation for warehouse operators. The company is raising funding to support regional deployment operations and commercial onboarding capacity.,proptech,series-a,6504727,SGD,"Organizations responsible for vendor reconciliation frequently coordinate activity across disconnected systems, vendor portals, and manual reporting workflows.",warehouse operators,$13.8B annual operating market across 8 regions,"The platform consolidates operational records associated with vendor reconciliation, synchronizes data across connected systems, and maintains configurable reporting controls.",The deployment architecture supports phased onboarding across distributed customer operating environments.,Customer deployments are managed through standardized implementation procedures across account operating environments.,Annual platform agreements; implementation services; support contracts,Pricing combines recurring subscription commitments with onboarding and reporting service charges.,"Customer acquisition relies on procurement referrals, implementation partners, and direct enterprise sales activity.",1406383,11025060,189582,10 months,rejected
PioneerLedger,PioneerLedger provides enterprise software focused on tenant onboarding for independent legal practices. The company is raising funding to support regional deployment operations and commercial onboarding capacity.,healthtech,pre-seed,1057110,SGD,"Organizations responsible for tenant onboarding frequently coordinate activity across disconnected systems, vendor portals, and manual reporting workflows.",independent legal practices,$76.3B annual operating market across 22 regions,The product centralizes operational coordination associated with tenant onboarding into a unified management environment with configurable workflow logic.,The software includes configurable controls aligned with procurement and reporting requirements.,The implementation framework supports staged account onboarding across distributed operational environments.,Recurring software subscriptions; onboarding retainers; reporting modules,"Commercial agreements are indexed to deployment scope, transaction activity, and active operating locations.","Commercial growth is supported through pilot deployments, sector conferences, and referral relationships.",20604,708267,57636,21 months,approved
ApexMetrics,"ApexMetrics operates a workflow platform used by multi-campus training institutes responsible for vendor reconciliation. Capital from the current round is allocated toward integration support, implementation staffing, and account expansion activity.",healthtech,series-a,538226,USD,"Operational groups managing vendor reconciliation typically lack centralized visibility across reporting environments, vendor records, and implementation workflows.",multi-campus training institutes,$84.9B annual operating market across 6 regions,The product centralizes operational coordination associated with vendor reconciliation into a unified management environment with configurable workflow logic.,The software includes configurable controls aligned with procurement and reporting requirements.,Customer deployments are managed through standardized implementation procedures across account operating environments.,Annual platform agreements; implementation services; support contracts,Customers are billed through annual contracts aligned with usage activity and implementation requirements.,"The company sources accounts through regional implementation partners, outbound sales outreach, and executive referral networks.",2341492,5723318,143272,20 months,approved
GraniteGrid,GraniteGrid provides enterprise software focused on claims intake for multi-campus training institutes. The company is raising funding to support regional deployment operations and commercial onboarding capacity.,ecommerce,pre-seed,571589,SGD,"Operational groups managing claims intake typically lack centralized visibility across reporting environments, vendor records, and implementation workflows.",multi-campus training institutes,$88.3B annual operating market across 18 regions,The product centralizes operational coordination associated with claims intake into a unified management environment with configurable workflow logic.,The software includes configurable controls aligned with procurement and reporting requirements.,Customer deployments are managed through standardized implementation procedures across account operating environments.,Annual platform agreements; implementation services; support contracts,"Commercial agreements are indexed to deployment scope, transaction activity, and active operating locations.","Commercial growth is supported through pilot deployments, sector conferences, and referral relationships.",157431,358071,116538,25 months,approved
AtlasMetrics,AtlasMetrics provides enterprise software focused on shipment coordination for commercial property groups. The company is raising funding to support regional deployment operations and commercial onboarding capacity.,edtech,series-a,3886738,USD,"Operational groups managing shipment coordination typically lack centralized visibility across reporting environments, vendor records, and implementation workflows.",commercial property groups,$30.8B annual operating market across 8 regions,"The software standardizes workflows related to shipment coordination while supporting audit visibility, role-based access management, and operational tracking.",The deployment architecture supports phased onboarding across distributed customer operating environments.,Deployment operations follow a structured onboarding process across customer operating environments with phased implementation support during rollout.,Usage-based billing; workflow modules; deployment support services,"Commercial agreements are indexed to deployment scope, transaction activity, and active operating locations.","Commercial growth is supported through pilot deployments, sector conferences, and referral relationships.",667439,10137251,648982,8 months,rejected
IronSystems,"IronSystems develops operational software for specialty clinics managing vendor reconciliation. The current financing round supports deployment capacity, onboarding operations, and implementation coverage across additional markets.",logistics,seed,527899,GBP,"Operational groups managing vendor reconciliation typically lack centralized visibility across reporting environments, vendor records, and implementation workflows.",specialty clinics,$76.2B annual operating market across 12 regions,"The software standardizes workflows related to vendor reconciliation while supporting audit visibility, role-based access management, and operational tracking.",The platform supports integration with operational systems commonly used across secondary regional markets.,Deployment operations follow a structured onboarding process across customer operating environments with phased implementation support during rollout.,Usage-based billing; workflow modules; deployment support services,"Commercial agreements are indexed to deployment scope, transaction activity, and active operating locations.","Commercial growth is supported through pilot deployments, sector conferences, and referral relationships.",1074291,4407485,142866,28 months,approved
IronBridge,"IronBridge operates a workflow platform used by urban transport contractors responsible for crop purchasing. Capital from the current round is allocated toward integration support, implementation staffing, and account expansion activity.",proptech,idea,3888423,GBP,Teams handling crop purchasing often rely on fragmented operational processes requiring repeated reconciliation between internal systems and external service providers.,urban transport contractors,$82.9B annual operating market across 18 regions,The product centralizes operational coordination associated with crop purchasing into a unified management environment with configurable workflow logic.,The implementation framework maintains configurable workflow rules across customer operating environments.,The implementation framework supports staged account onboarding across distributed operational environments.,Recurring software subscriptions; onboarding retainers; reporting modules,Pricing combines recurring subscription commitments with onboarding and reporting service charges.,"Commercial growth is supported through pilot deployments, sector conferences, and referral relationships.",2182343,5559546,152428,16 months,approved
DeltaFlow,"DeltaFlow operates a workflow platform used by commercial property groups responsible for crop purchasing. Capital from the current round is allocated toward integration support, implementation staffing, and account expansion activity.",saas,series-a,2222360,SGD,Teams handling crop purchasing often rely on fragmented operational processes requiring repeated reconciliation between internal systems and external service providers.,commercial property groups,$46.0B annual operating market across 11 regions,"The software standardizes workflows related to crop purchasing while supporting audit visibility, role-based access management, and operational tracking.",The platform supports integration with operational systems commonly used across secondary regional markets.,Deployment operations follow a structured onboarding process across customer operating environments with phased implementation support during rollout.,Annual platform agreements; implementation services; support contracts,Customers are billed through annual contracts aligned with usage activity and implementation requirements.,"The company sources accounts through regional implementation partners, outbound sales outreach, and executive referral networks.",1631982,5227742,109610,18 months,approved
AtlasLedger,"AtlasLedger operates a workflow platform used by retail distribution chains responsible for credential verification. Capital from the current round is allocated toward integration support, implementation staffing, and account expansion activity.",ecommerce,idea,6851567,EUR,"Operational groups managing credential verification typically lack centralized visibility across reporting environments, vendor records, and implementation workflows.",retail distribution chains,$86.6B annual operating market across 20 regions,"The software standardizes workflows related to credential verification while supporting audit visibility, role-based access management, and operational tracking.",The deployment architecture supports phased onboarding across distributed customer operating environments.,The implementation framework supports staged account onboarding across distributed operational environments.,Recurring software subscriptions; onboarding retainers; reporting modules,Customers are billed through annual contracts aligned with usage activity and implementation requirements.,"Customer acquisition relies on procurement referrals, implementation partners, and direct enterprise sales activity.",1022809,21483712,481276,9 months,rejected
IronMetrics,"IronMetrics develops operational software for commercial property groups managing patient scheduling. The current financing round supports deployment capacity, onboarding operations, and implementation coverage across additional markets.",edtech,idea,8476085,EUR,Teams handling patient scheduling often rely on fragmented operational processes requiring repeated reconciliation between internal systems and external service providers.,commercial property groups,$47.7B annual operating market across 7 regions,"The platform consolidates operational records associated with patient scheduling, synchronizes data across connected systems, and maintains configurable reporting controls.",The deployment architecture supports phased onboarding across distributed customer operating environments.,Customer deployments are managed through standardized implementation procedures across account operating environments.,Annual platform agreements; implementation services; support contracts,"Commercial agreements are indexed to deployment scope, transaction activity, and active operating locations.","The company sources accounts through regional implementation partners, outbound sales outreach, and executive referral networks.",2310915,23552731,146086,5 months,rejected
HarborFlow,HarborFlow provides enterprise software focused on inventory forecasting for retail distribution chains. The company is raising funding to support regional deployment operations and commercial onboarding capacity.,saas,series-a,2214992,GBP,"Operational groups managing inventory forecasting typically lack centralized visibility across reporting environments, vendor records, and implementation workflows.",retail distribution chains,$14.6B annual operating market across 10 regions,"The software standardizes workflows related to inventory forecasting while supporting audit visibility, role-based access management, and operational tracking.",The platform supports integration with operational systems commonly used across secondary regional markets.,Deployment operations follow a structured onboarding process across customer operating environments with phased implementation support during rollout.,Annual platform agreements; implementation services; support contracts,Pricing combines recurring subscription commitments with onboarding and reporting service charges.,"Customer acquisition relies on procurement referrals, implementation partners, and direct enterprise sales activity.",72613,10069063,65599,25 months,approved
SummitLedger,SummitLedger provides enterprise software focused on shipment coordination for commercial property groups. The company is raising funding to support regional deployment operations and commercial onboarding capacity.,agritech,series-a,2404990,SGD,"Organizations responsible for shipment coordination frequently coordinate activity across disconnected systems, vendor portals, and manual reporting workflows.",commercial property groups,$19.2B annual operating market across 13 regions,"The software standardizes workflows related to shipment coordination while supporting audit visibility, role-based access management, and operational tracking.",The software includes configurable controls aligned with procurement and reporting requirements.,Customer deployments are managed through standardized implementation procedures across account operating environments.,Recurring software subscriptions; onboarding retainers; reporting modules,"Commercial agreements are indexed to deployment scope, transaction activity, and active operating locations.","Customer acquisition relies on procurement referrals, implementation partners, and direct enterprise sales activity.",175369,2579859,121250,21 months,approved
SummitLedger,"SummitLedger operates a workflow platform used by multi-campus training institutes responsible for compliance tracking. Capital from the current round is allocated toward integration support, implementation staffing, and account expansion activity.",agritech,pre-seed,8155453,USD,"Operational groups managing compliance tracking typically lack centralized visibility across reporting environments, vendor records, and implementation workflows.",multi-campus training institutes,$29.4B annual operating market across 13 regions,The product centralizes operational coordination associated with compliance tracking into a unified management environment with configurable workflow logic.,The software includes configurable controls aligned with procurement and reporting requirements.,Deployment operations follow a structured onboarding process across customer operating environments with phased implementation support during rollout.,Annual platform agreements; implementation services; support contracts,"Commercial agreements are indexed to deployment scope, transaction activity, and active operating locations.","Commercial growth is supported through pilot deployments, sector conferences, and referral relationships.",1637078,34491784,783278,4 months,rejected
GraniteCore,GraniteCore provides enterprise software focused on patient scheduling for urban transport contractors. The company is raising funding to support regional deployment operations and commercial onboarding capacity.,cleantech,seed,2819303,AED,"Operational groups managing patient scheduling typically lack centralized visibility across reporting environments, vendor records, and implementation workflows.",urban transport contractors,$37.5B annual operating market across 18 regions,The product centralizes operational coordination associated with patient scheduling into a unified management environment with configurable workflow logic.,The implementation framework maintains configurable workflow rules across customer operating environments.,Customer deployments are managed through standardized implementation procedures across account operating environments.,Usage-based billing; workflow modules; deployment support services,Pricing combines recurring subscription commitments with onboarding and reporting service charges.,"The company sources accounts through regional implementation partners, outbound sales outreach, and executive referral networks.",700157,10137366,827600,3 months,rejected
HarborSystems,"HarborSystems develops operational software for specialty clinics managing compliance tracking. The current financing round supports deployment capacity, onboarding operations, and implementation coverage across additional markets.",logistics,seed,2744218,GBP,"Operational groups managing compliance tracking typically lack centralized visibility across reporting environments, vendor records, and implementation workflows.",specialty clinics,$58.7B annual operating market across 21 regions,The product centralizes operational coordination associated with compliance tracking into a unified management environment with configurable workflow logic.,The implementation framework maintains configurable workflow rules across customer operating environments.,Deployment operations follow a structured onboarding process across customer operating environments with phased implementation support during rollout.,Annual platform agreements; implementation services; support contracts,"Commercial agreements are indexed to deployment scope, transaction activity, and active operating locations.","The company sources accounts through regional implementation partners, outbound sales outreach, and executive referral networks.",842533,3291575,127837,21 months,approved
PioneerBase,"PioneerBase operates a workflow platform used by warehouse operators responsible for vendor reconciliation. Capital from the current round is allocated toward integration support, implementation staffing, and account expansion activity.",ecommerce,seed,2066225,SGD,"Organizations responsible for vendor reconciliation frequently coordinate activity across disconnected systems, vendor portals, and manual reporting workflows.",warehouse operators,$28.1B annual operating market across 11 regions,"The platform consolidates operational records associated with vendor reconciliation, synchronizes data across connected systems, and maintains configurable reporting controls.",The platform supports integration with operational systems commonly used across secondary regional markets.,Customer deployments are managed through standardized implementation procedures across account operating environments.,Recurring software subscriptions; onboarding retainers; reporting modules,Customers are billed through annual contracts aligned with usage activity and implementation requirements.,"The company sources accounts through regional implementation partners, outbound sales outreach, and executive referral networks.",2005690,7541755,147801,26 months,approved
IronCloud,"IronCloud develops operational software for urban transport contractors managing credential verification. The current financing round supports deployment capacity, onboarding operations, and implementation coverage across additional markets.",agritech,series-a,7510217,EUR,"Organizations responsible for credential verification frequently coordinate activity across disconnected systems, vendor portals, and manual reporting workflows.",urban transport contractors,$8.9B annual operating market across 12 regions,The product centralizes operational coordination associated with credential verification into a unified management environment with configurable workflow logic.,The implementation framework maintains configurable workflow rules across customer operating environments.,Customer deployments are managed through standardized implementation procedures across account operating environments.,Annual platform agreements; implementation services; support contracts,Customers are billed through annual contracts aligned with usage activity and implementation requirements.,"Commercial growth is supported through pilot deployments, sector conferences, and referral relationships.",1113995,12852553,390955,5 months,rejected
AtlasWorks,"AtlasWorks develops operational software for specialty clinics managing compliance tracking. The current financing round supports deployment capacity, onboarding operations, and implementation coverage across additional markets.",proptech,pre-seed,2917243,GBP,"Operational groups managing compliance tracking typically lack centralized visibility across reporting environments, vendor records, and implementation workflows.",specialty clinics,$4.7B annual operating market across 17 regions,"The platform consolidates operational records associated with compliance tracking, synchronizes data across connected systems, and maintains configurable reporting controls.",The deployment architecture supports phased onboarding across distributed customer operating environments.,Deployment operations follow a structured onboarding process across customer operating environments with phased implementation support during rollout.,Recurring software subscriptions; onboarding retainers; reporting modules,Customers are billed through annual contracts aligned with usage activity and implementation requirements.,"Customer acquisition relies on procurement referrals, implementation partners, and direct enterprise sales activity.",1149709,20995027,783756,6 months,rejected
PioneerWorks,"PioneerWorks operates a workflow platform used by retail distribution chains responsible for patient scheduling. Capital from the current round is allocated toward integration support, implementation staffing, and account expansion activity.",cleantech,series-a,917086,USD,"Operational groups managing patient scheduling typically lack centralized visibility across reporting environments, vendor records, and implementation workflows.",retail distribution chains,$74.0B annual operating market across 14 regions,The product centralizes operational coordination associated with patient scheduling into a unified management environment with configurable workflow logic.,The platform supports integration with operational systems commonly used across secondary regional markets.,Deployment operations follow a structured onboarding process across customer operating environments with phased implementation support during rollout.,Recurring software subscriptions; onboarding retainers; reporting modules,"Commercial agreements are indexed to deployment scope, transaction activity, and active operating locations.","Customer acquisition relies on procurement referrals, implementation partners, and direct enterprise sales activity.",1412132,7714762,104715,27 months,approved
ApexCore,ApexCore provides enterprise software focused on compliance tracking for retail distribution chains. The company is raising funding to support regional deployment operations and commercial onboarding capacity.,edtech,series-a,1078956,GBP,"Organizations responsible for compliance tracking frequently coordinate activity across disconnected systems, vendor portals, and manual reporting workflows.",retail distribution chains,$51.2B annual operating market across 11 regions,"The software standardizes workflows related to compliance tracking while supporting audit visibility, role-based access management, and operational tracking.",The software includes configurable controls aligned with procurement and reporting requirements.,Customer deployments are managed through standardized implementation procedures across account operating environments.,Recurring software subscriptions; onboarding retainers; reporting modules,Pricing combines recurring subscription commitments with onboarding and reporting service charges.,"The company sources accounts through regional implementation partners, outbound sales outreach, and executive referral networks.",738476,1709123,130349,26 months,approved
PioneerPilot,PioneerPilot provides enterprise software focused on shipment coordination for commercial property groups. The company is raising funding to support regional deployment operations and commercial onboarding capacity.,cleantech,pre-seed,1985199,AED,"Operational groups managing shipment coordination typically lack centralized visibility across reporting environments, vendor records, and implementation workflows.",commercial property groups,$75.9B annual operating market across 19 regions,"The software standardizes workflows related to shipment coordination while supporting audit visibility, role-based access management, and operational tracking.",The deployment architecture supports phased onboarding across distributed customer operating environments.,The implementation framework supports staged account onboarding across distributed operational environments.,Recurring software subscriptions; onboarding retainers; reporting modules,Customers are billed through annual contracts aligned with usage activity and implementation requirements.,"Commercial growth is supported through pilot deployments, sector conferences, and referral relationships.",2593,4738806,153126,21 months,approved
DeltaFlow,"DeltaFlow operates a workflow platform used by commercial property groups responsible for crop purchasing. Capital from the current round is allocated toward integration support, implementation staffing, and account expansion activity.",saas,series-a,8572808,SGD,Teams handling crop purchasing often rely on fragmented operational processes requiring repeated reconciliation between internal systems and external service providers.,commercial property groups,$46.0B annual operating market across 11 regions,"The software standardizes workflows related to crop purchasing while supporting audit visibility, role-based access management, and operational tracking.",The platform supports integration with operational systems commonly used across secondary regional markets.,Deployment operations follow a structured onboarding process across customer operating environments with phased implementation support during rollout.,Annual platform agreements; implementation services; support contracts,Customers are billed through annual contracts aligned with usage activity and implementation requirements.,"The company sources accounts through regional implementation partners, outbound sales outreach, and executive referral networks.",1439689,24477985,166113,5 months,rejected
ApexCore,ApexCore provides enterprise software focused on compliance tracking for specialty clinics. The company is raising funding to support regional deployment operations and commercial onboarding capacity.,healthtech,seed,5008871,GBP,"Operational groups managing compliance tracking typically lack centralized visibility across reporting environments, vendor records, and implementation workflows.",specialty clinics,$20.3B annual operating market across 11 regions,"The software standardizes workflows related to compliance tracking while supporting audit visibility, role-based access management, and operational tracking.",The deployment architecture supports phased onboarding across distributed customer operating environments.,The implementation framework supports staged account onboarding across distributed operational environments.,Annual platform agreements; implementation services; support contracts,"Commercial agreements are indexed to deployment scope, transaction activity, and active operating locations.","The company sources accounts through regional implementation partners, outbound sales outreach, and executive referral networks.",1339751,19497325,259425,10 months,rejected
SignalCore,"SignalCore develops operational software for specialty clinics managing shipment coordination. The current financing round supports deployment capacity, onboarding operations, and implementation coverage across additional markets.",fintech,seed,8803373,GBP,"Operational groups managing shipment coordination typically lack centralized visibility across reporting environments, vendor records, and implementation workflows.",specialty clinics,$29.8B annual operating market across 10 regions,"The software standardizes workflows related to shipment coordination while supporting audit visibility, role-based access management, and operational tracking.",The software includes configurable controls aligned with procurement and reporting requirements.,Customer deployments are managed through standardized implementation procedures across account operating environments.,Recurring software subscriptions; onboarding retainers; reporting modules,Customers are billed through annual contracts aligned with usage activity and implementation requirements.,"Customer acquisition relies on procurement referrals, implementation partners, and direct enterprise sales activity.",1215419,9729857,866312,3 months,rejected
SignalLedger,SignalLedger provides enterprise software focused on shipment coordination for specialty clinics. The company is raising funding to support regional deployment operations and commercial onboarding capacity.,ecommerce,pre-seed,3597688,EUR,"Operational groups managing shipment coordination typically lack centralized visibility across reporting environments, vendor records, and implementation workflows.",specialty clinics,$44.5B annual operating market across 9 regions,The product centralizes operational coordination associated with shipment coordination into a unified management environment with configurable workflow logic.,The implementation framework maintains configurable workflow rules across customer operating environments.,Deployment operations follow a structured onboarding process across customer operating environments with phased implementation support during rollout.,Recurring software subscriptions; onboarding retainers; reporting modules,Pricing combines recurring subscription commitments with onboarding and reporting service charges.,"The company sources accounts through regional implementation partners, outbound sales outreach, and executive referral networks.",734186,43802347,189015,6 months,rejected
SignalLedger,"SignalLedger develops operational software for retail distribution chains managing claims intake. The current financing round supports deployment capacity, onboarding operations, and implementation coverage across additional markets.",saas,idea,1921826,USD,"Organizations responsible for claims intake frequently coordinate activity across disconnected systems, vendor portals, and manual reporting workflows.",retail distribution chains,$64.4B annual operating market across 18 regions,"The software standardizes workflows related to claims intake while supporting audit visibility, role-based access management, and operational tracking.",The platform supports integration with operational systems commonly used across secondary regional markets.,Deployment operations follow a structured onboarding process across customer operating environments with phased implementation support during rollout.,Annual platform agreements; implementation services; support contracts,Pricing combines recurring subscription commitments with onboarding and reporting service charges.,"Customer acquisition relies on procurement referrals, implementation partners, and direct enterprise sales activity.",62653,9859855,99606,28 months,approved
IronFlow,IronFlow provides enterprise software focused on crop purchasing for independent legal practices. The company is raising funding to support regional deployment operations and commercial onboarding capacity.,edtech,pre-seed,1616203,AED,Teams handling crop purchasing often rely on fragmented operational processes requiring repeated reconciliation between internal systems and external service providers.,independent legal practices,$62.8B annual operating market across 19 regions,"The software standardizes workflows related to crop purchasing while supporting audit visibility, role-based access management, and operational tracking.",The software includes configurable controls aligned with procurement and reporting requirements.,Deployment operations follow a structured onboarding process across customer operating environments with phased implementation support during rollout.,Recurring software subscriptions; onboarding retainers; reporting modules,"Commercial agreements are indexed to deployment scope, transaction activity, and active operating locations.","Commercial growth is supported through pilot deployments, sector conferences, and referral relationships.",1207952,5780225,58057,15 months,approved
AtlasBridge,AtlasBridge provides enterprise software focused on vendor reconciliation for commercial property groups. The company is raising funding to support regional deployment operations and commercial onboarding capacity.,edtech,pre-seed,7722889,EUR,"Operational groups managing vendor reconciliation typically lack centralized visibility across reporting environments, vendor records, and implementation workflows.",commercial property groups,$4.2B annual operating market across 13 regions,The product centralizes operational coordination associated with vendor reconciliation into a unified management environment with configurable workflow logic.,The platform supports integration with operational systems commonly used across secondary regional markets.,The implementation framework supports staged account onboarding across distributed operational environments.,Recurring software subscriptions; onboarding retainers; reporting modules,Customers are billed through annual contracts aligned with usage activity and implementation requirements.,"Customer acquisition relies on procurement referrals, implementation partners, and direct enterprise sales activity.",953227,20479196,887580,10 months,rejected
VectorSystems,"VectorSystems develops operational software for regional insurers managing maintenance dispatching. The current financing round supports deployment capacity, onboarding operations, and implementation coverage across additional markets.",saas,pre-seed,4122277,EUR,"Organizations responsible for maintenance dispatching frequently coordinate activity across disconnected systems, vendor portals, and manual reporting workflows.",regional insurers,$46.2B annual operating market across 9 regions,"The software standardizes workflows related to maintenance dispatching while supporting audit visibility, role-based access management, and operational tracking.",The platform supports integration with operational systems commonly used across secondary regional markets.,Customer deployments are managed through standardized implementation procedures across account operating environments.,Usage-based billing; workflow modules; deployment support services,Pricing combines recurring subscription commitments with onboarding and reporting service charges.,"Customer acquisition relies on procurement referrals, implementation partners, and direct enterprise sales activity.",2173719,43650469,728595,3 months,rejected
ApexWorks,ApexWorks provides enterprise software focused on patient scheduling for agricultural exporters. The company is raising funding to support regional deployment operations and commercial onboarding capacity.,proptech,pre-seed,7247169,USD,"Operational groups managing patient scheduling typically lack centralized visibility across reporting environments, vendor records, and implementation workflows.",agricultural exporters,$37.4B annual operating market across 12 regions,The product centralizes operational coordination associated with patient scheduling into a unified management environment with configurable workflow logic.,The software includes configurable controls aligned with procurement and reporting requirements.,Deployment operations follow a structured onboarding process across customer operating environments with phased implementation support during rollout.,Usage-based billing; workflow modules; deployment support services,"Commercial agreements are indexed to deployment scope, transaction activity, and active operating locations.","Customer acquisition relies on procurement referrals, implementation partners, and direct enterprise sales activity.",147527,2840313,256813,3 months,rejected
LatticeSystems,"LatticeSystems develops operational software for specialty clinics managing patient scheduling. The current financing round supports deployment capacity, onboarding operations, and implementation coverage across additional markets.",legaltech,series-a,1030784,GBP,Teams handling patient scheduling often rely on fragmented operational processes requiring repeated reconciliation between internal systems and external service providers.,specialty clinics,$25.7B annual operating market across 5 regions,"The platform consolidates operational records associated with patient scheduling, synchronizes data across connected systems, and maintains configurable reporting controls.",The software includes configurable controls aligned with procurement and reporting requirements.,Deployment operations follow a structured onboarding process across customer operating environments with phased implementation support during rollout.,Annual platform agreements; implementation services; support contracts,Customers are billed through annual contracts aligned with usage activity and implementation requirements.,"Customer acquisition relies on procurement referrals, implementation partners, and direct enterprise sales activity.",1663640,7188498,159415,14 months,approved
VectorBridge,"VectorBridge develops operational software for urban transport contractors managing maintenance dispatching. The current financing round supports deployment capacity, onboarding operations, and implementation coverage across additional markets.",healthtech,series-a,2754071,GBP,"Organizations responsible for maintenance dispatching frequently coordinate activity across disconnected systems, vendor portals, and manual reporting workflows.",urban transport contractors,$57.2B annual operating market across 22 regions,"The platform consolidates operational records associated with maintenance dispatching, synchronizes data across connected systems, and maintains configurable reporting controls.",The platform supports integration with operational systems commonly used across secondary regional markets.,Customer deployments are managed through standardized implementation procedures across account operating environments.,Recurring software subscriptions; onboarding retainers; reporting modules,Customers are billed through annual contracts aligned with usage activity and implementation requirements.,"The company sources accounts through regional implementation partners, outbound sales outreach, and executive referral networks.",1275215,27374581,579762,10 months,rejected
DeltaFlow,"DeltaFlow operates a workflow platform used by urban transport contractors responsible for crop purchasing. Capital from the current round is allocated toward integration support, implementation staffing, and account expansion activity.",cleantech,pre-seed,4559750,EUR,"Organizations responsible for crop purchasing frequently coordinate activity across disconnected systems, vendor portals, and manual reporting workflows.",urban transport contractors,$65.6B annual operating market across 7 regions,"The software standardizes workflows related to crop purchasing while supporting audit visibility, role-based access management, and operational tracking.",The software includes configurable controls aligned with procurement and reporting requirements.,The implementation framework supports staged account onboarding across distributed operational environments.,Usage-based billing; workflow modules; deployment support services,"Commercial agreements are indexed to deployment scope, transaction activity, and active operating locations.","Commercial growth is supported through pilot deployments, sector conferences, and referral relationships.",2519969,11847504,175676,9 months,rejected
SummitPilot,"SummitPilot develops operational software for urban transport contractors managing patient scheduling. The current financing round supports deployment capacity, onboarding operations, and implementation coverage across additional markets.",agritech,pre-seed,3069008,AED,"Organizations responsible for patient scheduling frequently coordinate activity across disconnected systems, vendor portals, and manual reporting workflows.",urban transport contractors,$74.3B annual operating market across 9 regions,The product centralizes operational coordination associated with patient scheduling into a unified management environment with configurable workflow logic.,The implementation framework maintains configurable workflow rules across customer operating environments.,Deployment operations follow a structured onboarding process across customer operating environments with phased implementation support during rollout.,Annual platform agreements; implementation services; support contracts,"Commercial agreements are indexed to deployment scope, transaction activity, and active operating locations.","Commercial growth is supported through pilot deployments, sector conferences, and referral relationships.",1135707,3128646,141969,20 months,approved
PioneerPilot,PioneerPilot provides enterprise software focused on vendor reconciliation for multi-campus training institutes. The company is raising funding to support regional deployment operations and commercial onboarding capacity.,agritech,series-a,3853786,USD,"Organizations responsible for vendor reconciliation frequently coordinate activity across disconnected systems, vendor portals, and manual reporting workflows.",multi-campus training institutes,$34.4B annual operating market across 21 regions,"The software standardizes workflows related to vendor reconciliation while supporting audit visibility, role-based access management, and operational tracking.",The platform supports integration with operational systems commonly used across secondary regional markets.,The implementation framework supports staged account onboarding across distributed operational environments.,Recurring software subscriptions; onboarding retainers; reporting modules,"Commercial agreements are indexed to deployment scope, transaction activity, and active operating locations.","Customer acquisition relies on procurement referrals, implementation partners, and direct enterprise sales activity.",2098664,5212996,98614,17 months,approved
PioneerPilot,PioneerPilot provides enterprise software focused on credential verification for regional insurers. The company is raising funding to support regional deployment operations and commercial onboarding capacity.,cleantech,pre-seed,5873784,SGD,"Operational groups managing credential verification typically lack centralized visibility across reporting environments, vendor records, and implementation workflows.",regional insurers,$4.0B annual operating market across 11 regions,"The software standardizes workflows related to credential verification while supporting audit visibility, role-based access management, and operational tracking.",The platform supports integration with operational systems commonly used across secondary regional markets.,The implementation framework supports staged account onboarding across distributed operational environments.,Recurring software subscriptions; onboarding retainers; reporting modules,"Commercial agreements are indexed to deployment scope, transaction activity, and active operating locations.","Customer acquisition relies on procurement referrals, implementation partners, and direct enterprise sales activity.",1579873,26059714,737964,10 months,rejected
DeltaBase,"DeltaBase develops operational software for regional insurers managing crop purchasing. The current financing round supports deployment capacity, onboarding operations, and implementation coverage across additional markets.",healthtech,pre-seed,6587817,SGD,Teams handling crop purchasing often rely on fragmented operational processes requiring repeated reconciliation between internal systems and external service providers.,regional insurers,$61.7B annual operating market across 11 regions,The product centralizes operational coordination associated with crop purchasing into a unified management environment with configurable workflow logic.,The platform supports integration with operational systems commonly used across secondary regional markets.,Customer deployments are managed through standardized implementation procedures across account operating environments.,Recurring software subscriptions; onboarding retainers; reporting modules,Customers are billed through annual contracts aligned with usage activity and implementation requirements.,"The company sources accounts through regional implementation partners, outbound sales outreach, and executive referral networks.",412583,6794906,295328,5 months,rejected
HarborLogic,"HarborLogic develops operational software for warehouse operators managing claims intake. The current financing round supports deployment capacity, onboarding operations, and implementation coverage across additional markets.",edtech,idea,3310463,AED,"Organizations responsible for claims intake frequently coordinate activity across disconnected systems, vendor portals, and manual reporting workflows.",warehouse operators,$70.8B annual operating market across 18 regions,The product centralizes operational coordination associated with claims intake into a unified management environment with configurable workflow logic.,The platform supports integration with operational systems commonly used across secondary regional markets.,The implementation framework supports staged account onboarding across distributed operational environments.,Usage-based billing; workflow modules; deployment support services,"Commercial agreements are indexed to deployment scope, transaction activity, and active operating locations.","Customer acquisition relies on procurement referrals, implementation partners, and direct enterprise sales activity.",1146863,23157464,333698,8 months,rejected
LatticeBridge,"LatticeBridge develops operational software for commercial property groups managing claims intake. The current financing round supports deployment capacity, onboarding operations, and implementation coverage across additional markets.",fintech,series-a,2967257,SGD,"Organizations responsible for claims intake frequently coordinate activity across disconnected systems, vendor portals, and manual reporting workflows.",commercial property groups,$12.6B annual operating market across 12 regions,"The platform consolidates operational records associated with claims intake, synchronizes data across connected systems, and maintains configurable reporting controls.",The deployment architecture supports phased onboarding across distributed customer operating environments.,Customer deployments are managed through standardized implementation procedures across account operating environments.,Recurring software subscriptions; onboarding retainers; reporting modules,"Commercial agreements are indexed to deployment scope, transaction activity, and active operating locations.","Customer acquisition relies on procurement referrals, implementation partners, and direct enterprise sales activity.",1864065,8277296,51602,21 months,approved
ApexCore,ApexCore provides enterprise software focused on compliance tracking for specialty clinics. The company is raising funding to support regional deployment operations and commercial onboarding capacity.,healthtech,seed,2457177,GBP,"Operational groups managing compliance tracking typically lack centralized visibility across reporting environments, vendor records, and implementation workflows.",specialty clinics,$20.3B annual operating market across 11 regions,"The software standardizes workflows related to compliance tracking while supporting audit visibility, role-based access management, and operational tracking.",The deployment architecture supports phased onboarding across distributed customer operating environments.,The implementation framework supports staged account onboarding across distributed operational environments.,Annual platform agreements; implementation services; support contracts,"Commercial agreements are indexed to deployment scope, transaction activity, and active operating locations.","The company sources accounts through regional implementation partners, outbound sales outreach, and executive referral networks.",1838192,5084511,152504,28 months,approved
ApexBridge,"ApexBridge operates a workflow platform used by agricultural exporters responsible for maintenance dispatching. Capital from the current round is allocated toward integration support, implementation staffing, and account expansion activity.",logistics,seed,6236714,GBP,"Operational groups managing maintenance dispatching typically lack centralized visibility across reporting environments, vendor records, and implementation workflows.",agricultural exporters,$47.5B annual operating market across 14 regions,"The software standardizes workflows related to maintenance dispatching while supporting audit visibility, role-based access management, and operational tracking.",The software includes configurable controls aligned with procurement and reporting requirements.,Customer deployments are managed through standardized implementation procedures across account operating environments.,Recurring software subscriptions; onboarding retainers; reporting modules,Pricing combines recurring subscription commitments with onboarding and reporting service charges.,"Customer acquisition relies on procurement referrals, implementation partners, and direct enterprise sales activity.",373905,22315850,572869,10 months,rejected
SignalCore,"SignalCore develops operational software for specialty clinics managing shipment coordination. The current financing round supports deployment capacity, onboarding operations, and implementation coverage across additional markets.",fintech,seed,3135465,GBP,"Operational groups managing shipment coordination typically lack centralized visibility across reporting environments, vendor records, and implementation workflows.",specialty clinics,$29.8B annual operating market across 10 regions,"The software standardizes workflows related to shipment coordination while supporting audit visibility, role-based access management, and operational tracking.",The software includes configurable controls aligned with procurement and reporting requirements.,Customer deployments are managed through standardized implementation procedures across account operating environments.,Recurring software subscriptions; onboarding retainers; reporting modules,Customers are billed through annual contracts aligned with usage activity and implementation requirements.,"Customer acquisition relies on procurement referrals, implementation partners, and direct enterprise sales activity.",1815638,6414081,182721,24 months,approved
AtlasBridge,"AtlasBridge operates a workflow platform used by multi-campus training institutes responsible for credential verification. Capital from the current round is allocated toward integration support, implementation staffing, and account expansion activity.",saas,idea,5302731,GBP,"Organizations responsible for credential verification frequently coordinate activity across disconnected systems, vendor portals, and manual reporting workflows.",multi-campus training institutes,$45.9B annual operating market across 11 regions,"The software standardizes workflows related to credential verification while supporting audit visibility, role-based access management, and operational tracking.",The implementation framework maintains configurable workflow rules across customer operating environments.,Customer deployments are managed through standardized implementation procedures across account operating environments.,Recurring software subscriptions; onboarding retainers; reporting modules,"Commercial agreements are indexed to deployment scope, transaction activity, and active operating locations.","Commercial growth is supported through pilot deployments, sector conferences, and referral relationships.",1862240,15977137,195718,8 months,rejected
LatticeSystems,"LatticeSystems operates a workflow platform used by specialty clinics responsible for tenant onboarding. Capital from the current round is allocated toward integration support, implementation staffing, and account expansion activity.",saas,idea,3465198,GBP,"Operational groups managing tenant onboarding typically lack centralized visibility across reporting environments, vendor records, and implementation workflows.",specialty clinics,$56.3B annual operating market across 16 regions,The product centralizes operational coordination associated with tenant onboarding into a unified management environment with configurable workflow logic.,The platform supports integration with operational systems commonly used across secondary regional markets.,Customer deployments are managed through standardized implementation procedures across account operating environments.,Recurring software subscriptions; onboarding retainers; reporting modules,Pricing combines recurring subscription commitments with onboarding and reporting service charges.,"Commercial growth is supported through pilot deployments, sector conferences, and referral relationships.",33926,4318618,155242,15 months,approved
PioneerSystems,"PioneerSystems develops operational software for regional insurers managing patient scheduling. The current financing round supports deployment capacity, onboarding operations, and implementation coverage across additional markets.",legaltech,seed,8318750,GBP,Teams handling patient scheduling often rely on fragmented operational processes requiring repeated reconciliation between internal systems and external service providers.,regional insurers,$68.5B annual operating market across 20 regions,"The platform consolidates operational records associated with patient scheduling, synchronizes data across connected systems, and maintains configurable reporting controls.",The platform supports integration with operational systems commonly used across secondary regional markets.,Deployment operations follow a structured onboarding process across customer operating environments with phased implementation support during rollout.,Annual platform agreements; implementation services; support contracts,"Commercial agreements are indexed to deployment scope, transaction activity, and active operating locations.","Commercial growth is supported through pilot deployments, sector conferences, and referral relationships.",1218953,16928140,255433,10 months,rejected
PioneerCore,"PioneerCore operates a workflow platform used by agricultural exporters responsible for vendor reconciliation. Capital from the current round is allocated toward integration support, implementation staffing, and account expansion activity.",fintech,pre-seed,2509450,EUR,Teams handling vendor reconciliation often rely on fragmented operational processes requiring repeated reconciliation between internal systems and external service providers.,agricultural exporters,$94.8B annual operating market across 5 regions,"The platform consolidates operational records associated with vendor reconciliation, synchronizes data across connected systems, and maintains configurable reporting controls.",The platform supports integration with operational systems commonly used across secondary regional markets.,Customer deployments are managed through standardized implementation procedures across account operating environments.,Recurring software subscriptions; onboarding retainers; reporting modules,Customers are billed through annual contracts aligned with usage activity and implementation requirements.,"Commercial growth is supported through pilot deployments, sector conferences, and referral relationships.",1289738,23563111,652705,7 months,rejected
LatticeSystems,"LatticeSystems operates a workflow platform used by warehouse operators responsible for tenant onboarding. Capital from the current round is allocated toward integration support, implementation staffing, and account expansion activity.",legaltech,idea,6065171,GBP,"Operational groups managing tenant onboarding typically lack centralized visibility across reporting environments, vendor records, and implementation workflows.",warehouse operators,$39.9B annual operating market across 5 regions,The product centralizes operational coordination associated with tenant onboarding into a unified management environment with configurable workflow logic.,The software includes configurable controls aligned with procurement and reporting requirements.,Deployment operations follow a structured onboarding process across customer operating environments with phased implementation support during rollout.,Recurring software subscriptions; onboarding retainers; reporting modules,"Commercial agreements are indexed to deployment scope, transaction activity, and active operating locations.","The company sources accounts through regional implementation partners, outbound sales outreach, and executive referral networks.",2587860,11176207,206655,8 months,rejected
NorthGrid,"NorthGrid operates a workflow platform used by urban transport contractors responsible for maintenance dispatching. Capital from the current round is allocated toward integration support, implementation staffing, and account expansion activity.",saas,series-a,8017602,SGD,"Organizations responsible for maintenance dispatching frequently coordinate activity across disconnected systems, vendor portals, and manual reporting workflows.",urban transport contractors,$27.5B annual operating market across 21 regions,"The software standardizes workflows related to maintenance dispatching while supporting audit visibility, role-based access management, and operational tracking.",The deployment architecture supports phased onboarding across distributed customer operating environments.,The implementation framework supports staged account onboarding across distributed operational environments.,Recurring software subscriptions; onboarding retainers; reporting modules,"Commercial agreements are indexed to deployment scope, transaction activity, and active operating locations.","Customer acquisition relies on procurement referrals, implementation partners, and direct enterprise sales activity.",2455004,31381527,247259,8 months,rejected
ApexCloud,ApexCloud provides enterprise software focused on vendor reconciliation for specialty clinics. The company is raising funding to support regional deployment operations and commercial onboarding capacity.,healthtech,pre-seed,2727378,GBP,Teams handling vendor reconciliation often rely on fragmented operational processes requiring repeated reconciliation between internal systems and external service providers.,specialty clinics,$20.3B annual operating market across 12 regions,"The software standardizes workflows related to vendor reconciliation while supporting audit visibility, role-based access management, and operational tracking.",The deployment architecture supports phased onboarding across distributed customer operating environments.,The implementation framework supports staged account onboarding across distributed operational environments.,Annual platform agreements; implementation services; support contracts,Pricing combines recurring subscription commitments with onboarding and reporting service charges.,"The company sources accounts through regional implementation partners, outbound sales outreach, and executive referral networks.",585051,1442043,156991,25 months,approved
PioneerWorks,"PioneerWorks operates a workflow platform used by regional insurers responsible for credential verification. Capital from the current round is allocated toward integration support, implementation staffing, and account expansion activity.",proptech,idea,2876476,SGD,Teams handling credential verification often rely on fragmented operational processes requiring repeated reconciliation between internal systems and external service providers.,regional insurers,$31.1B annual operating market across 20 regions,The product centralizes operational coordination associated with credential verification into a unified management environment with configurable workflow logic.,The deployment architecture supports phased onboarding across distributed customer operating environments.,Deployment operations follow a structured onboarding process across customer operating environments with phased implementation support during rollout.,Usage-based billing; workflow modules; deployment support services,"Commercial agreements are indexed to deployment scope, transaction activity, and active operating locations.","Commercial growth is supported through pilot deployments, sector conferences, and referral relationships.",1238204,6173829,173670,19 months,approved
SummitLedger,"SummitLedger operates a workflow platform used by multi-campus training institutes responsible for compliance tracking. Capital from the current round is allocated toward integration support, implementation staffing, and account expansion activity.",agritech,pre-seed,486121,USD,"Operational groups managing compliance tracking typically lack centralized visibility across reporting environments, vendor records, and implementation workflows.",multi-campus training institutes,$29.4B annual operating market across 13 regions,The product centralizes operational coordination associated with compliance tracking into a unified management environment with configurable workflow logic.,The software includes configurable controls aligned with procurement and reporting requirements.,Deployment operations follow a structured onboarding process across customer operating environments with phased implementation support during rollout.,Annual platform agreements; implementation services; support contracts,"Commercial agreements are indexed to deployment scope, transaction activity, and active operating locations.","Commercial growth is supported through pilot deployments, sector conferences, and referral relationships.",1340075,6672087,172927,21 months,approved
LatticeWorks,"LatticeWorks develops operational software for industrial procurement teams managing compliance tracking. The current financing round supports deployment capacity, onboarding operations, and implementation coverage across additional markets.",healthtech,pre-seed,3835787,USD,"Operational groups managing compliance tracking typically lack centralized visibility across reporting environments, vendor records, and implementation workflows.",industrial procurement teams,$5.4B annual operating market across 12 regions,"The platform consolidates operational records associated with compliance tracking, synchronizes data across connected systems, and maintains configurable reporting controls.",The software includes configurable controls aligned with procurement and reporting requirements.,The implementation framework supports staged account onboarding across distributed operational environments.,Recurring software subscriptions; onboarding retainers; reporting modules,Pricing combines recurring subscription commitments with onboarding and reporting service charges.,"Commercial growth is supported through pilot deployments, sector conferences, and referral relationships.",15376,11283082,68056,17 months,approved
HarborWorks,HarborWorks provides enterprise software focused on crop purchasing for retail distribution chains. The company is raising funding to support regional deployment operations and commercial onboarding capacity.,fintech,idea,5474450,AED,Teams handling crop purchasing often rely on fragmented operational processes requiring repeated reconciliation between internal systems and external service providers.,retail distribution chains,$55.7B annual operating market across 11 regions,"The software standardizes workflows related to crop purchasing while supporting audit visibility, role-based access management, and operational tracking.",The implementation framework maintains configurable workflow rules across customer operating environments.,Deployment operations follow a structured onboarding process across customer operating environments with phased implementation support during rollout.,Usage-based billing; workflow modules; deployment support services,Pricing combines recurring subscription commitments with onboarding and reporting service charges.,"Customer acquisition relies on procurement referrals, implementation partners, and direct enterprise sales activity.",1840939,25549291,193495,3 months,rejected
SummitCore,"SummitCore operates a workflow platform used by warehouse operators responsible for vendor reconciliation. Capital from the current round is allocated toward integration support, implementation staffing, and account expansion activity.",proptech,pre-seed,7258409,GBP,Teams handling vendor reconciliation often rely on fragmented operational processes requiring repeated reconciliation between internal systems and external service providers.,warehouse operators,$37.6B annual operating market across 8 regions,"The platform consolidates operational records associated with vendor reconciliation, synchronizes data across connected systems, and maintains configurable reporting controls.",The platform supports integration with operational systems commonly used across secondary regional markets.,The implementation framework supports staged account onboarding across distributed operational environments.,Annual platform agreements; implementation services; support contracts,Customers are billed through annual contracts aligned with usage activity and implementation requirements.,"The company sources accounts through regional implementation partners, outbound sales outreach, and executive referral networks.",170732,1607616,576166,7 months,rejected
VectorBridge,"VectorBridge operates a workflow platform used by multi-campus training institutes responsible for patient scheduling. Capital from the current round is allocated toward integration support, implementation staffing, and account expansion activity.",edtech,series-a,4696632,USD,"Operational groups managing patient scheduling typically lack centralized visibility across reporting environments, vendor records, and implementation workflows.",multi-campus training institutes,$37.2B annual operating market across 5 regions,"The platform consolidates operational records associated with patient scheduling, synchronizes data across connected systems, and maintains configurable reporting controls.",The platform supports integration with operational systems commonly used across secondary regional markets.,Customer deployments are managed through standardized implementation procedures across account operating environments.,Recurring software subscriptions; onboarding retainers; reporting modules,Customers are billed through annual contracts aligned with usage activity and implementation requirements.,"The company sources accounts through regional implementation partners, outbound sales outreach, and executive referral networks.",1212355,20267905,179095,10 months,rejected
NorthLogic,"NorthLogic operates a workflow platform used by multi-campus training institutes responsible for crop purchasing. Capital from the current round is allocated toward integration support, implementation staffing, and account expansion activity.",fintech,seed,585409,GBP,Teams handling crop purchasing often rely on fragmented operational processes requiring repeated reconciliation between internal systems and external service providers.,multi-campus training institutes,$63.2B annual operating market across 19 regions,"The platform consolidates operational records associated with crop purchasing, synchronizes data across connected systems, and maintains configurable reporting controls.",The platform supports integration with operational systems commonly used across secondary regional markets.,Deployment operations follow a structured onboarding process across customer operating environments with phased implementation support during rollout.,Annual platform agreements; implementation services; support contracts,Customers are billed through annual contracts aligned with usage activity and implementation requirements.,"The company sources accounts through regional implementation partners, outbound sales outreach, and executive referral networks.",1091403,4047933,106758,24 months,approved
AtlasMetrics,"AtlasMetrics operates a workflow platform used by retail distribution chains responsible for maintenance dispatching. Capital from the current round is allocated toward integration support, implementation staffing, and account expansion activity.",edtech,series-a,5746538,EUR,Teams handling maintenance dispatching often rely on fragmented operational processes requiring repeated reconciliation between internal systems and external service providers.,retail distribution chains,$7.7B annual operating market across 5 regions,The product centralizes operational coordination associated with maintenance dispatching into a unified management environment with configurable workflow logic.,The software includes configurable controls aligned with procurement and reporting requirements.,Customer deployments are managed through standardized implementation procedures across account operating environments.,Annual platform agreements; implementation services; support contracts,Customers are billed through annual contracts aligned with usage activity and implementation requirements.,"Commercial growth is supported through pilot deployments, sector conferences, and referral relationships.",708157,13291407,127394,9 months,rejected
ApexCloud,"ApexCloud develops operational software for industrial procurement teams managing claims intake. The current financing round supports deployment capacity, onboarding operations, and implementation coverage across additional markets.",logistics,pre-seed,1886092,EUR,"Organizations responsible for claims intake frequently coordinate activity across disconnected systems, vendor portals, and manual reporting workflows.",industrial procurement teams,$23.8B annual operating market across 8 regions,"The software standardizes workflows related to claims intake while supporting audit visibility, role-based access management, and operational tracking.",The deployment architecture supports phased onboarding across distributed customer operating environments.,The implementation framework supports staged account onboarding across distributed operational environments.,Usage-based billing; workflow modules; deployment support services,"Commercial agreements are indexed to deployment scope, transaction activity, and active operating locations.","The company sources accounts through regional implementation partners, outbound sales outreach, and executive referral networks.",456656,2035138,182355,22 months,approved
VectorSystems,"VectorSystems develops operational software for regional insurers managing maintenance dispatching. The current financing round supports deployment capacity, onboarding operations, and implementation coverage across additional markets.",saas,pre-seed,832647,EUR,"Organizations responsible for maintenance dispatching frequently coordinate activity across disconnected systems, vendor portals, and manual reporting workflows.",regional insurers,$46.2B annual operating market across 9 regions,"The software standardizes workflows related to maintenance dispatching while supporting audit visibility, role-based access management, and operational tracking.",The platform supports integration with operational systems commonly used across secondary regional markets.,Customer deployments are managed through standardized implementation procedures across account operating environments.,Usage-based billing; workflow modules; deployment support services,Pricing combines recurring subscription commitments with onboarding and reporting service charges.,"Customer acquisition relies on procurement referrals, implementation partners, and direct enterprise sales activity.",662835,1483999,110782,20 months,approved
VectorBridge,"VectorBridge develops operational software for industrial procurement teams managing inventory forecasting. The current financing round supports deployment capacity, onboarding operations, and implementation coverage across additional markets.",fintech,pre-seed,5135921,AED,"Organizations responsible for inventory forecasting frequently coordinate activity across disconnected systems, vendor portals, and manual reporting workflows.",industrial procurement teams,$85.3B annual operating market across 22 regions,"The platform consolidates operational records associated with inventory forecasting, synchronizes data across connected systems, and maintains configurable reporting controls.",The platform supports integration with operational systems commonly used across secondary regional markets.,Deployment operations follow a structured onboarding process across customer operating environments with phased implementation support during rollout.,Annual platform agreements; implementation services; support contracts,Pricing combines recurring subscription commitments with onboarding and reporting service charges.,"The company sources accounts through regional implementation partners, outbound sales outreach, and executive referral networks.",2172203,21154583,668270,9 months,rejected
IronBase,IronBase provides enterprise software focused on compliance tracking for specialty clinics. The company is raising funding to support regional deployment operations and commercial onboarding capacity.,ecommerce,series-a,5700406,USD,Teams handling compliance tracking often rely on fragmented operational processes requiring repeated reconciliation between internal systems and external service providers.,specialty clinics,$35.7B annual operating market across 8 regions,"The software standardizes workflows related to compliance tracking while supporting audit visibility, role-based access management, and operational tracking.",The platform supports integration with operational systems commonly used across secondary regional markets.,Deployment operations follow a structured onboarding process across customer operating environments with phased implementation support during rollout.,Recurring software subscriptions; onboarding retainers; reporting modules,"Commercial agreements are indexed to deployment scope, transaction activity, and active operating locations.","Customer acquisition relies on procurement referrals, implementation partners, and direct enterprise sales activity.",1107722,20160196,137082,10 months,rejected
GraniteBridge,GraniteBridge provides enterprise software focused on inventory forecasting for independent legal practices. The company is raising funding to support regional deployment operations and commercial onboarding capacity.,legaltech,series-a,3976874,GBP,"Organizations responsible for inventory forecasting frequently coordinate activity across disconnected systems, vendor portals, and manual reporting workflows.",independent legal practices,$91.0B annual operating market across 6 regions,The product centralizes operational coordination associated with inventory forecasting into a unified management environment with configurable workflow logic.,The implementation framework maintains configurable workflow rules across customer operating environments.,Deployment operations follow a structured onboarding process across customer operating environments with phased implementation support during rollout.,Usage-based billing; workflow modules; deployment support services,"Commercial agreements are indexed to deployment scope, transaction activity, and active operating locations.","Customer acquisition relies on procurement referrals, implementation partners, and direct enterprise sales activity.",1497851,7698903,93427,20 months,approved
LatticePilot,"LatticePilot operates a workflow platform used by urban transport contractors responsible for maintenance dispatching. Capital from the current round is allocated toward integration support, implementation staffing, and account expansion activity.",proptech,series-a,3752506,AED,"Operational groups managing maintenance dispatching typically lack centralized visibility across reporting environments, vendor records, and implementation workflows.",urban transport contractors,$92.0B annual operating market across 19 regions,The product centralizes operational coordination associated with maintenance dispatching into a unified management environment with configurable workflow logic.,The software includes configurable controls aligned with procurement and reporting requirements.,Deployment operations follow a structured onboarding process across customer operating environments with phased implementation support during rollout.,Recurring software subscriptions; onboarding retainers; reporting modules,"Commercial agreements are indexed to deployment scope, transaction activity, and active operating locations.","Commercial growth is supported through pilot deployments, sector conferences, and referral relationships.",2014542,14778297,138783,6 months,rejected
LatticeBase,"LatticeBase develops operational software for regional insurers managing patient scheduling. The current financing round supports deployment capacity, onboarding operations, and implementation coverage across additional markets.",logistics,seed,3563706,AED,"Operational groups managing patient scheduling typically lack centralized visibility across reporting environments, vendor records, and implementation workflows.",regional insurers,$73.3B annual operating market across 16 regions,"The software standardizes workflows related to patient scheduling while supporting audit visibility, role-based access management, and operational tracking.",The platform supports integration with operational systems commonly used across secondary regional markets.,Deployment operations follow a structured onboarding process across customer operating environments with phased implementation support during rollout.,Usage-based billing; workflow modules; deployment support services,Customers are billed through annual contracts aligned with usage activity and implementation requirements.,"Customer acquisition relies on procurement referrals, implementation partners, and direct enterprise sales activity.",579387,9647888,228168,7 months,rejected
DeltaGrid,"DeltaGrid develops operational software for agricultural exporters managing patient scheduling. The current financing round supports deployment capacity, onboarding operations, and implementation coverage across additional markets.",saas,series-a,6558706,USD,"Operational groups managing patient scheduling typically lack centralized visibility across reporting environments, vendor records, and implementation workflows.",agricultural exporters,$64.8B annual operating market across 19 regions,"The software standardizes workflows related to patient scheduling while supporting audit visibility, role-based access management, and operational tracking.",The software includes configurable controls aligned with procurement and reporting requirements.,Customer deployments are managed through standardized implementation procedures across account operating environments.,Usage-based billing; workflow modules; deployment support services,"Commercial agreements are indexed to deployment scope, transaction activity, and active operating locations.","Commercial growth is supported through pilot deployments, sector conferences, and referral relationships.",337006,3629759,215832,10 months,rejected
AtlasFlow,AtlasFlow provides enterprise software focused on shipment coordination for independent legal practices. The company is raising funding to support regional deployment operations and commercial onboarding capacity.,ecommerce,pre-seed,2859320,USD,Teams handling shipment coordination often rely on fragmented operational processes requiring repeated reconciliation between internal systems and external service providers.,independent legal practices,$88.7B annual operating market across 9 regions,"The software standardizes workflows related to shipment coordination while supporting audit visibility, role-based access management, and operational tracking.",The deployment architecture supports phased onboarding across distributed customer operating environments.,Customer deployments are managed through standardized implementation procedures across account operating environments.,Usage-based billing; workflow modules; deployment support services,Customers are billed through annual contracts aligned with usage activity and implementation requirements.,"Commercial growth is supported through pilot deployments, sector conferences, and referral relationships.",167668,9475635,51712,16 months,approved
ApexPilot,"ApexPilot develops operational software for urban transport contractors managing tenant onboarding. The current financing round supports deployment capacity, onboarding operations, and implementation coverage across additional markets.",cleantech,pre-seed,6183836,AED,"Operational groups managing tenant onboarding typically lack centralized visibility across reporting environments, vendor records, and implementation workflows.",urban transport contractors,$16.6B annual operating market across 21 regions,The product centralizes operational coordination associated with tenant onboarding into a unified management environment with configurable workflow logic.,The platform supports integration with operational systems commonly used across secondary regional markets.,Deployment operations follow a structured onboarding process across customer operating environments with phased implementation support during rollout.,Annual platform agreements; implementation services; support contracts,Pricing combines recurring subscription commitments with onboarding and reporting service charges.,"The company sources accounts through regional implementation partners, outbound sales outreach, and executive referral networks.",72068,21605403,793587,5 months,rejected
LatticeLedger,LatticeLedger provides enterprise software focused on crop purchasing for retail distribution chains. The company is raising funding to support regional deployment operations and commercial onboarding capacity.,ecommerce,seed,425520,GBP,Teams handling crop purchasing often rely on fragmented operational processes requiring repeated reconciliation between internal systems and external service providers.,retail distribution chains,$74.0B annual operating market across 12 regions,"The software standardizes workflows related to crop purchasing while supporting audit visibility, role-based access management, and operational tracking.",The platform supports integration with operational systems commonly used across secondary regional markets.,The implementation framework supports staged account onboarding across distributed operational environments.,Annual platform agreements; implementation services; support contracts,"Commercial agreements are indexed to deployment scope, transaction activity, and active operating locations.","Commercial growth is supported through pilot deployments, sector conferences, and referral relationships.",166958,5980142,172299,18 months,approved
IronWorks,"IronWorks operates a workflow platform used by retail distribution chains responsible for credential verification. Capital from the current round is allocated toward integration support, implementation staffing, and account expansion activity.",fintech,idea,3386858,USD,"Organizations responsible for credential verification frequently coordinate activity across disconnected systems, vendor portals, and manual reporting workflows.",retail distribution chains,$38.5B annual operating market across 16 regions,"The platform consolidates operational records associated with credential verification, synchronizes data across connected systems, and maintains configurable reporting controls.",The software includes configurable controls aligned with procurement and reporting requirements.,The implementation framework supports staged account onboarding across distributed operational environments.,Annual platform agreements; implementation services; support contracts,Customers are billed through annual contracts aligned with usage activity and implementation requirements.,"Commercial growth is supported through pilot deployments, sector conferences, and referral relationships.",1013751,5497465,120674,27 months,approved
AtlasCloud,"AtlasCloud develops operational software for urban transport contractors managing shipment coordination. The current financing round supports deployment capacity, onboarding operations, and implementation coverage across additional markets.",healthtech,idea,1036198,USD,Teams handling shipment coordination often rely on fragmented operational processes requiring repeated reconciliation between internal systems and external service providers.,urban transport contractors,$32.5B annual operating market across 19 regions,"The software standardizes workflows related to shipment coordination while supporting audit visibility, role-based access management, and operational tracking.",The deployment architecture supports phased onboarding across distributed customer operating environments.,Deployment operations follow a structured onboarding process across customer operating environments with phased implementation support during rollout.,Annual platform agreements; implementation services; support contracts,Customers are billed through annual contracts aligned with usage activity and implementation requirements.,"The company sources accounts through regional implementation partners, outbound sales outreach, and executive referral networks.",2096868,8774943,119441,20 months,approved
PioneerBridge,"PioneerBridge develops operational software for urban transport contractors managing claims intake. The current financing round supports deployment capacity, onboarding operations, and implementation coverage across additional markets.",ecommerce,idea,7321439,AED,"Organizations responsible for claims intake frequently coordinate activity across disconnected systems, vendor portals, and manual reporting workflows.",urban transport contractors,$59.4B annual operating market across 17 regions,"The platform consolidates operational records associated with claims intake, synchronizes data across connected systems, and maintains configurable reporting controls.",The implementation framework maintains configurable workflow rules across customer operating environments.,The implementation framework supports staged account onboarding across distributed operational environments.,Usage-based billing; workflow modules; deployment support services,Pricing combines recurring subscription commitments with onboarding and reporting service charges.,"The company sources accounts through regional implementation partners, outbound sales outreach, and executive referral networks.",1373231,6386779,242609,7 months,rejected
ApexCloud,"ApexCloud develops operational software for industrial procurement teams managing claims intake. The current financing round supports deployment capacity, onboarding operations, and implementation coverage across additional markets.",logistics,pre-seed,9426994,EUR,"Organizations responsible for claims intake frequently coordinate activity across disconnected systems, vendor portals, and manual reporting workflows.",industrial procurement teams,$23.8B annual operating market across 8 regions,"The software standardizes workflows related to claims intake while supporting audit visibility, role-based access management, and operational tracking.",The deployment architecture supports phased onboarding across distributed customer operating environments.,The implementation framework supports staged account onboarding across distributed operational environments.,Usage-based billing; workflow modules; deployment support services,"Commercial agreements are indexed to deployment scope, transaction activity, and active operating locations.","The company sources accounts through regional implementation partners, outbound sales outreach, and executive referral networks.",646155,9912755,456406,7 months,rejected
DeltaLedger,"DeltaLedger develops operational software for urban transport contractors managing tenant onboarding. The current financing round supports deployment capacity, onboarding operations, and implementation coverage across additional markets.",proptech,seed,515869,AED,"Organizations responsible for tenant onboarding frequently coordinate activity across disconnected systems, vendor portals, and manual reporting workflows.",urban transport contractors,$82.2B annual operating market across 12 regions,The product centralizes operational coordination associated with tenant onboarding into a unified management environment with configurable workflow logic.,The platform supports integration with operational systems commonly used across secondary regional markets.,Deployment operations follow a structured onboarding process across customer operating environments with phased implementation support during rollout.,Annual platform agreements; implementation services; support contracts,"Commercial agreements are indexed to deployment scope, transaction activity, and active operating locations.","The company sources accounts through regional implementation partners, outbound sales outreach, and executive referral networks.",98239,7448992,130692,14 months,approved
ApexLedger,"ApexLedger develops operational software for independent legal practices managing inventory forecasting. The current financing round supports deployment capacity, onboarding operations, and implementation coverage across additional markets.",edtech,seed,1727205,USD,Teams handling inventory forecasting often rely on fragmented operational processes requiring repeated reconciliation between internal systems and external service providers.,independent legal practices,$89.2B annual operating market across 7 regions,The product centralizes operational coordination associated with inventory forecasting into a unified management environment with configurable workflow logic.,The implementation framework maintains configurable workflow rules across customer operating environments.,The implementation framework supports staged account onboarding across distributed operational environments.,Recurring software subscriptions; onboarding retainers; reporting modules,"Commercial agreements are indexed to deployment scope, transaction activity, and active operating locations.","Customer acquisition relies on procurement referrals, implementation partners, and direct enterprise sales activity.",175763,620903,179638,28 months,approved
SignalPilot,SignalPilot provides enterprise software focused on shipment coordination for specialty clinics. The company is raising funding to support regional deployment operations and commercial onboarding capacity.,healthtech,series-a,7075673,AED,"Operational groups managing shipment coordination typically lack centralized visibility across reporting environments, vendor records, and implementation workflows.",specialty clinics,$77.6B annual operating market across 21 regions,"The platform consolidates operational records associated with shipment coordination, synchronizes data across connected systems, and maintains configurable reporting controls.",The software includes configurable controls aligned with procurement and reporting requirements.,Customer deployments are managed through standardized implementation procedures across account operating environments.,Annual platform agreements; implementation services; support contracts,"Commercial agreements are indexed to deployment scope, transaction activity, and active operating locations.","Commercial growth is supported through pilot deployments, sector conferences, and referral relationships.",1593185,8127331,224454,9 months,rejected
DeltaGrid,"DeltaGrid operates a workflow platform used by multi-campus training institutes responsible for inventory forecasting. Capital from the current round is allocated toward integration support, implementation staffing, and account expansion activity.",logistics,seed,975028,USD,"Organizations responsible for inventory forecasting frequently coordinate activity across disconnected systems, vendor portals, and manual reporting workflows.",multi-campus training institutes,$45.7B annual operating market across 11 regions,"The platform consolidates operational records associated with inventory forecasting, synchronizes data across connected systems, and maintains configurable reporting controls.",The platform supports integration with operational systems commonly used across secondary regional markets.,Customer deployments are managed through standardized implementation procedures across account operating environments.,Recurring software subscriptions; onboarding retainers; reporting modules,"Commercial agreements are indexed to deployment scope, transaction activity, and active operating locations.","Customer acquisition relies on procurement referrals, implementation partners, and direct enterprise sales activity.",805373,4349573,139118,23 months,approved
SignalLedger,"SignalLedger develops operational software for retail distribution chains managing claims intake. The current financing round supports deployment capacity, onboarding operations, and implementation coverage across additional markets.",saas,idea,3278899,USD,"Organizations responsible for claims intake frequently coordinate activity across disconnected systems, vendor portals, and manual reporting workflows.",retail distribution chains,$64.4B annual operating market across 18 regions,"The software standardizes workflows related to claims intake while supporting audit visibility, role-based access management, and operational tracking.",The platform supports integration with operational systems commonly used across secondary regional markets.,Deployment operations follow a structured onboarding process across customer operating environments with phased implementation support during rollout.,Annual platform agreements; implementation services; support contracts,Pricing combines recurring subscription commitments with onboarding and reporting service charges.,"Customer acquisition relies on procurement referrals, implementation partners, and direct enterprise sales activity.",169825,13301240,666838,7 months,rejected
NorthGrid,NorthGrid provides enterprise software focused on credential verification for urban transport contractors. The company is raising funding to support regional deployment operations and commercial onboarding capacity.,proptech,idea,1932530,EUR,"Organizations responsible for credential verification frequently coordinate activity across disconnected systems, vendor portals, and manual reporting workflows.",urban transport contractors,$25.3B annual operating market across 6 regions,The product centralizes operational coordination associated with credential verification into a unified management environment with configurable workflow logic.,The software includes configurable controls aligned with procurement and reporting requirements.,The implementation framework supports staged account onboarding across distributed operational environments.,Recurring software subscriptions; onboarding retainers; reporting modules,Pricing combines recurring subscription commitments with onboarding and reporting service charges.,"Commercial growth is supported through pilot deployments, sector conferences, and referral relationships.",132568,385906,106404,22 months,approved
NorthLogic,NorthLogic provides enterprise software focused on patient scheduling for specialty clinics. The company is raising funding to support regional deployment operations and commercial onboarding capacity.,legaltech,pre-seed,6678140,AED,"Operational groups managing patient scheduling typically lack centralized visibility across reporting environments, vendor records, and implementation workflows.",specialty clinics,$19.1B annual operating market across 11 regions,The product centralizes operational coordination associated with patient scheduling into a unified management environment with configurable workflow logic.,The deployment architecture supports phased onboarding across distributed customer operating environments.,Customer deployments are managed through standardized implementation procedures across account operating environments.,Usage-based billing; workflow modules; deployment support services,Pricing combines recurring subscription commitments with onboarding and reporting service charges.,"The company sources accounts through regional implementation partners, outbound sales outreach, and executive referral networks.",1311511,25314452,621997,5 months,rejected
ApexCore,ApexCore provides enterprise software focused on claims intake for industrial procurement teams. The company is raising funding to support regional deployment operations and commercial onboarding capacity.,proptech,seed,1889716,GBP,"Organizations responsible for claims intake frequently coordinate activity across disconnected systems, vendor portals, and manual reporting workflows.",industrial procurement teams,$12.1B annual operating market across 12 regions,"The software standardizes workflows related to claims intake while supporting audit visibility, role-based access management, and operational tracking.",The implementation framework maintains configurable workflow rules across customer operating environments.,Deployment operations follow a structured onboarding process across customer operating environments with phased implementation support during rollout.,Recurring software subscriptions; onboarding retainers; reporting modules,Pricing combines recurring subscription commitments with onboarding and reporting service charges.,"Customer acquisition relies on procurement referrals, implementation partners, and direct enterprise sales activity.",2492251,8865363,62432,17 months,approved
ApexMetrics,"ApexMetrics develops operational software for industrial procurement teams managing patient scheduling. The current financing round supports deployment capacity, onboarding operations, and implementation coverage across additional markets.",ecommerce,series-a,3620697,USD,"Organizations responsible for patient scheduling frequently coordinate activity across disconnected systems, vendor portals, and manual reporting workflows.",industrial procurement teams,$45.4B annual operating market across 11 regions,"The software standardizes workflows related to patient scheduling while supporting audit visibility, role-based access management, and operational tracking.",The implementation framework maintains configurable workflow rules across customer operating environments.,The implementation framework supports staged account onboarding across distributed operational environments.,Recurring software subscriptions; onboarding retainers; reporting modules,"Commercial agreements are indexed to deployment scope, transaction activity, and active operating locations.","The company sources accounts through regional implementation partners, outbound sales outreach, and executive referral networks.",759974,4114895,168735,21 months,approved
DeltaLedger,"DeltaLedger develops operational software for urban transport contractors managing tenant onboarding. The current financing round supports deployment capacity, onboarding operations, and implementation coverage across additional markets.",proptech,seed,4125324,AED,"Organizations responsible for tenant onboarding frequently coordinate activity across disconnected systems, vendor portals, and manual reporting workflows.",urban transport contractors,$82.2B annual operating market across 12 regions,The product centralizes operational coordination associated with tenant onboarding into a unified management environment with configurable workflow logic.,The platform supports integration with operational systems commonly used across secondary regional markets.,Deployment operations follow a structured onboarding process across customer operating environments with phased implementation support during rollout.,Annual platform agreements; implementation services; support contracts,"Commercial agreements are indexed to deployment scope, transaction activity, and active operating locations.","The company sources accounts through regional implementation partners, outbound sales outreach, and executive referral networks.",1553835,15914436,127477,5 months,rejected
DeltaGrid,"DeltaGrid develops operational software for regional insurers managing patient scheduling. The current financing round supports deployment capacity, onboarding operations, and implementation coverage across additional markets.",logistics,series-a,1587959,EUR,Teams handling patient scheduling often rely on fragmented operational processes requiring repeated reconciliation between internal systems and external service providers.,regional insurers,$7.9B annual operating market across 11 regions,"The software standardizes workflows related to patient scheduling while supporting audit visibility, role-based access management, and operational tracking.",The deployment architecture supports phased onboarding across distributed customer operating environments.,Customer deployments are managed through standardized implementation procedures across account operating environments.,Annual platform agreements; implementation services; support contracts,"Commercial agreements are indexed to deployment scope, transaction activity, and active operating locations.","Commercial growth is supported through pilot deployments, sector conferences, and referral relationships.",1769706,9511197,150392,26 months,approved
SignalCloud,SignalCloud provides enterprise software focused on inventory forecasting for regional insurers. The company is raising funding to support regional deployment operations and commercial onboarding capacity.,saas,pre-seed,1959791,GBP,"Organizations responsible for inventory forecasting frequently coordinate activity across disconnected systems, vendor portals, and manual reporting workflows.",regional insurers,$18.4B annual operating market across 11 regions,"The software standardizes workflows related to inventory forecasting while supporting audit visibility, role-based access management, and operational tracking.",The platform supports integration with operational systems commonly used across secondary regional markets.,Customer deployments are managed through standardized implementation procedures across account operating environments.,Usage-based billing; workflow modules; deployment support services,"Commercial agreements are indexed to deployment scope, transaction activity, and active operating locations.","The company sources accounts through regional implementation partners, outbound sales outreach, and executive referral networks.",159870,5115290,168106,20 months,approved
NorthLogic,"NorthLogic operates a workflow platform used by regional insurers responsible for claims intake. Capital from the current round is allocated toward integration support, implementation staffing, and account expansion activity.",edtech,series-a,868676,USD,"Organizations responsible for claims intake frequently coordinate activity across disconnected systems, vendor portals, and manual reporting workflows.",regional insurers,$20.0B annual operating market across 11 regions,"The platform consolidates operational records associated with claims intake, synchronizes data across connected systems, and maintains configurable reporting controls.",The implementation framework maintains configurable workflow rules across customer operating environments.,Customer deployments are managed through standardized implementation procedures across account operating environments.,Annual platform agreements; implementation services; support contracts,Customers are billed through annual contracts aligned with usage activity and implementation requirements.,"Customer acquisition relies on procurement referrals, implementation partners, and direct enterprise sales activity.",278081,957131,167108,17 months,approved
ApexCore,ApexCore provides enterprise software focused on claims intake for industrial procurement teams. The company is raising funding to support regional deployment operations and commercial onboarding capacity.,proptech,seed,8335601,GBP,"Organizations responsible for claims intake frequently coordinate activity across disconnected systems, vendor portals, and manual reporting workflows.",industrial procurement teams,$12.1B annual operating market across 12 regions,"The software standardizes workflows related to claims intake while supporting audit visibility, role-based access management, and operational tracking.",The implementation framework maintains configurable workflow rules across customer operating environments.,Deployment operations follow a structured onboarding process across customer operating environments with phased implementation support during rollout.,Recurring software subscriptions; onboarding retainers; reporting modules,Pricing combines recurring subscription commitments with onboarding and reporting service charges.,"Customer acquisition relies on procurement referrals, implementation partners, and direct enterprise sales activity.",214025,26162511,519286,3 months,rejected
AtlasMetrics,"AtlasMetrics operates a workflow platform used by retail distribution chains responsible for maintenance dispatching. Capital from the current round is allocated toward integration support, implementation staffing, and account expansion activity.",edtech,series-a,2756750,EUR,Teams handling maintenance dispatching often rely on fragmented operational processes requiring repeated reconciliation between internal systems and external service providers.,retail distribution chains,$7.7B annual operating market across 5 regions,The product centralizes operational coordination associated with maintenance dispatching into a unified management environment with configurable workflow logic.,The software includes configurable controls aligned with procurement and reporting requirements.,Customer deployments are managed through standardized implementation procedures across account operating environments.,Annual platform agreements; implementation services; support contracts,Customers are billed through annual contracts aligned with usage activity and implementation requirements.,"Commercial growth is supported through pilot deployments, sector conferences, and referral relationships.",1602810,6941633,52379,28 months,approved
VectorLogic,"VectorLogic operates a workflow platform used by warehouse operators responsible for tenant onboarding. Capital from the current round is allocated toward integration support, implementation staffing, and account expansion activity.",fintech,series-a,4521268,AED,"Organizations responsible for tenant onboarding frequently coordinate activity across disconnected systems, vendor portals, and manual reporting workflows.",warehouse operators,$76.4B annual operating market across 6 regions,"The software standardizes workflows related to tenant onboarding while supporting audit visibility, role-based access management, and operational tracking.",The software includes configurable controls aligned with procurement and reporting requirements.,The implementation framework supports staged account onboarding across distributed operational environments.,Annual platform agreements; implementation services; support contracts,Customers are billed through annual contracts aligned with usage activity and implementation requirements.,"The company sources accounts through regional implementation partners, outbound sales outreach, and executive referral networks.",865647,26159286,730463,10 months,rejected
AtlasFlow,"AtlasFlow operates a workflow platform used by urban transport contractors responsible for shipment coordination. Capital from the current round is allocated toward integration support, implementation staffing, and account expansion activity.",legaltech,seed,4570541,EUR,"Operational groups managing shipment coordination typically lack centralized visibility across reporting environments, vendor records, and implementation workflows.",urban transport contractors,$20.0B annual operating market across 17 regions,"The platform consolidates operational records associated with shipment coordination, synchronizes data across connected systems, and maintains configurable reporting controls.",The software includes configurable controls aligned with procurement and reporting requirements.,The implementation framework supports staged account onboarding across distributed operational environments.,Annual platform agreements; implementation services; support contracts,Pricing combines recurring subscription commitments with onboarding and reporting service charges.,"Customer acquisition relies on procurement referrals, implementation partners, and direct enterprise sales activity.",2019385,14050007,228248,3 months,rejected
HarborCloud,HarborCloud provides enterprise software focused on crop purchasing for agricultural exporters. The company is raising funding to support regional deployment operations and commercial onboarding capacity.,edtech,pre-seed,8789280,USD,"Operational groups managing crop purchasing typically lack centralized visibility across reporting environments, vendor records, and implementation workflows.",agricultural exporters,$47.6B annual operating market across 15 regions,"The platform consolidates operational records associated with crop purchasing, synchronizes data across connected systems, and maintains configurable reporting controls.",The platform supports integration with operational systems commonly used across secondary regional markets.,Deployment operations follow a structured onboarding process across customer operating environments with phased implementation support during rollout.,Usage-based billing; workflow modules; deployment support services,Customers are billed through annual contracts aligned with usage activity and implementation requirements.,"The company sources accounts through regional implementation partners, outbound sales outreach, and executive referral networks.",2142823,6140027,198389,7 months,rejected
IronSystems,"IronSystems develops operational software for specialty clinics managing vendor reconciliation. The current financing round supports deployment capacity, onboarding operations, and implementation coverage across additional markets.",logistics,seed,8233316,GBP,"Operational groups managing vendor reconciliation typically lack centralized visibility across reporting environments, vendor records, and implementation workflows.",specialty clinics,$76.2B annual operating market across 12 regions,"The software standardizes workflows related to vendor reconciliation while supporting audit visibility, role-based access management, and operational tracking.",The platform supports integration with operational systems commonly used across secondary regional markets.,Deployment operations follow a structured onboarding process across customer operating environments with phased implementation support during rollout.,Usage-based billing; workflow modules; deployment support services,"Commercial agreements are indexed to deployment scope, transaction activity, and active operating locations.","Commercial growth is supported through pilot deployments, sector conferences, and referral relationships.",1243186,18955519,674133,4 months,rejected
HarborFlow,"HarborFlow operates a workflow platform used by retail distribution chains responsible for vendor reconciliation. Capital from the current round is allocated toward integration support, implementation staffing, and account expansion activity.",legaltech,idea,3140423,EUR,"Operational groups managing vendor reconciliation typically lack centralized visibility across reporting environments, vendor records, and implementation workflows.",retail distribution chains,$35.9B annual operating market across 13 regions,"The software standardizes workflows related to vendor reconciliation while supporting audit visibility, role-based access management, and operational tracking.",The deployment architecture supports phased onboarding across distributed customer operating environments.,Customer deployments are managed through standardized implementation procedures across account operating environments.,Usage-based billing; workflow modules; deployment support services,"Commercial agreements are indexed to deployment scope, transaction activity, and active operating locations.","Customer acquisition relies on procurement referrals, implementation partners, and direct enterprise sales activity.",2044709,7515433,157646,19 months,approved
SignalLogic,SignalLogic provides enterprise software focused on maintenance dispatching for industrial procurement teams. The company is raising funding to support regional deployment operations and commercial onboarding capacity.,saas,seed,3436490,GBP,Teams handling maintenance dispatching often rely on fragmented operational processes requiring repeated reconciliation between internal systems and external service providers.,industrial procurement teams,$89.6B annual operating market across 22 regions,"The platform consolidates operational records associated with maintenance dispatching, synchronizes data across connected systems, and maintains configurable reporting controls.",The software includes configurable controls aligned with procurement and reporting requirements.,Customer deployments are managed through standardized implementation procedures across account operating environments.,Recurring software subscriptions; onboarding retainers; reporting modules,"Commercial agreements are indexed to deployment scope, transaction activity, and active operating locations.","Customer acquisition relies on procurement referrals, implementation partners, and direct enterprise sales activity.",954521,15841086,232257,10 months,rejected
SignalLogic,SignalLogic provides enterprise software focused on maintenance dispatching for industrial procurement teams. The company is raising funding to support regional deployment operations and commercial onboarding capacity.,saas,seed,3176609,GBP,Teams handling maintenance dispatching often rely on fragmented operational processes requiring repeated reconciliation between internal systems and external service providers.,industrial procurement teams,$89.6B annual operating market across 22 regions,"The platform consolidates operational records associated with maintenance dispatching, synchronizes data across connected systems, and maintains configurable reporting controls.",The software includes configurable controls aligned with procurement and reporting requirements.,Customer deployments are managed through standardized implementation procedures across account operating environments.,Recurring software subscriptions; onboarding retainers; reporting modules,"Commercial agreements are indexed to deployment scope, transaction activity, and active operating locations.","Customer acquisition relies on procurement referrals, implementation partners, and direct enterprise sales activity.",24167,7460588,106383,16 months,approved
PioneerPilot,"PioneerPilot develops operational software for retail distribution chains managing vendor reconciliation. The current financing round supports deployment capacity, onboarding operations, and implementation coverage across additional markets.",saas,series-a,2344949,USD,"Operational groups managing vendor reconciliation typically lack centralized visibility across reporting environments, vendor records, and implementation workflows.",retail distribution chains,$69.3B annual operating market across 18 regions,"The software standardizes workflows related to vendor reconciliation while supporting audit visibility, role-based access management, and operational tracking.",The implementation framework maintains configurable workflow rules across customer operating environments.,The implementation framework supports staged account onboarding across distributed operational environments.,Usage-based billing; workflow modules; deployment support services,Pricing combines recurring subscription commitments with onboarding and reporting service charges.,"The company sources accounts through regional implementation partners, outbound sales outreach, and executive referral networks.",136173,5760547,127646,14 months,approved
ApexFlow,"ApexFlow develops operational software for industrial procurement teams managing patient scheduling. The current financing round supports deployment capacity, onboarding operations, and implementation coverage across additional markets.",logistics,series-a,2787827,SGD,"Operational groups managing patient scheduling typically lack centralized visibility across reporting environments, vendor records, and implementation workflows.",industrial procurement teams,$65.4B annual operating market across 18 regions,"The software standardizes workflows related to patient scheduling while supporting audit visibility, role-based access management, and operational tracking.",The deployment architecture supports phased onboarding across distributed customer operating environments.,Customer deployments are managed through standardized implementation procedures across account operating environments.,Usage-based billing; workflow modules; deployment support services,Customers are billed through annual contracts aligned with usage activity and implementation requirements.,"Customer acquisition relies on procurement referrals, implementation partners, and direct enterprise sales activity.",89147,6075784,114635,15 months,approved
HarborSystems,"HarborSystems develops operational software for specialty clinics managing compliance tracking. The current financing round supports deployment capacity, onboarding operations, and implementation coverage across additional markets.",logistics,seed,6218088,GBP,"Operational groups managing compliance tracking typically lack centralized visibility across reporting environments, vendor records, and implementation workflows.",specialty clinics,$58.7B annual operating market across 21 regions,The product centralizes operational coordination associated with compliance tracking into a unified management environment with configurable workflow logic.,The implementation framework maintains configurable workflow rules across customer operating environments.,Deployment operations follow a structured onboarding process across customer operating environments with phased implementation support during rollout.,Annual platform agreements; implementation services; support contracts,"Commercial agreements are indexed to deployment scope, transaction activity, and active operating locations.","The company sources accounts through regional implementation partners, outbound sales outreach, and executive referral networks.",2474995,17922468,162326,9 months,rejected
NorthSystems,"NorthSystems develops operational software for retail distribution chains managing credential verification. The current financing round supports deployment capacity, onboarding operations, and implementation coverage across additional markets.",ecommerce,pre-seed,8356316,GBP,"Organizations responsible for credential verification frequently coordinate activity across disconnected systems, vendor portals, and manual reporting workflows.",retail distribution chains,$13.9B annual operating market across 22 regions,"The platform consolidates operational records associated with credential verification, synchronizes data across connected systems, and maintains configurable reporting controls.",The implementation framework maintains configurable workflow rules across customer operating environments.,Customer deployments are managed through standardized implementation procedures across account operating environments.,Usage-based billing; workflow modules; deployment support services,"Commercial agreements are indexed to deployment scope, transaction activity, and active operating locations.","Customer acquisition relies on procurement referrals, implementation partners, and direct enterprise sales activity.",1989233,11568857,750607,9 months,rejected
GraniteCore,"GraniteCore operates a workflow platform used by urban transport contractors responsible for credential verification. Capital from the current round is allocated toward integration support, implementation staffing, and account expansion activity.",logistics,series-a,557723,EUR,"Operational groups managing credential verification typically lack centralized visibility across reporting environments, vendor records, and implementation workflows.",urban transport contractors,$15.1B annual operating market across 18 regions,"The platform consolidates operational records associated with credential verification, synchronizes data across connected systems, and maintains configurable reporting controls.",The implementation framework maintains configurable workflow rules across customer operating environments.,Customer deployments are managed through standardized implementation procedures across account operating environments.,Annual platform agreements; implementation services; support contracts,Customers are billed through annual contracts aligned with usage activity and implementation requirements.,"The company sources accounts through regional implementation partners, outbound sales outreach, and executive referral networks.",106394,5004824,163949,14 months,approved
NorthBridge,"NorthBridge develops operational software for specialty clinics managing claims intake. The current financing round supports deployment capacity, onboarding operations, and implementation coverage across additional markets.",cleantech,pre-seed,886289,EUR,"Operational groups managing claims intake typically lack centralized visibility across reporting environments, vendor records, and implementation workflows.",specialty clinics,$61.7B annual operating market across 11 regions,"The software standardizes workflows related to claims intake while supporting audit visibility, role-based access management, and operational tracking.",The platform supports integration with operational systems commonly used across secondary regional markets.,Customer deployments are managed through standardized implementation procedures across account operating environments.,Recurring software subscriptions; onboarding retainers; reporting modules,Customers are billed through annual contracts aligned with usage activity and implementation requirements.,"The company sources accounts through regional implementation partners, outbound sales outreach, and executive referral networks.",901444,4159076,97166,22 months,approved
SummitLogic,"SummitLogic develops operational software for regional insurers managing vendor reconciliation. The current financing round supports deployment capacity, onboarding operations, and implementation coverage across additional markets.",fintech,pre-seed,3485441,SGD,"Organizations responsible for vendor reconciliation frequently coordinate activity across disconnected systems, vendor portals, and manual reporting workflows.",regional insurers,$16.6B annual operating market across 14 regions,"The software standardizes workflows related to vendor reconciliation while supporting audit visibility, role-based access management, and operational tracking.",The deployment architecture supports phased onboarding across distributed customer operating environments.,Deployment operations follow a structured onboarding process across customer operating environments with phased implementation support during rollout.,Usage-based billing; workflow modules; deployment support services,Pricing combines recurring subscription commitments with onboarding and reporting service charges.,"Customer acquisition relies on procurement referrals, implementation partners, and direct enterprise sales activity.",1216745,24958870,676357,10 months,rejected
LatticeLedger,LatticeLedger provides enterprise software focused on crop purchasing for retail distribution chains. The company is raising funding to support regional deployment operations and commercial onboarding capacity.,ecommerce,seed,3501593,GBP,Teams handling crop purchasing often rely on fragmented operational processes requiring repeated reconciliation between internal systems and external service providers.,retail distribution chains,$74.0B annual operating market across 12 regions,"The software standardizes workflows related to crop purchasing while supporting audit visibility, role-based access management, and operational tracking.",The platform supports integration with operational systems commonly used across secondary regional markets.,The implementation framework supports staged account onboarding across distributed operational environments.,Annual platform agreements; implementation services; support contracts,"Commercial agreements are indexed to deployment scope, transaction activity, and active operating locations.","Commercial growth is supported through pilot deployments, sector conferences, and referral relationships.",304664,5372798,775834,6 months,rejected
NorthWorks,"NorthWorks operates a workflow platform used by regional insurers responsible for crop purchasing. Capital from the current round is allocated toward integration support, implementation staffing, and account expansion activity.",proptech,pre-seed,2366225,SGD,Teams handling crop purchasing often rely on fragmented operational processes requiring repeated reconciliation between internal systems and external service providers.,regional insurers,$85.6B annual operating market across 9 regions,The product centralizes operational coordination associated with crop purchasing into a unified management environment with configurable workflow logic.,The software includes configurable controls aligned with procurement and reporting requirements.,Customer deployments are managed through standardized implementation procedures across account operating environments.,Recurring software subscriptions; onboarding retainers; reporting modules,Pricing combines recurring subscription commitments with onboarding and reporting service charges.,"Commercial growth is supported through pilot deployments, sector conferences, and referral relationships.",1654553,7413543,72405,17 months,approved
IronPilot,IronPilot provides enterprise software focused on credential verification for industrial procurement teams. The company is raising funding to support regional deployment operations and commercial onboarding capacity.,proptech,seed,9234995,USD,"Organizations responsible for credential verification frequently coordinate activity across disconnected systems, vendor portals, and manual reporting workflows.",industrial procurement teams,$5.3B annual operating market across 15 regions,"The platform consolidates operational records associated with credential verification, synchronizes data across connected systems, and maintains configurable reporting controls.",The deployment architecture supports phased onboarding across distributed customer operating environments.,The implementation framework supports staged account onboarding across distributed operational environments.,Recurring software subscriptions; onboarding retainers; reporting modules,Customers are billed through annual contracts aligned with usage activity and implementation requirements.,"Commercial growth is supported through pilot deployments, sector conferences, and referral relationships.",2261217,14690084,124146,6 months,rejected
SummitLogic,"SummitLogic develops operational software for regional insurers managing vendor reconciliation. The current financing round supports deployment capacity, onboarding operations, and implementation coverage across additional markets.",fintech,pre-seed,1240405,SGD,"Organizations responsible for vendor reconciliation frequently coordinate activity across disconnected systems, vendor portals, and manual reporting workflows.",regional insurers,$16.6B annual operating market across 14 regions,"The software standardizes workflows related to vendor reconciliation while supporting audit visibility, role-based access management, and operational tracking.",The deployment architecture supports phased onboarding across distributed customer operating environments.,Deployment operations follow a structured onboarding process across customer operating environments with phased implementation support during rollout.,Usage-based billing; workflow modules; deployment support services,Pricing combines recurring subscription commitments with onboarding and reporting service charges.,"Customer acquisition relies on procurement referrals, implementation partners, and direct enterprise sales activity.",126379,2659300,126498,22 months,approved
SignalBridge,"SignalBridge operates a workflow platform used by retail distribution chains responsible for tenant onboarding. Capital from the current round is allocated toward integration support, implementation staffing, and account expansion activity.",cleantech,idea,7334338,AED,"Operational groups managing tenant onboarding typically lack centralized visibility across reporting environments, vendor records, and implementation workflows.",retail distribution chains,$83.5B annual operating market across 5 regions,"The platform consolidates operational records associated with tenant onboarding, synchronizes data across connected systems, and maintains configurable reporting controls.",The deployment architecture supports phased onboarding across distributed customer operating environments.,Customer deployments are managed through standardized implementation procedures across account operating environments.,Annual platform agreements; implementation services; support contracts,Pricing combines recurring subscription commitments with onboarding and reporting service charges.,"The company sources accounts through regional implementation partners, outbound sales outreach, and executive referral networks.",1170215,9210589,188990,4 months,rejected
ApexBase,"ApexBase operates a workflow platform used by industrial procurement teams responsible for maintenance dispatching. Capital from the current round is allocated toward integration support, implementation staffing, and account expansion activity.",healthtech,seed,3206418,EUR,"Organizations responsible for maintenance dispatching frequently coordinate activity across disconnected systems, vendor portals, and manual reporting workflows.",industrial procurement teams,$46.3B annual operating market across 17 regions,The product centralizes operational coordination associated with maintenance dispatching into a unified management environment with configurable workflow logic.,The implementation framework maintains configurable workflow rules across customer operating environments.,Customer deployments are managed through standardized implementation procedures across account operating environments.,Annual platform agreements; implementation services; support contracts,Pricing combines recurring subscription commitments with onboarding and reporting service charges.,"Commercial growth is supported through pilot deployments, sector conferences, and referral relationships.",1904310,5494941,61320,27 months,approved
DeltaFlow,"DeltaFlow operates a workflow platform used by urban transport contractors responsible for crop purchasing. Capital from the current round is allocated toward integration support, implementation staffing, and account expansion activity.",cleantech,pre-seed,549504,EUR,"Organizations responsible for crop purchasing frequently coordinate activity across disconnected systems, vendor portals, and manual reporting workflows.",urban transport contractors,$65.6B annual operating market across 7 regions,"The software standardizes workflows related to crop purchasing while supporting audit visibility, role-based access management, and operational tracking.",The software includes configurable controls aligned with procurement and reporting requirements.,The implementation framework supports staged account onboarding across distributed operational environments.,Usage-based billing; workflow modules; deployment support services,"Commercial agreements are indexed to deployment scope, transaction activity, and active operating locations.","Commercial growth is supported through pilot deployments, sector conferences, and referral relationships.",104474,305802,153428,22 months,approved
DeltaBase,"DeltaBase develops operational software for commercial property groups managing vendor reconciliation. The current financing round supports deployment capacity, onboarding operations, and implementation coverage across additional markets.",legaltech,seed,2613151,SGD,"Organizations responsible for vendor reconciliation frequently coordinate activity across disconnected systems, vendor portals, and manual reporting workflows.",commercial property groups,$58.6B annual operating market across 20 regions,The product centralizes operational coordination associated with vendor reconciliation into a unified management environment with configurable workflow logic.,The deployment architecture supports phased onboarding across distributed customer operating environments.,Customer deployments are managed through standardized implementation procedures across account operating environments.,Recurring software subscriptions; onboarding retainers; reporting modules,"Commercial agreements are indexed to deployment scope, transaction activity, and active operating locations.","The company sources accounts through regional implementation partners, outbound sales outreach, and executive referral networks.",2075160,4815098,86768,21 months,approved
SummitBase,SummitBase provides enterprise software focused on claims intake for urban transport contractors. The company is raising funding to support regional deployment operations and commercial onboarding capacity.,edtech,pre-seed,1897570,EUR,"Organizations responsible for claims intake frequently coordinate activity across disconnected systems, vendor portals, and manual reporting workflows.",urban transport contractors,$6.9B annual operating market across 16 regions,"The platform consolidates operational records associated with claims intake, synchronizes data across connected systems, and maintains configurable reporting controls.",The implementation framework maintains configurable workflow rules across customer operating environments.,The implementation framework supports staged account onboarding across distributed operational environments.,Recurring software subscriptions; onboarding retainers; reporting modules,Pricing combines recurring subscription commitments with onboarding and reporting service charges.,"The company sources accounts through regional implementation partners, outbound sales outreach, and executive referral networks.",35398,8838391,166806,20 months,approved
ApexBridge,"ApexBridge develops operational software for independent legal practices managing shipment coordination. The current financing round supports deployment capacity, onboarding operations, and implementation coverage across additional markets.",fintech,idea,2546801,GBP,"Organizations responsible for shipment coordination frequently coordinate activity across disconnected systems, vendor portals, and manual reporting workflows.",independent legal practices,$20.1B annual operating market across 10 regions,The product centralizes operational coordination associated with shipment coordination into a unified management environment with configurable workflow logic.,The deployment architecture supports phased onboarding across distributed customer operating environments.,Customer deployments are managed through standardized implementation procedures across account operating environments.,Annual platform agreements; implementation services; support contracts,Customers are billed through annual contracts aligned with usage activity and implementation requirements.,"Commercial growth is supported through pilot deployments, sector conferences, and referral relationships.",1428364,6480194,110703,16 months,approved
IronSystems,"IronSystems operates a workflow platform used by commercial property groups responsible for inventory forecasting. Capital from the current round is allocated toward integration support, implementation staffing, and account expansion activity.",agritech,pre-seed,8561861,SGD,Teams handling inventory forecasting often rely on fragmented operational processes requiring repeated reconciliation between internal systems and external service providers.,commercial property groups,$46.9B annual operating market across 16 regions,"The software standardizes workflows related to inventory forecasting while supporting audit visibility, role-based access management, and operational tracking.",The platform supports integration with operational systems commonly used across secondary regional markets.,Customer deployments are managed through standardized implementation procedures across account operating environments.,Usage-based billing; workflow modules; deployment support services,Pricing combines recurring subscription commitments with onboarding and reporting service charges.,"Customer acquisition relies on procurement referrals, implementation partners, and direct enterprise sales activity.",251561,13876546,525108,4 months,rejected
GraniteBase,GraniteBase provides enterprise software focused on patient scheduling for commercial property groups. The company is raising funding to support regional deployment operations and commercial onboarding capacity.,proptech,idea,2678105,EUR,"Operational groups managing patient scheduling typically lack centralized visibility across reporting environments, vendor records, and implementation workflows.",commercial property groups,$94.7B annual operating market across 10 regions,The product centralizes operational coordination associated with patient scheduling into a unified management environment with configurable workflow logic.,The implementation framework maintains configurable workflow rules across customer operating environments.,Customer deployments are managed through standardized implementation procedures across account operating environments.,Recurring software subscriptions; onboarding retainers; reporting modules,Pricing combines recurring subscription commitments with onboarding and reporting service charges.,"Commercial growth is supported through pilot deployments, sector conferences, and referral relationships.",1637552,5858738,69412,25 months,approved
AtlasFlow,AtlasFlow provides enterprise software focused on shipment coordination for independent legal practices. The company is raising funding to support regional deployment operations and commercial onboarding capacity.,ecommerce,pre-seed,4578678,USD,Teams handling shipment coordination often rely on fragmented operational processes requiring repeated reconciliation between internal systems and external service providers.,independent legal practices,$88.7B annual operating market across 9 regions,"The software standardizes workflows related to shipment coordination while supporting audit visibility, role-based access management, and operational tracking.",The deployment architecture supports phased onboarding across distributed customer operating environments.,Customer deployments are managed through standardized implementation procedures across account operating environments.,Usage-based billing; workflow modules; deployment support services,Customers are billed through annual contracts aligned with usage activity and implementation requirements.,"Commercial growth is supported through pilot deployments, sector conferences, and referral relationships.",2272760,20947020,255813,4 months,rejected
HarborCore,"HarborCore operates a workflow platform used by specialty clinics responsible for claims intake. Capital from the current round is allocated toward integration support, implementation staffing, and account expansion activity.",fintech,idea,2566205,USD,"Organizations responsible for claims intake frequently coordinate activity across disconnected systems, vendor portals, and manual reporting workflows.",specialty clinics,$24.9B annual operating market across 8 regions,"The software standardizes workflows related to claims intake while supporting audit visibility, role-based access management, and operational tracking.",The deployment architecture supports phased onboarding across distributed customer operating environments.,Deployment operations follow a structured onboarding process across customer operating environments with phased implementation support during rollout.,Annual platform agreements; implementation services; support contracts,Customers are billed through annual contracts aligned with usage activity and implementation requirements.,"Commercial growth is supported through pilot deployments, sector conferences, and referral relationships.",595939,6377219,694101,6 months,rejected
ApexFlow,"ApexFlow develops operational software for industrial procurement teams managing patient scheduling. The current financing round supports deployment capacity, onboarding operations, and implementation coverage across additional markets.",logistics,series-a,7197158,SGD,"Operational groups managing patient scheduling typically lack centralized visibility across reporting environments, vendor records, and implementation workflows.",industrial procurement teams,$65.4B annual operating market across 18 regions,"The software standardizes workflows related to patient scheduling while supporting audit visibility, role-based access management, and operational tracking.",The deployment architecture supports phased onboarding across distributed customer operating environments.,Customer deployments are managed through standardized implementation procedures across account operating environments.,Usage-based billing; workflow modules; deployment support services,Customers are billed through annual contracts aligned with usage activity and implementation requirements.,"Customer acquisition relies on procurement referrals, implementation partners, and direct enterprise sales activity.",1841310,19842650,837033,6 months,rejected
GraniteMetrics,"GraniteMetrics develops operational software for commercial property groups managing shipment coordination. The current financing round supports deployment capacity, onboarding operations, and implementation coverage across additional markets.",ecommerce,seed,5063589,SGD,"Organizations responsible for shipment coordination frequently coordinate activity across disconnected systems, vendor portals, and manual reporting workflows.",commercial property groups,$40.8B annual operating market across 5 regions,"The software standardizes workflows related to shipment coordination while supporting audit visibility, role-based access management, and operational tracking.",The deployment architecture supports phased onboarding across distributed customer operating environments.,Deployment operations follow a structured onboarding process across customer operating environments with phased implementation support during rollout.,Annual platform agreements; implementation services; support contracts,Customers are billed through annual contracts aligned with usage activity and implementation requirements.,"Customer acquisition relies on procurement referrals, implementation partners, and direct enterprise sales activity.",895331,2092263,203520,8 months,rejected
GraniteFlow,"GraniteFlow develops operational software for multi-campus training institutes managing compliance tracking. The current financing round supports deployment capacity, onboarding operations, and implementation coverage across additional markets.",cleantech,idea,2275104,GBP,"Operational groups managing compliance tracking typically lack centralized visibility across reporting environments, vendor records, and implementation workflows.",multi-campus training institutes,$64.5B annual operating market across 10 regions,The product centralizes operational coordination associated with compliance tracking into a unified management environment with configurable workflow logic.,The implementation framework maintains configurable workflow rules across customer operating environments.,Deployment operations follow a structured onboarding process across customer operating environments with phased implementation support during rollout.,Usage-based billing; workflow modules; deployment support services,Pricing combines recurring subscription commitments with onboarding and reporting service charges.,"Customer acquisition relies on procurement referrals, implementation partners, and direct enterprise sales activity.",1646674,7247363,74660,28 months,approved
AtlasLedger,"AtlasLedger operates a workflow platform used by retail distribution chains responsible for credential verification. Capital from the current round is allocated toward integration support, implementation staffing, and account expansion activity.",ecommerce,idea,1450935,EUR,"Operational groups managing credential verification typically lack centralized visibility across reporting environments, vendor records, and implementation workflows.",retail distribution chains,$86.6B annual operating market across 20 regions,"The software standardizes workflows related to credential verification while supporting audit visibility, role-based access management, and operational tracking.",The deployment architecture supports phased onboarding across distributed customer operating environments.,The implementation framework supports staged account onboarding across distributed operational environments.,Recurring software subscriptions; onboarding retainers; reporting modules,Customers are billed through annual contracts aligned with usage activity and implementation requirements.,"Customer acquisition relies on procurement referrals, implementation partners, and direct enterprise sales activity.",95829,5161708,45067,21 months,approved
SummitCloud,"SummitCloud develops operational software for independent legal practices managing compliance tracking. The current financing round supports deployment capacity, onboarding operations, and implementation coverage across additional markets.",edtech,series-a,2829387,EUR,"Organizations responsible for compliance tracking frequently coordinate activity across disconnected systems, vendor portals, and manual reporting workflows.",independent legal practices,$87.3B annual operating market across 9 regions,"The software standardizes workflows related to compliance tracking while supporting audit visibility, role-based access management, and operational tracking.",The deployment architecture supports phased onboarding across distributed customer operating environments.,Customer deployments are managed through standardized implementation procedures across account operating environments.,Recurring software subscriptions; onboarding retainers; reporting modules,Pricing combines recurring subscription commitments with onboarding and reporting service charges.,"The company sources accounts through regional implementation partners, outbound sales outreach, and executive referral networks.",72689,6091903,88225,16 months,approved
ApexMetrics,"ApexMetrics operates a workflow platform used by multi-campus training institutes responsible for tenant onboarding. Capital from the current round is allocated toward integration support, implementation staffing, and account expansion activity.",healthtech,series-a,6547122,GBP,"Organizations responsible for tenant onboarding frequently coordinate activity across disconnected systems, vendor portals, and manual reporting workflows.",multi-campus training institutes,$39.6B annual operating market across 20 regions,"The software standardizes workflows related to tenant onboarding while supporting audit visibility, role-based access management, and operational tracking.",The platform supports integration with operational systems commonly used across secondary regional markets.,The implementation framework supports staged account onboarding across distributed operational environments.,Usage-based billing; workflow modules; deployment support services,Customers are billed through annual contracts aligned with usage activity and implementation requirements.,"Commercial growth is supported through pilot deployments, sector conferences, and referral relationships.",862422,35318172,251547,8 months,rejected
SummitSystems,SummitSystems provides enterprise software focused on credential verification for agricultural exporters. The company is raising funding to support regional deployment operations and commercial onboarding capacity.,saas,seed,1911820,GBP,"Operational groups managing credential verification typically lack centralized visibility across reporting environments, vendor records, and implementation workflows.",agricultural exporters,$35.6B annual operating market across 19 regions,"The platform consolidates operational records associated with credential verification, synchronizes data across connected systems, and maintains configurable reporting controls.",The platform supports integration with operational systems commonly used across secondary regional markets.,The implementation framework supports staged account onboarding across distributed operational environments.,Annual platform agreements; implementation services; support contracts,"Commercial agreements are indexed to deployment scope, transaction activity, and active operating locations.","Commercial growth is supported through pilot deployments, sector conferences, and referral relationships.",2443753,11127771,88980,14 months,approved
SummitMetrics,"SummitMetrics develops operational software for independent legal practices managing crop purchasing. The current financing round supports deployment capacity, onboarding operations, and implementation coverage across additional markets.",cleantech,pre-seed,6174792,GBP,"Operational groups managing crop purchasing typically lack centralized visibility across reporting environments, vendor records, and implementation workflows.",independent legal practices,$78.7B annual operating market across 20 regions,"The platform consolidates operational records associated with crop purchasing, synchronizes data across connected systems, and maintains configurable reporting controls.",The deployment architecture supports phased onboarding across distributed customer operating environments.,The implementation framework supports staged account onboarding across distributed operational environments.,Annual platform agreements; implementation services; support contracts,"Commercial agreements are indexed to deployment scope, transaction activity, and active operating locations.","Commercial growth is supported through pilot deployments, sector conferences, and referral relationships.",1186303,12252441,756319,9 months,rejected
IronLedger,"IronLedger develops operational software for retail distribution chains managing maintenance dispatching. The current financing round supports deployment capacity, onboarding operations, and implementation coverage across additional markets.",proptech,series-a,9408156,AED,"Operational groups managing maintenance dispatching typically lack centralized visibility across reporting environments, vendor records, and implementation workflows.",retail distribution chains,$15.7B annual operating market across 5 regions,"The platform consolidates operational records associated with maintenance dispatching, synchronizes data across connected systems, and maintains configurable reporting controls.",The deployment architecture supports phased onboarding across distributed customer operating environments.,The implementation framework supports staged account onboarding across distributed operational environments.,Usage-based billing; workflow modules; deployment support services,Pricing combines recurring subscription commitments with onboarding and reporting service charges.,"The company sources accounts through regional implementation partners, outbound sales outreach, and executive referral networks.",668427,9219455,522252,6 months,rejected
NorthLogic,NorthLogic provides enterprise software focused on compliance tracking for warehouse operators. The company is raising funding to support regional deployment operations and commercial onboarding capacity.,healthtech,seed,7874566,GBP,"Operational groups managing compliance tracking typically lack centralized visibility across reporting environments, vendor records, and implementation workflows.",warehouse operators,$39.1B annual operating market across 22 regions,"The software standardizes workflows related to compliance tracking while supporting audit visibility, role-based access management, and operational tracking.",The software includes configurable controls aligned with procurement and reporting requirements.,Deployment operations follow a structured onboarding process across customer operating environments with phased implementation support during rollout.,Recurring software subscriptions; onboarding retainers; reporting modules,Pricing combines recurring subscription commitments with onboarding and reporting service charges.,"Customer acquisition relies on procurement referrals, implementation partners, and direct enterprise sales activity.",2539528,18823199,213056,3 months,rejected
DeltaBase,"DeltaBase develops operational software for commercial property groups managing vendor reconciliation. The current financing round supports deployment capacity, onboarding operations, and implementation coverage across additional markets.",legaltech,seed,7678230,SGD,"Organizations responsible for vendor reconciliation frequently coordinate activity across disconnected systems, vendor portals, and manual reporting workflows.",commercial property groups,$58.6B annual operating market across 20 regions,The product centralizes operational coordination associated with vendor reconciliation into a unified management environment with configurable workflow logic.,The deployment architecture supports phased onboarding across distributed customer operating environments.,Customer deployments are managed through standardized implementation procedures across account operating environments.,Recurring software subscriptions; onboarding retainers; reporting modules,"Commercial agreements are indexed to deployment scope, transaction activity, and active operating locations.","The company sources accounts through regional implementation partners, outbound sales outreach, and executive referral networks.",478902,13671965,651394,7 months,rejected
