title,summary,sector,stage,targetAmount,currency,problem_statement,problem_targetMarket,problem_marketSize,solution_description,solution_uniqueValue,solution_competitiveAdvantage,businessModel_revenueStreams,businessModel_pricingStrategy,businessModel_customerAcquisition,financials_currentRevenue,financials_projectedRevenue,financials_burnRate,financials_runway,status
HarborFlow,"HarborFlow provides workflow software for insurance brokers managing fleet routing. The company is raising capital to support deployment operations, implementation staffing, and commercial expansion activities.",fintech,pre-seed,906638,EUR,Companies managing fleet routing typically operate across multiple reporting systems that lack centralized operational visibility.,insurance brokers,$52.9B annual operating market across 6 regions,"The platform centralizes records associated with fleet routing, synchronizes operational data across connected systems, and maintains configurable reporting controls.",The product maintains configurable workflow logic across customer operating environments.,Customer onboarding follows a structured implementation process across client operating environments with phased deployment support during rollout.,Annual platform contracts; onboarding services; account support fees,Pricing combines annual subscription commitments with deployment and reporting service charges.,"Customer acquisition relies on procurement referrals, implementation partners, and sector-focused outbound sales activity.",1015577,11447577,152283,15 months,approved
SummitSystems,"SummitSystems provides workflow software for independent law firms managing maintenance scheduling. The company is raising capital to support deployment operations, implementation staffing, and commercial expansion activities.",proptech,series-a,3009587,USD,"Organizations responsible for maintenance scheduling frequently coordinate activity across disconnected operational systems, external vendors, and manual reporting processes.",independent law firms,$24.2B annual operating market across 12 regions,"The platform centralizes records associated with maintenance scheduling, synchronizes operational data across connected systems, and maintains configurable reporting controls.",The software supports integration with operational systems commonly used across secondary markets.,The implementation framework supports phased account deployment across distributed customer operating environments.,Usage-based billing; workflow modules; integration support services,Pricing combines annual subscription commitments with deployment and reporting service charges.,"Commercial growth is supported through industry conferences, pilot deployments, and executive referral networks.",906951,9576144,717914,4 months,rejected
AtlasFlow,"AtlasFlow operates a software platform focused on claims intake for municipal transport operators. The business is seeking capital to expand integrations, onboarding resources, and account support operations.",saas,idea,3332883,USD,Companies managing claims intake typically operate across multiple reporting systems that lack centralized operational visibility.,municipal transport operators,$63.2B annual operating market across 18 regions,"The software standardizes workflows related to claims intake while maintaining audit visibility, operational tracking, and configurable access permissions.",The deployment architecture supports staged implementation across distributed operating environments.,The implementation framework supports phased account deployment across distributed customer operating environments.,Usage-based billing; workflow modules; integration support services,Customers are billed through recurring contracts indexed to usage activity and implementation requirements.,"The company sources accounts through regional partnerships, implementation relationships, and direct enterprise outreach.",1672616,7670294,58284,18 months,approved
NorthWorks,"NorthWorks provides workflow software for retail distributors managing claims intake. The company is raising capital to support deployment operations, implementation staffing, and commercial expansion activities.",ecommerce,seed,3764944,GBP,"Organizations responsible for claims intake frequently coordinate activity across disconnected operational systems, external vendors, and manual reporting processes.",retail distributors,$30.7B annual operating market across 16 regions,"The software standardizes workflows related to claims intake while maintaining audit visibility, operational tracking, and configurable access permissions.",The platform includes configurable controls aligned with procurement and reporting requirements.,Deployment operations are managed through standardized onboarding procedures across customer operating environments.,Usage-based billing; workflow modules; integration support services,Pricing combines annual subscription commitments with deployment and reporting service charges.,"Customer acquisition relies on procurement referrals, implementation partners, and sector-focused outbound sales activity.",1003081,25550075,489488,8 months,rejected
HarborLogic,HarborLogic develops operational software used by regional clinics responsible for supplier onboarding. Funding from the current round supports implementation capacity and regional deployment activity.,cleantech,seed,993694,EUR,Companies managing supplier onboarding typically operate across multiple reporting systems that lack centralized operational visibility.,regional clinics,$23.7B annual operating market across 12 regions,"The platform centralizes records associated with supplier onboarding, synchronizes operational data across connected systems, and maintains configurable reporting controls.",The deployment architecture supports staged implementation across distributed operating environments.,Customer onboarding follows a structured implementation process across client operating environments with phased deployment support during rollout.,Recurring software subscriptions; implementation retainers; reporting modules,Customers are billed through recurring contracts indexed to usage activity and implementation requirements.,"The company sources accounts through regional partnerships, implementation relationships, and direct enterprise outreach.",311731,9092111,118136,21 months,approved
NorthLogic,"NorthLogic provides workflow software for warehouse operators managing invoice reconciliation. The company is raising capital to support deployment operations, implementation staffing, and commercial expansion activities.",ecommerce,pre-seed,7943775,AED,Teams handling invoice reconciliation often rely on fragmented workflows that require repeated reconciliation between internal records and third-party systems.,warehouse operators,$56.3B annual operating market across 12 regions,The product consolidates operational processes associated with invoice reconciliation into a unified management environment with configurable reporting logic.,The platform includes configurable controls aligned with procurement and reporting requirements.,Deployment operations are managed through standardized onboarding procedures across customer operating environments.,Annual platform contracts; onboarding services; account support fees,"Commercial agreements are priced according to transaction volume, deployment scope, and active operating locations.","The company sources accounts through regional partnerships, implementation relationships, and direct enterprise outreach.",1459431,26904432,485716,8 months,rejected
SignalCloud,SignalCloud develops operational software used by property managers responsible for crop procurement. Funding from the current round supports implementation capacity and regional deployment activity.,agritech,series-a,2167551,USD,Teams handling crop procurement often rely on fragmented workflows that require repeated reconciliation between internal records and third-party systems.,property managers,$7.5B annual operating market across 12 regions,The product consolidates operational processes associated with crop procurement into a unified management environment with configurable reporting logic.,The deployment architecture supports staged implementation across distributed operating environments.,Customer onboarding follows a structured implementation process across client operating environments with phased deployment support during rollout.,Annual platform contracts; onboarding services; account support fees,Customers are billed through recurring contracts indexed to usage activity and implementation requirements.,"The company sources accounts through regional partnerships, implementation relationships, and direct enterprise outreach.",1731102,7118042,167781,14 months,approved
VectorMetrics,"VectorMetrics provides workflow software for specialty manufacturers managing supplier onboarding. The company is raising capital to support deployment operations, implementation staffing, and commercial expansion activities.",proptech,idea,7421038,EUR,"Organizations responsible for supplier onboarding frequently coordinate activity across disconnected operational systems, external vendors, and manual reporting processes.",specialty manufacturers,$21.1B annual operating market across 9 regions,"The platform centralizes records associated with supplier onboarding, synchronizes operational data across connected systems, and maintains configurable reporting controls.",The software supports integration with operational systems commonly used across secondary markets.,The implementation framework supports phased account deployment across distributed customer operating environments.,Usage-based billing; workflow modules; integration support services,Pricing combines annual subscription commitments with deployment and reporting service charges.,"Customer acquisition relies on procurement referrals, implementation partners, and sector-focused outbound sales activity.",1139611,22977494,538341,3 months,rejected
GraniteSystems,"GraniteSystems operates a software platform focused on inventory forecasting for municipal transport operators. The business is seeking capital to expand integrations, onboarding resources, and account support operations.",saas,seed,6191389,GBP,Teams handling inventory forecasting often rely on fragmented workflows that require repeated reconciliation between internal records and third-party systems.,municipal transport operators,$61.9B annual operating market across 8 regions,"The platform centralizes records associated with inventory forecasting, synchronizes operational data across connected systems, and maintains configurable reporting controls.",The software supports integration with operational systems commonly used across secondary markets.,Customer onboarding follows a structured implementation process across client operating environments with phased deployment support during rollout.,Usage-based billing; workflow modules; integration support services,"Commercial agreements are priced according to transaction volume, deployment scope, and active operating locations.","The company sources accounts through regional partnerships, implementation relationships, and direct enterprise outreach.",904224,11892862,411155,7 months,rejected
OakLedger,OakLedger develops operational software used by agricultural cooperatives responsible for maintenance scheduling. Funding from the current round supports implementation capacity and regional deployment activity.,saas,seed,7147536,EUR,Companies managing maintenance scheduling typically operate across multiple reporting systems that lack centralized operational visibility.,agricultural cooperatives,$8.9B annual operating market across 17 regions,The product consolidates operational processes associated with maintenance scheduling into a unified management environment with configurable reporting logic.,The product maintains configurable workflow logic across customer operating environments.,The implementation framework supports phased account deployment across distributed customer operating environments.,Usage-based billing; workflow modules; integration support services,Pricing combines annual subscription commitments with deployment and reporting service charges.,"Commercial growth is supported through industry conferences, pilot deployments, and executive referral networks.",400042,24236320,549407,7 months,rejected
SignalLogic,"SignalLogic provides workflow software for warehouse operators managing patient scheduling. The company is raising capital to support deployment operations, implementation staffing, and commercial expansion activities.",healthtech,pre-seed,802181,USD,Teams handling patient scheduling often rely on fragmented workflows that require repeated reconciliation between internal records and third-party systems.,warehouse operators,$25.4B annual operating market across 18 regions,The product consolidates operational processes associated with patient scheduling into a unified management environment with configurable reporting logic.,The deployment architecture supports staged implementation across distributed operating environments.,Customer onboarding follows a structured implementation process across client operating environments with phased deployment support during rollout.,Recurring software subscriptions; implementation retainers; reporting modules,Customers are billed through recurring contracts indexed to usage activity and implementation requirements.,"Commercial growth is supported through industry conferences, pilot deployments, and executive referral networks.",1890458,4778270,57423,18 months,approved
VectorBase,VectorBase develops operational software used by regional clinics responsible for supplier onboarding. Funding from the current round supports implementation capacity and regional deployment activity.,legaltech,seed,788349,AED,"Organizations responsible for supplier onboarding frequently coordinate activity across disconnected operational systems, external vendors, and manual reporting processes.",regional clinics,$43.8B annual operating market across 9 regions,"The platform centralizes records associated with supplier onboarding, synchronizes operational data across connected systems, and maintains configurable reporting controls.",The platform includes configurable controls aligned with procurement and reporting requirements.,The implementation framework supports phased account deployment across distributed customer operating environments.,Recurring software subscriptions; implementation retainers; reporting modules,"Commercial agreements are priced according to transaction volume, deployment scope, and active operating locations.","The company sources accounts through regional partnerships, implementation relationships, and direct enterprise outreach.",284781,10949666,104079,21 months,approved
HarborBridge,"HarborBridge provides workflow software for independent law firms managing patient scheduling. The company is raising capital to support deployment operations, implementation staffing, and commercial expansion activities.",saas,seed,1286550,SGD,"Organizations responsible for patient scheduling frequently coordinate activity across disconnected operational systems, external vendors, and manual reporting processes.",independent law firms,$74.5B annual operating market across 8 regions,The product consolidates operational processes associated with patient scheduling into a unified management environment with configurable reporting logic.,The product maintains configurable workflow logic across customer operating environments.,Deployment operations are managed through standardized onboarding procedures across customer operating environments.,Usage-based billing; workflow modules; integration support services,Customers are billed through recurring contracts indexed to usage activity and implementation requirements.,"Commercial growth is supported through industry conferences, pilot deployments, and executive referral networks.",159106,9905258,164893,18 months,approved
SummitFlow,SummitFlow develops operational software used by retail distributors responsible for claims intake. Funding from the current round supports implementation capacity and regional deployment activity.,ecommerce,pre-seed,2077610,USD,Teams handling claims intake often rely on fragmented workflows that require repeated reconciliation between internal records and third-party systems.,retail distributors,$26.9B annual operating market across 11 regions,"The software standardizes workflows related to claims intake while maintaining audit visibility, operational tracking, and configurable access permissions.",The deployment architecture supports staged implementation across distributed operating environments.,Customer onboarding follows a structured implementation process across client operating environments with phased deployment support during rollout.,Annual platform contracts; onboarding services; account support fees,Pricing combines annual subscription commitments with deployment and reporting service charges.,"Commercial growth is supported through industry conferences, pilot deployments, and executive referral networks.",21179,8531240,41956,26 months,approved
GraniteCloud,"GraniteCloud operates a software platform focused on inventory forecasting for agricultural cooperatives. The business is seeking capital to expand integrations, onboarding resources, and account support operations.",legaltech,idea,4630662,SGD,"Organizations responsible for inventory forecasting frequently coordinate activity across disconnected operational systems, external vendors, and manual reporting processes.",agricultural cooperatives,$34.4B annual operating market across 11 regions,The product consolidates operational processes associated with inventory forecasting into a unified management environment with configurable reporting logic.,The deployment architecture supports staged implementation across distributed operating environments.,The implementation framework supports phased account deployment across distributed customer operating environments.,Recurring software subscriptions; implementation retainers; reporting modules,Customers are billed through recurring contracts indexed to usage activity and implementation requirements.,"The company sources accounts through regional partnerships, implementation relationships, and direct enterprise outreach.",1780994,13706308,757798,5 months,rejected
DeltaBase,"DeltaBase provides workflow software for municipal transport operators managing credential verification. The company is raising capital to support deployment operations, implementation staffing, and commercial expansion activities.",healthtech,pre-seed,4047144,GBP,"Organizations responsible for credential verification frequently coordinate activity across disconnected operational systems, external vendors, and manual reporting processes.",municipal transport operators,$9.2B annual operating market across 16 regions,"The software standardizes workflows related to credential verification while maintaining audit visibility, operational tracking, and configurable access permissions.",The platform includes configurable controls aligned with procurement and reporting requirements.,The implementation framework supports phased account deployment across distributed customer operating environments.,Recurring software subscriptions; implementation retainers; reporting modules,Pricing combines annual subscription commitments with deployment and reporting service charges.,"Customer acquisition relies on procurement referrals, implementation partners, and sector-focused outbound sales activity.",2034704,27311188,340768,7 months,rejected
DeltaLedger,"DeltaLedger operates a software platform focused on tenant documentation for insurance brokers. The business is seeking capital to expand integrations, onboarding resources, and account support operations.",logistics,pre-seed,503286,USD,"Organizations responsible for tenant documentation frequently coordinate activity across disconnected operational systems, external vendors, and manual reporting processes.",insurance brokers,$8.3B annual operating market across 10 regions,"The platform centralizes records associated with tenant documentation, synchronizes operational data across connected systems, and maintains configurable reporting controls.",The product maintains configurable workflow logic across customer operating environments.,The implementation framework supports phased account deployment across distributed customer operating environments.,Usage-based billing; workflow modules; integration support services,"Commercial agreements are priced according to transaction volume, deployment scope, and active operating locations.","Commercial growth is supported through industry conferences, pilot deployments, and executive referral networks.",502864,8238110,43980,16 months,approved
OakBase,OakBase develops operational software used by regional clinics responsible for crop procurement. Funding from the current round supports implementation capacity and regional deployment activity.,saas,pre-seed,742996,EUR,Companies managing crop procurement typically operate across multiple reporting systems that lack centralized operational visibility.,regional clinics,$9.8B annual operating market across 5 regions,"The software standardizes workflows related to crop procurement while maintaining audit visibility, operational tracking, and configurable access permissions.",The product maintains configurable workflow logic across customer operating environments.,The implementation framework supports phased account deployment across distributed customer operating environments.,Recurring software subscriptions; implementation retainers; reporting modules,Customers are billed through recurring contracts indexed to usage activity and implementation requirements.,"Customer acquisition relies on procurement referrals, implementation partners, and sector-focused outbound sales activity.",784232,6255462,136649,15 months,approved
ApexSystems,"ApexSystems provides workflow software for property managers managing tenant documentation. The company is raising capital to support deployment operations, implementation staffing, and commercial expansion activities.",fintech,seed,2441792,USD,Companies managing tenant documentation typically operate across multiple reporting systems that lack centralized operational visibility.,property managers,$60.9B annual operating market across 5 regions,"The platform centralizes records associated with tenant documentation, synchronizes operational data across connected systems, and maintains configurable reporting controls.",The platform includes configurable controls aligned with procurement and reporting requirements.,Deployment operations are managed through standardized onboarding procedures across customer operating environments.,Usage-based billing; workflow modules; integration support services,Customers are billed through recurring contracts indexed to usage activity and implementation requirements.,"Commercial growth is supported through industry conferences, pilot deployments, and executive referral networks.",183100,6380932,88817,26 months,approved
SummitBase,"SummitBase provides workflow software for warehouse operators managing fleet routing. The company is raising capital to support deployment operations, implementation staffing, and commercial expansion activities.",ecommerce,pre-seed,2012335,GBP,"Organizations responsible for fleet routing frequently coordinate activity across disconnected operational systems, external vendors, and manual reporting processes.",warehouse operators,$51.2B annual operating market across 16 regions,The product consolidates operational processes associated with fleet routing into a unified management environment with configurable reporting logic.,The platform includes configurable controls aligned with procurement and reporting requirements.,The implementation framework supports phased account deployment across distributed customer operating environments.,Recurring software subscriptions; implementation retainers; reporting modules,"Commercial agreements are priced according to transaction volume, deployment scope, and active operating locations.","Commercial growth is supported through industry conferences, pilot deployments, and executive referral networks.",10701,3895325,139974,19 months,approved
OakSystems,OakSystems develops operational software used by independent law firms responsible for supplier onboarding. Funding from the current round supports implementation capacity and regional deployment activity.,logistics,series-a,4837407,GBP,Companies managing supplier onboarding typically operate across multiple reporting systems that lack centralized operational visibility.,independent law firms,$35.7B annual operating market across 5 regions,"The platform centralizes records associated with supplier onboarding, synchronizes operational data across connected systems, and maintains configurable reporting controls.",The software supports integration with operational systems commonly used across secondary markets.,The implementation framework supports phased account deployment across distributed customer operating environments.,Usage-based billing; workflow modules; integration support services,Customers are billed through recurring contracts indexed to usage activity and implementation requirements.,"Commercial growth is supported through industry conferences, pilot deployments, and executive referral networks.",1579888,14034140,419035,4 months,rejected
NorthMetrics,"NorthMetrics provides workflow software for specialty manufacturers managing crop procurement. The company is raising capital to support deployment operations, implementation staffing, and commercial expansion activities.",cleantech,series-a,2639688,USD,Companies managing crop procurement typically operate across multiple reporting systems that lack centralized operational visibility.,specialty manufacturers,$65.0B annual operating market across 15 regions,"The software standardizes workflows related to crop procurement while maintaining audit visibility, operational tracking, and configurable access permissions.",The product maintains configurable workflow logic across customer operating environments.,The implementation framework supports phased account deployment across distributed customer operating environments.,Usage-based billing; workflow modules; integration support services,Pricing combines annual subscription commitments with deployment and reporting service charges.,"Commercial growth is supported through industry conferences, pilot deployments, and executive referral networks.",888657,11353040,118662,17 months,approved
NorthFlow,"NorthFlow operates a software platform focused on maintenance scheduling for agricultural cooperatives. The business is seeking capital to expand integrations, onboarding resources, and account support operations.",cleantech,series-a,557237,AED,Companies managing maintenance scheduling typically operate across multiple reporting systems that lack centralized operational visibility.,agricultural cooperatives,$9.9B annual operating market across 16 regions,"The software standardizes workflows related to maintenance scheduling while maintaining audit visibility, operational tracking, and configurable access permissions.",The deployment architecture supports staged implementation across distributed operating environments.,Deployment operations are managed through standardized onboarding procedures across customer operating environments.,Usage-based billing; workflow modules; integration support services,Customers are billed through recurring contracts indexed to usage activity and implementation requirements.,"The company sources accounts through regional partnerships, implementation relationships, and direct enterprise outreach.",173334,6260632,157286,24 months,approved
SignalMetrics,"SignalMetrics provides workflow software for municipal transport operators managing supplier onboarding. The company is raising capital to support deployment operations, implementation staffing, and commercial expansion activities.",saas,seed,2740927,AED,"Organizations responsible for supplier onboarding frequently coordinate activity across disconnected operational systems, external vendors, and manual reporting processes.",municipal transport operators,$66.9B annual operating market across 4 regions,The product consolidates operational processes associated with supplier onboarding into a unified management environment with configurable reporting logic.,The software supports integration with operational systems commonly used across secondary markets.,The implementation framework supports phased account deployment across distributed customer operating environments.,Usage-based billing; workflow modules; integration support services,"Commercial agreements are priced according to transaction volume, deployment scope, and active operating locations.","Customer acquisition relies on procurement referrals, implementation partners, and sector-focused outbound sales activity.",129215,8428621,72008,26 months,approved
SignalBridge,SignalBridge develops operational software used by vocational institutes responsible for claims intake. Funding from the current round supports implementation capacity and regional deployment activity.,cleantech,pre-seed,3142262,SGD,"Organizations responsible for claims intake frequently coordinate activity across disconnected operational systems, external vendors, and manual reporting processes.",vocational institutes,$24.9B annual operating market across 9 regions,"The software standardizes workflows related to claims intake while maintaining audit visibility, operational tracking, and configurable access permissions.",The software supports integration with operational systems commonly used across secondary markets.,The implementation framework supports phased account deployment across distributed customer operating environments.,Usage-based billing; workflow modules; integration support services,"Commercial agreements are priced according to transaction volume, deployment scope, and active operating locations.","Commercial growth is supported through industry conferences, pilot deployments, and executive referral networks.",894395,4127674,161114,19 months,approved
ApexSystems,ApexSystems develops operational software used by insurance brokers responsible for maintenance scheduling. Funding from the current round supports implementation capacity and regional deployment activity.,proptech,idea,3049011,AED,Companies managing maintenance scheduling typically operate across multiple reporting systems that lack centralized operational visibility.,insurance brokers,$68.3B annual operating market across 18 regions,"The platform centralizes records associated with maintenance scheduling, synchronizes operational data across connected systems, and maintains configurable reporting controls.",The product maintains configurable workflow logic across customer operating environments.,The implementation framework supports phased account deployment across distributed customer operating environments.,Usage-based billing; workflow modules; integration support services,Customers are billed through recurring contracts indexed to usage activity and implementation requirements.,"The company sources accounts through regional partnerships, implementation relationships, and direct enterprise outreach.",1408967,2799430,43219,17 months,approved
SummitFlow,SummitFlow develops operational software used by retail distributors responsible for claims intake. Funding from the current round supports implementation capacity and regional deployment activity.,ecommerce,pre-seed,6596660,USD,Teams handling claims intake often rely on fragmented workflows that require repeated reconciliation between internal records and third-party systems.,retail distributors,$26.9B annual operating market across 11 regions,"The software standardizes workflows related to claims intake while maintaining audit visibility, operational tracking, and configurable access permissions.",The deployment architecture supports staged implementation across distributed operating environments.,Customer onboarding follows a structured implementation process across client operating environments with phased deployment support during rollout.,Annual platform contracts; onboarding services; account support fees,Pricing combines annual subscription commitments with deployment and reporting service charges.,"Commercial growth is supported through industry conferences, pilot deployments, and executive referral networks.",156076,20187012,230281,6 months,rejected
AtlasCloud,AtlasCloud develops operational software used by retail distributors responsible for maintenance scheduling. Funding from the current round supports implementation capacity and regional deployment activity.,logistics,pre-seed,765597,USD,Companies managing maintenance scheduling typically operate across multiple reporting systems that lack centralized operational visibility.,retail distributors,$72.0B annual operating market across 4 regions,"The platform centralizes records associated with maintenance scheduling, synchronizes operational data across connected systems, and maintains configurable reporting controls.",The software supports integration with operational systems commonly used across secondary markets.,The implementation framework supports phased account deployment across distributed customer operating environments.,Annual platform contracts; onboarding services; account support fees,Customers are billed through recurring contracts indexed to usage activity and implementation requirements.,"The company sources accounts through regional partnerships, implementation relationships, and direct enterprise outreach.",235377,7284085,89681,17 months,approved
GranitePilot,GranitePilot develops operational software used by specialty manufacturers responsible for credential verification. Funding from the current round supports implementation capacity and regional deployment activity.,ecommerce,series-a,2736254,SGD,"Organizations responsible for credential verification frequently coordinate activity across disconnected operational systems, external vendors, and manual reporting processes.",specialty manufacturers,$37.6B annual operating market across 11 regions,The product consolidates operational processes associated with credential verification into a unified management environment with configurable reporting logic.,The software supports integration with operational systems commonly used across secondary markets.,Customer onboarding follows a structured implementation process across client operating environments with phased deployment support during rollout.,Usage-based billing; workflow modules; integration support services,Customers are billed through recurring contracts indexed to usage activity and implementation requirements.,"Customer acquisition relies on procurement referrals, implementation partners, and sector-focused outbound sales activity.",1099518,17539546,824393,6 months,rejected
VectorFlow,VectorFlow develops operational software used by warehouse operators responsible for tenant documentation. Funding from the current round supports implementation capacity and regional deployment activity.,legaltech,pre-seed,2166627,AED,Teams handling tenant documentation often rely on fragmented workflows that require repeated reconciliation between internal records and third-party systems.,warehouse operators,$11.6B annual operating market across 16 regions,"The software standardizes workflows related to tenant documentation while maintaining audit visibility, operational tracking, and configurable access permissions.",The deployment architecture supports staged implementation across distributed operating environments.,Customer onboarding follows a structured implementation process across client operating environments with phased deployment support during rollout.,Recurring software subscriptions; implementation retainers; reporting modules,"Commercial agreements are priced according to transaction volume, deployment scope, and active operating locations.","Commercial growth is supported through industry conferences, pilot deployments, and executive referral networks.",125662,6467632,96684,20 months,approved
HarborSystems,"HarborSystems provides workflow software for warehouse operators managing patient scheduling. The company is raising capital to support deployment operations, implementation staffing, and commercial expansion activities.",edtech,idea,1288190,USD,Companies managing patient scheduling typically operate across multiple reporting systems that lack centralized operational visibility.,warehouse operators,$51.3B annual operating market across 17 regions,The product consolidates operational processes associated with patient scheduling into a unified management environment with configurable reporting logic.,The platform includes configurable controls aligned with procurement and reporting requirements.,The implementation framework supports phased account deployment across distributed customer operating environments.,Recurring software subscriptions; implementation retainers; reporting modules,"Commercial agreements are priced according to transaction volume, deployment scope, and active operating locations.","Commercial growth is supported through industry conferences, pilot deployments, and executive referral networks.",299009,11901008,98763,14 months,approved
SignalBridge,"SignalBridge operates a software platform focused on patient scheduling for specialty manufacturers. The business is seeking capital to expand integrations, onboarding resources, and account support operations.",legaltech,series-a,664478,GBP,Companies managing patient scheduling typically operate across multiple reporting systems that lack centralized operational visibility.,specialty manufacturers,$53.1B annual operating market across 10 regions,"The software standardizes workflows related to patient scheduling while maintaining audit visibility, operational tracking, and configurable access permissions.",The software supports integration with operational systems commonly used across secondary markets.,The implementation framework supports phased account deployment across distributed customer operating environments.,Annual platform contracts; onboarding services; account support fees,"Commercial agreements are priced according to transaction volume, deployment scope, and active operating locations.","Commercial growth is supported through industry conferences, pilot deployments, and executive referral networks.",604116,8539135,107652,24 months,approved
SignalBase,SignalBase develops operational software used by independent law firms responsible for claims intake. Funding from the current round supports implementation capacity and regional deployment activity.,agritech,pre-seed,3074275,AED,"Organizations responsible for claims intake frequently coordinate activity across disconnected operational systems, external vendors, and manual reporting processes.",independent law firms,$60.7B annual operating market across 8 regions,"The software standardizes workflows related to claims intake while maintaining audit visibility, operational tracking, and configurable access permissions.",The deployment architecture supports staged implementation across distributed operating environments.,Deployment operations are managed through standardized onboarding procedures across customer operating environments.,Annual platform contracts; onboarding services; account support fees,Customers are billed through recurring contracts indexed to usage activity and implementation requirements.,"Customer acquisition relies on procurement referrals, implementation partners, and sector-focused outbound sales activity.",1101271,17960822,630301,4 months,rejected
SummitBridge,"SummitBridge operates a software platform focused on claims intake for independent law firms. The business is seeking capital to expand integrations, onboarding resources, and account support operations.",legaltech,pre-seed,3198253,GBP,"Organizations responsible for claims intake frequently coordinate activity across disconnected operational systems, external vendors, and manual reporting processes.",independent law firms,$69.8B annual operating market across 6 regions,"The software standardizes workflows related to claims intake while maintaining audit visibility, operational tracking, and configurable access permissions.",The platform includes configurable controls aligned with procurement and reporting requirements.,The implementation framework supports phased account deployment across distributed customer operating environments.,Usage-based billing; workflow modules; integration support services,Pricing combines annual subscription commitments with deployment and reporting service charges.,"Customer acquisition relies on procurement referrals, implementation partners, and sector-focused outbound sales activity.",285790,14207392,721098,7 months,rejected
SummitBase,SummitBase develops operational software used by insurance brokers responsible for claims intake. Funding from the current round supports implementation capacity and regional deployment activity.,logistics,seed,1289882,USD,Companies managing claims intake typically operate across multiple reporting systems that lack centralized operational visibility.,insurance brokers,$46.5B annual operating market across 6 regions,The product consolidates operational processes associated with claims intake into a unified management environment with configurable reporting logic.,The deployment architecture supports staged implementation across distributed operating environments.,Customer onboarding follows a structured implementation process across client operating environments with phased deployment support during rollout.,Annual platform contracts; onboarding services; account support fees,Pricing combines annual subscription commitments with deployment and reporting service charges.,"Commercial growth is supported through industry conferences, pilot deployments, and executive referral networks.",378848,11117886,48811,18 months,approved
DeltaSystems,"DeltaSystems provides workflow software for property managers managing maintenance scheduling. The company is raising capital to support deployment operations, implementation staffing, and commercial expansion activities.",fintech,seed,8586945,USD,Companies managing maintenance scheduling typically operate across multiple reporting systems that lack centralized operational visibility.,property managers,$36.3B annual operating market across 5 regions,The product consolidates operational processes associated with maintenance scheduling into a unified management environment with configurable reporting logic.,The deployment architecture supports staged implementation across distributed operating environments.,Customer onboarding follows a structured implementation process across client operating environments with phased deployment support during rollout.,Usage-based billing; workflow modules; integration support services,"Commercial agreements are priced according to transaction volume, deployment scope, and active operating locations.","Commercial growth is supported through industry conferences, pilot deployments, and executive referral networks.",362530,26255075,828850,4 months,rejected
SignalLogic,"SignalLogic provides workflow software for agricultural cooperatives managing fleet routing. The company is raising capital to support deployment operations, implementation staffing, and commercial expansion activities.",cleantech,pre-seed,3241222,USD,"Organizations responsible for fleet routing frequently coordinate activity across disconnected operational systems, external vendors, and manual reporting processes.",agricultural cooperatives,$57.8B annual operating market across 12 regions,"The software standardizes workflows related to fleet routing while maintaining audit visibility, operational tracking, and configurable access permissions.",The deployment architecture supports staged implementation across distributed operating environments.,Customer onboarding follows a structured implementation process across client operating environments with phased deployment support during rollout.,Annual platform contracts; onboarding services; account support fees,Pricing combines annual subscription commitments with deployment and reporting service charges.,"The company sources accounts through regional partnerships, implementation relationships, and direct enterprise outreach.",1068933,23186617,543444,5 months,rejected
GraniteBridge,GraniteBridge develops operational software used by insurance brokers responsible for tenant documentation. Funding from the current round supports implementation capacity and regional deployment activity.,saas,seed,6970316,AED,Companies managing tenant documentation typically operate across multiple reporting systems that lack centralized operational visibility.,insurance brokers,$31.6B annual operating market across 11 regions,The product consolidates operational processes associated with tenant documentation into a unified management environment with configurable reporting logic.,The deployment architecture supports staged implementation across distributed operating environments.,Deployment operations are managed through standardized onboarding procedures across customer operating environments.,Recurring software subscriptions; implementation retainers; reporting modules,Pricing combines annual subscription commitments with deployment and reporting service charges.,"Commercial growth is supported through industry conferences, pilot deployments, and executive referral networks.",1130968,25518115,733512,3 months,rejected
SummitCloud,"SummitCloud provides workflow software for vocational institutes managing invoice reconciliation. The company is raising capital to support deployment operations, implementation staffing, and commercial expansion activities.",agritech,idea,1714316,AED,Companies managing invoice reconciliation typically operate across multiple reporting systems that lack centralized operational visibility.,vocational institutes,$75.1B annual operating market across 13 regions,"The software standardizes workflows related to invoice reconciliation while maintaining audit visibility, operational tracking, and configurable access permissions.",The software supports integration with operational systems commonly used across secondary markets.,Deployment operations are managed through standardized onboarding procedures across customer operating environments.,Annual platform contracts; onboarding services; account support fees,"Commercial agreements are priced according to transaction volume, deployment scope, and active operating locations.","Customer acquisition relies on procurement referrals, implementation partners, and sector-focused outbound sales activity.",1809476,5989096,143869,24 months,approved
VectorLedger,"VectorLedger operates a software platform focused on credential verification for agricultural cooperatives. The business is seeking capital to expand integrations, onboarding resources, and account support operations.",agritech,seed,3341258,GBP,Teams handling credential verification often rely on fragmented workflows that require repeated reconciliation between internal records and third-party systems.,agricultural cooperatives,$28.8B annual operating market across 5 regions,The product consolidates operational processes associated with credential verification into a unified management environment with configurable reporting logic.,The product maintains configurable workflow logic across customer operating environments.,The implementation framework supports phased account deployment across distributed customer operating environments.,Annual platform contracts; onboarding services; account support fees,Pricing combines annual subscription commitments with deployment and reporting service charges.,"Customer acquisition relies on procurement referrals, implementation partners, and sector-focused outbound sales activity.",51235,9133283,45982,15 months,approved
GraniteBase,"GraniteBase operates a software platform focused on crop procurement for vocational institutes. The business is seeking capital to expand integrations, onboarding resources, and account support operations.",ecommerce,idea,7767072,SGD,"Organizations responsible for crop procurement frequently coordinate activity across disconnected operational systems, external vendors, and manual reporting processes.",vocational institutes,$31.8B annual operating market across 14 regions,The product consolidates operational processes associated with crop procurement into a unified management environment with configurable reporting logic.,The platform includes configurable controls aligned with procurement and reporting requirements.,The implementation framework supports phased account deployment across distributed customer operating environments.,Recurring software subscriptions; implementation retainers; reporting modules,Pricing combines annual subscription commitments with deployment and reporting service charges.,"The company sources accounts through regional partnerships, implementation relationships, and direct enterprise outreach.",1699758,17663380,409933,5 months,rejected
VectorLedger,"VectorLedger operates a software platform focused on credential verification for agricultural cooperatives. The business is seeking capital to expand integrations, onboarding resources, and account support operations.",agritech,seed,7662319,GBP,Teams handling credential verification often rely on fragmented workflows that require repeated reconciliation between internal records and third-party systems.,agricultural cooperatives,$28.8B annual operating market across 5 regions,The product consolidates operational processes associated with credential verification into a unified management environment with configurable reporting logic.,The product maintains configurable workflow logic across customer operating environments.,The implementation framework supports phased account deployment across distributed customer operating environments.,Annual platform contracts; onboarding services; account support fees,Pricing combines annual subscription commitments with deployment and reporting service charges.,"Customer acquisition relies on procurement referrals, implementation partners, and sector-focused outbound sales activity.",226612,13953443,489099,6 months,rejected
AtlasCloud,"AtlasCloud operates a software platform focused on crop procurement for independent law firms. The business is seeking capital to expand integrations, onboarding resources, and account support operations.",logistics,seed,7271558,AED,"Organizations responsible for crop procurement frequently coordinate activity across disconnected operational systems, external vendors, and manual reporting processes.",independent law firms,$33.1B annual operating market across 10 regions,"The software standardizes workflows related to crop procurement while maintaining audit visibility, operational tracking, and configurable access permissions.",The product maintains configurable workflow logic across customer operating environments.,Customer onboarding follows a structured implementation process across client operating environments with phased deployment support during rollout.,Annual platform contracts; onboarding services; account support fees,Customers are billed through recurring contracts indexed to usage activity and implementation requirements.,"Customer acquisition relies on procurement referrals, implementation partners, and sector-focused outbound sales activity.",1029694,22866148,579763,6 months,rejected
SignalCloud,"SignalCloud operates a software platform focused on credential verification for specialty manufacturers. The business is seeking capital to expand integrations, onboarding resources, and account support operations.",fintech,pre-seed,5069852,SGD,Teams handling credential verification often rely on fragmented workflows that require repeated reconciliation between internal records and third-party systems.,specialty manufacturers,$33.9B annual operating market across 18 regions,"The platform centralizes records associated with credential verification, synchronizes operational data across connected systems, and maintains configurable reporting controls.",The deployment architecture supports staged implementation across distributed operating environments.,Customer onboarding follows a structured implementation process across client operating environments with phased deployment support during rollout.,Recurring software subscriptions; implementation retainers; reporting modules,Customers are billed through recurring contracts indexed to usage activity and implementation requirements.,"Customer acquisition relies on procurement referrals, implementation partners, and sector-focused outbound sales activity.",1913611,11138998,402276,7 months,rejected
OakMetrics,"OakMetrics provides workflow software for property managers managing supplier onboarding. The company is raising capital to support deployment operations, implementation staffing, and commercial expansion activities.",edtech,pre-seed,3840197,GBP,Teams handling supplier onboarding often rely on fragmented workflows that require repeated reconciliation between internal records and third-party systems.,property managers,$36.0B annual operating market across 18 regions,"The software standardizes workflows related to supplier onboarding while maintaining audit visibility, operational tracking, and configurable access permissions.",The deployment architecture supports staged implementation across distributed operating environments.,The implementation framework supports phased account deployment across distributed customer operating environments.,Usage-based billing; workflow modules; integration support services,Customers are billed through recurring contracts indexed to usage activity and implementation requirements.,"Commercial growth is supported through industry conferences, pilot deployments, and executive referral networks.",229387,14713373,522046,9 months,rejected
AtlasFlow,"AtlasFlow operates a software platform focused on claims intake for municipal transport operators. The business is seeking capital to expand integrations, onboarding resources, and account support operations.",saas,idea,8641584,USD,Companies managing claims intake typically operate across multiple reporting systems that lack centralized operational visibility.,municipal transport operators,$63.2B annual operating market across 18 regions,"The software standardizes workflows related to claims intake while maintaining audit visibility, operational tracking, and configurable access permissions.",The deployment architecture supports staged implementation across distributed operating environments.,The implementation framework supports phased account deployment across distributed customer operating environments.,Usage-based billing; workflow modules; integration support services,Customers are billed through recurring contracts indexed to usage activity and implementation requirements.,"The company sources accounts through regional partnerships, implementation relationships, and direct enterprise outreach.",2160940,29007501,849580,3 months,rejected
SummitLedger,"SummitLedger provides workflow software for municipal transport operators managing inventory forecasting. The company is raising capital to support deployment operations, implementation staffing, and commercial expansion activities.",proptech,series-a,2536218,AED,Companies managing inventory forecasting typically operate across multiple reporting systems that lack centralized operational visibility.,municipal transport operators,$33.3B annual operating market across 5 regions,"The software standardizes workflows related to inventory forecasting while maintaining audit visibility, operational tracking, and configurable access permissions.",The product maintains configurable workflow logic across customer operating environments.,Deployment operations are managed through standardized onboarding procedures across customer operating environments.,Recurring software subscriptions; implementation retainers; reporting modules,Pricing combines annual subscription commitments with deployment and reporting service charges.,"Customer acquisition relies on procurement referrals, implementation partners, and sector-focused outbound sales activity.",1575214,8269893,149220,14 months,approved
HarborLedger,"HarborLedger operates a software platform focused on patient scheduling for regional clinics. The business is seeking capital to expand integrations, onboarding resources, and account support operations.",legaltech,pre-seed,5088786,USD,Teams handling patient scheduling often rely on fragmented workflows that require repeated reconciliation between internal records and third-party systems.,regional clinics,$58.1B annual operating market across 8 regions,The product consolidates operational processes associated with patient scheduling into a unified management environment with configurable reporting logic.,The deployment architecture supports staged implementation across distributed operating environments.,Deployment operations are managed through standardized onboarding procedures across customer operating environments.,Annual platform contracts; onboarding services; account support fees,Customers are billed through recurring contracts indexed to usage activity and implementation requirements.,"Commercial growth is supported through industry conferences, pilot deployments, and executive referral networks.",1003605,18092978,716019,3 months,rejected
OakCloud,"OakCloud provides workflow software for independent law firms managing invoice reconciliation. The company is raising capital to support deployment operations, implementation staffing, and commercial expansion activities.",cleantech,idea,3739225,USD,"Organizations responsible for invoice reconciliation frequently coordinate activity across disconnected operational systems, external vendors, and manual reporting processes.",independent law firms,$64.3B annual operating market across 17 regions,"The software standardizes workflows related to invoice reconciliation while maintaining audit visibility, operational tracking, and configurable access permissions.",The product maintains configurable workflow logic across customer operating environments.,The implementation framework supports phased account deployment across distributed customer operating environments.,Annual platform contracts; onboarding services; account support fees,Pricing combines annual subscription commitments with deployment and reporting service charges.,"Customer acquisition relies on procurement referrals, implementation partners, and sector-focused outbound sales activity.",580431,11446429,865028,3 months,rejected
DeltaBridge,"DeltaBridge provides workflow software for agricultural cooperatives managing crop procurement. The company is raising capital to support deployment operations, implementation staffing, and commercial expansion activities.",agritech,idea,3348200,SGD,"Organizations responsible for crop procurement frequently coordinate activity across disconnected operational systems, external vendors, and manual reporting processes.",agricultural cooperatives,$40.7B annual operating market across 10 regions,"The platform centralizes records associated with crop procurement, synchronizes operational data across connected systems, and maintains configurable reporting controls.",The deployment architecture supports staged implementation across distributed operating environments.,Deployment operations are managed through standardized onboarding procedures across customer operating environments.,Annual platform contracts; onboarding services; account support fees,"Commercial agreements are priced according to transaction volume, deployment scope, and active operating locations.","The company sources accounts through regional partnerships, implementation relationships, and direct enterprise outreach.",2066515,10795160,169400,20 months,approved
SummitLogic,"SummitLogic operates a software platform focused on inventory forecasting for vocational institutes. The business is seeking capital to expand integrations, onboarding resources, and account support operations.",logistics,series-a,8081466,EUR,"Organizations responsible for inventory forecasting frequently coordinate activity across disconnected operational systems, external vendors, and manual reporting processes.",vocational institutes,$80.4B annual operating market across 8 regions,"The platform centralizes records associated with inventory forecasting, synchronizes operational data across connected systems, and maintains configurable reporting controls.",The platform includes configurable controls aligned with procurement and reporting requirements.,The implementation framework supports phased account deployment across distributed customer operating environments.,Recurring software subscriptions; implementation retainers; reporting modules,"Commercial agreements are priced according to transaction volume, deployment scope, and active operating locations.","Commercial growth is supported through industry conferences, pilot deployments, and executive referral networks.",1469090,10030142,884372,8 months,rejected
GraniteFlow,"GraniteFlow operates a software platform focused on patient scheduling for municipal transport operators. The business is seeking capital to expand integrations, onboarding resources, and account support operations.",saas,pre-seed,6566462,AED,Teams handling patient scheduling often rely on fragmented workflows that require repeated reconciliation between internal records and third-party systems.,municipal transport operators,$70.3B annual operating market across 11 regions,The product consolidates operational processes associated with patient scheduling into a unified management environment with configurable reporting logic.,The platform includes configurable controls aligned with procurement and reporting requirements.,Deployment operations are managed through standardized onboarding procedures across customer operating environments.,Annual platform contracts; onboarding services; account support fees,"Commercial agreements are priced according to transaction volume, deployment scope, and active operating locations.","Commercial growth is supported through industry conferences, pilot deployments, and executive referral networks.",844346,17478131,912322,7 months,rejected
ApexLogic,ApexLogic develops operational software used by municipal transport operators responsible for crop procurement. Funding from the current round supports implementation capacity and regional deployment activity.,saas,seed,1752060,GBP,"Organizations responsible for crop procurement frequently coordinate activity across disconnected operational systems, external vendors, and manual reporting processes.",municipal transport operators,$8.5B annual operating market across 13 regions,"The software standardizes workflows related to crop procurement while maintaining audit visibility, operational tracking, and configurable access permissions.",The deployment architecture supports staged implementation across distributed operating environments.,Customer onboarding follows a structured implementation process across client operating environments with phased deployment support during rollout.,Usage-based billing; workflow modules; integration support services,"Commercial agreements are priced according to transaction volume, deployment scope, and active operating locations.","Customer acquisition relies on procurement referrals, implementation partners, and sector-focused outbound sales activity.",96677,5902481,104116,18 months,approved
DeltaFlow,DeltaFlow develops operational software used by specialty manufacturers responsible for crop procurement. Funding from the current round supports implementation capacity and regional deployment activity.,legaltech,series-a,6715840,SGD,Teams handling crop procurement often rely on fragmented workflows that require repeated reconciliation between internal records and third-party systems.,specialty manufacturers,$39.1B annual operating market across 11 regions,The product consolidates operational processes associated with crop procurement into a unified management environment with configurable reporting logic.,The deployment architecture supports staged implementation across distributed operating environments.,Customer onboarding follows a structured implementation process across client operating environments with phased deployment support during rollout.,Annual platform contracts; onboarding services; account support fees,"Commercial agreements are priced according to transaction volume, deployment scope, and active operating locations.","The company sources accounts through regional partnerships, implementation relationships, and direct enterprise outreach.",429356,11157088,587909,5 months,rejected
SignalMetrics,"SignalMetrics provides workflow software for municipal transport operators managing supplier onboarding. The company is raising capital to support deployment operations, implementation staffing, and commercial expansion activities.",saas,seed,5638942,AED,"Organizations responsible for supplier onboarding frequently coordinate activity across disconnected operational systems, external vendors, and manual reporting processes.",municipal transport operators,$66.9B annual operating market across 4 regions,The product consolidates operational processes associated with supplier onboarding into a unified management environment with configurable reporting logic.,The software supports integration with operational systems commonly used across secondary markets.,The implementation framework supports phased account deployment across distributed customer operating environments.,Usage-based billing; workflow modules; integration support services,"Commercial agreements are priced according to transaction volume, deployment scope, and active operating locations.","Customer acquisition relies on procurement referrals, implementation partners, and sector-focused outbound sales activity.",491992,27223828,492192,3 months,rejected
AtlasMetrics,"AtlasMetrics operates a software platform focused on fleet routing for vocational institutes. The business is seeking capital to expand integrations, onboarding resources, and account support operations.",ecommerce,idea,3040820,GBP,"Organizations responsible for fleet routing frequently coordinate activity across disconnected operational systems, external vendors, and manual reporting processes.",vocational institutes,$43.9B annual operating market across 10 regions,"The platform centralizes records associated with fleet routing, synchronizes operational data across connected systems, and maintains configurable reporting controls.",The deployment architecture supports staged implementation across distributed operating environments.,The implementation framework supports phased account deployment across distributed customer operating environments.,Recurring software subscriptions; implementation retainers; reporting modules,Pricing combines annual subscription commitments with deployment and reporting service charges.,"The company sources accounts through regional partnerships, implementation relationships, and direct enterprise outreach.",296079,11461855,106745,26 months,approved
NorthBase,NorthBase develops operational software used by retail distributors responsible for patient scheduling. Funding from the current round supports implementation capacity and regional deployment activity.,healthtech,idea,7231040,GBP,"Organizations responsible for patient scheduling frequently coordinate activity across disconnected operational systems, external vendors, and manual reporting processes.",retail distributors,$68.9B annual operating market across 16 regions,"The software standardizes workflows related to patient scheduling while maintaining audit visibility, operational tracking, and configurable access permissions.",The platform includes configurable controls aligned with procurement and reporting requirements.,Deployment operations are managed through standardized onboarding procedures across customer operating environments.,Usage-based billing; workflow modules; integration support services,"Commercial agreements are priced according to transaction volume, deployment scope, and active operating locations.","The company sources accounts through regional partnerships, implementation relationships, and direct enterprise outreach.",269631,14228282,277406,7 months,rejected
GraniteMetrics,GraniteMetrics develops operational software used by vocational institutes responsible for fleet routing. Funding from the current round supports implementation capacity and regional deployment activity.,agritech,seed,731613,EUR,"Organizations responsible for fleet routing frequently coordinate activity across disconnected operational systems, external vendors, and manual reporting processes.",vocational institutes,$11.5B annual operating market across 8 regions,"The software standardizes workflows related to fleet routing while maintaining audit visibility, operational tracking, and configurable access permissions.",The product maintains configurable workflow logic across customer operating environments.,Customer onboarding follows a structured implementation process across client operating environments with phased deployment support during rollout.,Annual platform contracts; onboarding services; account support fees,"Commercial agreements are priced according to transaction volume, deployment scope, and active operating locations.","Commercial growth is supported through industry conferences, pilot deployments, and executive referral networks.",375748,9703001,153504,21 months,approved
DeltaFlow,DeltaFlow develops operational software used by regional clinics responsible for inventory forecasting. Funding from the current round supports implementation capacity and regional deployment activity.,agritech,idea,3424269,EUR,Teams handling inventory forecasting often rely on fragmented workflows that require repeated reconciliation between internal records and third-party systems.,regional clinics,$62.4B annual operating market across 4 regions,"The platform centralizes records associated with inventory forecasting, synchronizes operational data across connected systems, and maintains configurable reporting controls.",The deployment architecture supports staged implementation across distributed operating environments.,Deployment operations are managed through standardized onboarding procedures across customer operating environments.,Usage-based billing; workflow modules; integration support services,"Commercial agreements are priced according to transaction volume, deployment scope, and active operating locations.","Commercial growth is supported through industry conferences, pilot deployments, and executive referral networks.",489800,9453996,126314,25 months,approved
HarborBase,"HarborBase provides workflow software for warehouse operators managing invoice reconciliation. The company is raising capital to support deployment operations, implementation staffing, and commercial expansion activities.",agritech,idea,3298984,SGD,Companies managing invoice reconciliation typically operate across multiple reporting systems that lack centralized operational visibility.,warehouse operators,$70.9B annual operating market across 11 regions,The product consolidates operational processes associated with invoice reconciliation into a unified management environment with configurable reporting logic.,The platform includes configurable controls aligned with procurement and reporting requirements.,Customer onboarding follows a structured implementation process across client operating environments with phased deployment support during rollout.,Recurring software subscriptions; implementation retainers; reporting modules,"Commercial agreements are priced according to transaction volume, deployment scope, and active operating locations.","Customer acquisition relies on procurement referrals, implementation partners, and sector-focused outbound sales activity.",1215884,8078532,360981,8 months,rejected
AtlasBase,AtlasBase develops operational software used by specialty manufacturers responsible for maintenance scheduling. Funding from the current round supports implementation capacity and regional deployment activity.,agritech,series-a,3971641,SGD,"Organizations responsible for maintenance scheduling frequently coordinate activity across disconnected operational systems, external vendors, and manual reporting processes.",specialty manufacturers,$18.0B annual operating market across 12 regions,"The platform centralizes records associated with maintenance scheduling, synchronizes operational data across connected systems, and maintains configurable reporting controls.",The software supports integration with operational systems commonly used across secondary markets.,Customer onboarding follows a structured implementation process across client operating environments with phased deployment support during rollout.,Usage-based billing; workflow modules; integration support services,Pricing combines annual subscription commitments with deployment and reporting service charges.,"Commercial growth is supported through industry conferences, pilot deployments, and executive referral networks.",1510690,8307743,352540,4 months,rejected
ApexPilot,"ApexPilot provides workflow software for municipal transport operators managing inventory forecasting. The company is raising capital to support deployment operations, implementation staffing, and commercial expansion activities.",edtech,seed,1827504,USD,"Organizations responsible for inventory forecasting frequently coordinate activity across disconnected operational systems, external vendors, and manual reporting processes.",municipal transport operators,$66.5B annual operating market across 7 regions,"The software standardizes workflows related to inventory forecasting while maintaining audit visibility, operational tracking, and configurable access permissions.",The product maintains configurable workflow logic across customer operating environments.,Customer onboarding follows a structured implementation process across client operating environments with phased deployment support during rollout.,Annual platform contracts; onboarding services; account support fees,Customers are billed through recurring contracts indexed to usage activity and implementation requirements.,"Commercial growth is supported through industry conferences, pilot deployments, and executive referral networks.",188238,4401060,132276,16 months,approved
GraniteMetrics,"GraniteMetrics operates a software platform focused on invoice reconciliation for independent law firms. The business is seeking capital to expand integrations, onboarding resources, and account support operations.",ecommerce,seed,1503588,SGD,Companies managing invoice reconciliation typically operate across multiple reporting systems that lack centralized operational visibility.,independent law firms,$51.7B annual operating market across 11 regions,The product consolidates operational processes associated with invoice reconciliation into a unified management environment with configurable reporting logic.,The deployment architecture supports staged implementation across distributed operating environments.,Deployment operations are managed through standardized onboarding procedures across customer operating environments.,Annual platform contracts; onboarding services; account support fees,Customers are billed through recurring contracts indexed to usage activity and implementation requirements.,"Customer acquisition relies on procurement referrals, implementation partners, and sector-focused outbound sales activity.",885934,2957735,140796,15 months,approved
GraniteBridge,GraniteBridge develops operational software used by warehouse operators responsible for supplier onboarding. Funding from the current round supports implementation capacity and regional deployment activity.,cleantech,idea,7676236,AED,"Organizations responsible for supplier onboarding frequently coordinate activity across disconnected operational systems, external vendors, and manual reporting processes.",warehouse operators,$47.0B annual operating market across 18 regions,"The platform centralizes records associated with supplier onboarding, synchronizes operational data across connected systems, and maintains configurable reporting controls.",The software supports integration with operational systems commonly used across secondary markets.,Customer onboarding follows a structured implementation process across client operating environments with phased deployment support during rollout.,Annual platform contracts; onboarding services; account support fees,"Commercial agreements are priced according to transaction volume, deployment scope, and active operating locations.","Commercial growth is supported through industry conferences, pilot deployments, and executive referral networks.",976601,22413728,295376,3 months,rejected
NorthMetrics,"NorthMetrics operates a software platform focused on supplier onboarding for regional clinics. The business is seeking capital to expand integrations, onboarding resources, and account support operations.",cleantech,idea,3120923,EUR,"Organizations responsible for supplier onboarding frequently coordinate activity across disconnected operational systems, external vendors, and manual reporting processes.",regional clinics,$51.8B annual operating market across 12 regions,"The software standardizes workflows related to supplier onboarding while maintaining audit visibility, operational tracking, and configurable access permissions.",The deployment architecture supports staged implementation across distributed operating environments.,Deployment operations are managed through standardized onboarding procedures across customer operating environments.,Usage-based billing; workflow modules; integration support services,Pricing combines annual subscription commitments with deployment and reporting service charges.,"Commercial growth is supported through industry conferences, pilot deployments, and executive referral networks.",579030,3689105,107150,22 months,approved
AtlasLogic,AtlasLogic develops operational software used by specialty manufacturers responsible for fleet routing. Funding from the current round supports implementation capacity and regional deployment activity.,fintech,pre-seed,6706982,AED,Companies managing fleet routing typically operate across multiple reporting systems that lack centralized operational visibility.,specialty manufacturers,$59.8B annual operating market across 13 regions,The product consolidates operational processes associated with fleet routing into a unified management environment with configurable reporting logic.,The deployment architecture supports staged implementation across distributed operating environments.,Customer onboarding follows a structured implementation process across client operating environments with phased deployment support during rollout.,Usage-based billing; workflow modules; integration support services,Pricing combines annual subscription commitments with deployment and reporting service charges.,"The company sources accounts through regional partnerships, implementation relationships, and direct enterprise outreach.",482400,18598217,849843,7 months,rejected
DeltaCloud,"DeltaCloud provides workflow software for agricultural cooperatives managing maintenance scheduling. The company is raising capital to support deployment operations, implementation staffing, and commercial expansion activities.",legaltech,seed,3118388,USD,"Organizations responsible for maintenance scheduling frequently coordinate activity across disconnected operational systems, external vendors, and manual reporting processes.",agricultural cooperatives,$37.4B annual operating market across 12 regions,"The software standardizes workflows related to maintenance scheduling while maintaining audit visibility, operational tracking, and configurable access permissions.",The product maintains configurable workflow logic across customer operating environments.,Deployment operations are managed through standardized onboarding procedures across customer operating environments.,Recurring software subscriptions; implementation retainers; reporting modules,"Commercial agreements are priced according to transaction volume, deployment scope, and active operating locations.","The company sources accounts through regional partnerships, implementation relationships, and direct enterprise outreach.",158184,10486477,100125,15 months,approved
HarborBridge,"HarborBridge operates a software platform focused on supplier onboarding for vocational institutes. The business is seeking capital to expand integrations, onboarding resources, and account support operations.",ecommerce,seed,2572306,EUR,"Organizations responsible for supplier onboarding frequently coordinate activity across disconnected operational systems, external vendors, and manual reporting processes.",vocational institutes,$8.3B annual operating market across 9 regions,The product consolidates operational processes associated with supplier onboarding into a unified management environment with configurable reporting logic.,The deployment architecture supports staged implementation across distributed operating environments.,Deployment operations are managed through standardized onboarding procedures across customer operating environments.,Recurring software subscriptions; implementation retainers; reporting modules,Pricing combines annual subscription commitments with deployment and reporting service charges.,"Commercial growth is supported through industry conferences, pilot deployments, and executive referral networks.",1987741,11778160,49240,24 months,approved
AtlasCloud,"AtlasCloud operates a software platform focused on crop procurement for independent law firms. The business is seeking capital to expand integrations, onboarding resources, and account support operations.",logistics,seed,3023739,AED,"Organizations responsible for crop procurement frequently coordinate activity across disconnected operational systems, external vendors, and manual reporting processes.",independent law firms,$33.1B annual operating market across 10 regions,"The software standardizes workflows related to crop procurement while maintaining audit visibility, operational tracking, and configurable access permissions.",The product maintains configurable workflow logic across customer operating environments.,Customer onboarding follows a structured implementation process across client operating environments with phased deployment support during rollout.,Annual platform contracts; onboarding services; account support fees,Customers are billed through recurring contracts indexed to usage activity and implementation requirements.,"Customer acquisition relies on procurement referrals, implementation partners, and sector-focused outbound sales activity.",227058,2612853,138776,22 months,approved
OakMetrics,OakMetrics develops operational software used by retail distributors responsible for tenant documentation. Funding from the current round supports implementation capacity and regional deployment activity.,legaltech,seed,6915976,SGD,Teams handling tenant documentation often rely on fragmented workflows that require repeated reconciliation between internal records and third-party systems.,retail distributors,$23.8B annual operating market across 18 regions,The product consolidates operational processes associated with tenant documentation into a unified management environment with configurable reporting logic.,The product maintains configurable workflow logic across customer operating environments.,The implementation framework supports phased account deployment across distributed customer operating environments.,Recurring software subscriptions; implementation retainers; reporting modules,"Commercial agreements are priced according to transaction volume, deployment scope, and active operating locations.","The company sources accounts through regional partnerships, implementation relationships, and direct enterprise outreach.",1638575,15246822,250822,9 months,rejected
GraniteCloud,"GraniteCloud operates a software platform focused on supplier onboarding for municipal transport operators. The business is seeking capital to expand integrations, onboarding resources, and account support operations.",agritech,idea,7280668,EUR,"Organizations responsible for supplier onboarding frequently coordinate activity across disconnected operational systems, external vendors, and manual reporting processes.",municipal transport operators,$54.1B annual operating market across 10 regions,"The software standardizes workflows related to supplier onboarding while maintaining audit visibility, operational tracking, and configurable access permissions.",The product maintains configurable workflow logic across customer operating environments.,The implementation framework supports phased account deployment across distributed customer operating environments.,Usage-based billing; workflow modules; integration support services,"Commercial agreements are priced according to transaction volume, deployment scope, and active operating locations.","Customer acquisition relies on procurement referrals, implementation partners, and sector-focused outbound sales activity.",1431061,17998648,598875,3 months,rejected
NorthLedger,"NorthLedger operates a software platform focused on crop procurement for vocational institutes. The business is seeking capital to expand integrations, onboarding resources, and account support operations.",ecommerce,pre-seed,3941383,USD,"Organizations responsible for crop procurement frequently coordinate activity across disconnected operational systems, external vendors, and manual reporting processes.",vocational institutes,$14.7B annual operating market across 18 regions,The product consolidates operational processes associated with crop procurement into a unified management environment with configurable reporting logic.,The software supports integration with operational systems commonly used across secondary markets.,Deployment operations are managed through standardized onboarding procedures across customer operating environments.,Usage-based billing; workflow modules; integration support services,"Commercial agreements are priced according to transaction volume, deployment scope, and active operating locations.","The company sources accounts through regional partnerships, implementation relationships, and direct enterprise outreach.",1346394,21333358,684680,8 months,rejected
SignalWorks,"SignalWorks operates a software platform focused on tenant documentation for municipal transport operators. The business is seeking capital to expand integrations, onboarding resources, and account support operations.",agritech,series-a,1522589,SGD,"Organizations responsible for tenant documentation frequently coordinate activity across disconnected operational systems, external vendors, and manual reporting processes.",municipal transport operators,$13.5B annual operating market across 10 regions,"The software standardizes workflows related to tenant documentation while maintaining audit visibility, operational tracking, and configurable access permissions.",The software supports integration with operational systems commonly used across secondary markets.,Deployment operations are managed through standardized onboarding procedures across customer operating environments.,Usage-based billing; workflow modules; integration support services,Customers are billed through recurring contracts indexed to usage activity and implementation requirements.,"The company sources accounts through regional partnerships, implementation relationships, and direct enterprise outreach.",734372,2712883,104151,14 months,approved
OakCloud,"OakCloud provides workflow software for independent law firms managing invoice reconciliation. The company is raising capital to support deployment operations, implementation staffing, and commercial expansion activities.",cleantech,idea,1926579,USD,"Organizations responsible for invoice reconciliation frequently coordinate activity across disconnected operational systems, external vendors, and manual reporting processes.",independent law firms,$64.3B annual operating market across 17 regions,"The software standardizes workflows related to invoice reconciliation while maintaining audit visibility, operational tracking, and configurable access permissions.",The product maintains configurable workflow logic across customer operating environments.,The implementation framework supports phased account deployment across distributed customer operating environments.,Annual platform contracts; onboarding services; account support fees,Pricing combines annual subscription commitments with deployment and reporting service charges.,"Customer acquisition relies on procurement referrals, implementation partners, and sector-focused outbound sales activity.",169652,3366077,131943,15 months,approved
SignalWorks,"SignalWorks operates a software platform focused on claims intake for insurance brokers. The business is seeking capital to expand integrations, onboarding resources, and account support operations.",fintech,series-a,5320604,EUR,Companies managing claims intake typically operate across multiple reporting systems that lack centralized operational visibility.,insurance brokers,$80.0B annual operating market across 6 regions,"The software standardizes workflows related to claims intake while maintaining audit visibility, operational tracking, and configurable access permissions.",The platform includes configurable controls aligned with procurement and reporting requirements.,Deployment operations are managed through standardized onboarding procedures across customer operating environments.,Annual platform contracts; onboarding services; account support fees,"Commercial agreements are priced according to transaction volume, deployment scope, and active operating locations.","Customer acquisition relies on procurement referrals, implementation partners, and sector-focused outbound sales activity.",1090038,10411520,496465,4 months,rejected
GraniteFlow,GraniteFlow develops operational software used by municipal transport operators responsible for claims intake. Funding from the current round supports implementation capacity and regional deployment activity.,proptech,pre-seed,1981225,USD,Teams handling claims intake often rely on fragmented workflows that require repeated reconciliation between internal records and third-party systems.,municipal transport operators,$74.2B annual operating market across 12 regions,"The software standardizes workflows related to claims intake while maintaining audit visibility, operational tracking, and configurable access permissions.",The software supports integration with operational systems commonly used across secondary markets.,Deployment operations are managed through standardized onboarding procedures across customer operating environments.,Usage-based billing; workflow modules; integration support services,Customers are billed through recurring contracts indexed to usage activity and implementation requirements.,"The company sources accounts through regional partnerships, implementation relationships, and direct enterprise outreach.",428682,5936071,113490,22 months,approved
GraniteFlow,"GraniteFlow operates a software platform focused on claims intake for insurance brokers. The business is seeking capital to expand integrations, onboarding resources, and account support operations.",fintech,series-a,7017039,AED,Teams handling claims intake often rely on fragmented workflows that require repeated reconciliation between internal records and third-party systems.,insurance brokers,$37.6B annual operating market across 10 regions,"The software standardizes workflows related to claims intake while maintaining audit visibility, operational tracking, and configurable access permissions.",The platform includes configurable controls aligned with procurement and reporting requirements.,Customer onboarding follows a structured implementation process across client operating environments with phased deployment support during rollout.,Recurring software subscriptions; implementation retainers; reporting modules,Pricing combines annual subscription commitments with deployment and reporting service charges.,"Customer acquisition relies on procurement referrals, implementation partners, and sector-focused outbound sales activity.",1681166,10031414,644227,5 months,rejected
VectorBase,"VectorBase provides workflow software for specialty manufacturers managing crop procurement. The company is raising capital to support deployment operations, implementation staffing, and commercial expansion activities.",legaltech,pre-seed,7714254,AED,Teams handling crop procurement often rely on fragmented workflows that require repeated reconciliation between internal records and third-party systems.,specialty manufacturers,$15.6B annual operating market across 11 regions,"The software standardizes workflows related to crop procurement while maintaining audit visibility, operational tracking, and configurable access permissions.",The platform includes configurable controls aligned with procurement and reporting requirements.,The implementation framework supports phased account deployment across distributed customer operating environments.,Recurring software subscriptions; implementation retainers; reporting modules,Customers are billed through recurring contracts indexed to usage activity and implementation requirements.,"Commercial growth is supported through industry conferences, pilot deployments, and executive referral networks.",855504,10871503,932772,6 months,rejected
DeltaBase,DeltaBase develops operational software used by municipal transport operators responsible for claims intake. Funding from the current round supports implementation capacity and regional deployment activity.,agritech,pre-seed,1579316,SGD,Companies managing claims intake typically operate across multiple reporting systems that lack centralized operational visibility.,municipal transport operators,$75.1B annual operating market across 9 regions,"The software standardizes workflows related to claims intake while maintaining audit visibility, operational tracking, and configurable access permissions.",The deployment architecture supports staged implementation across distributed operating environments.,The implementation framework supports phased account deployment across distributed customer operating environments.,Recurring software subscriptions; implementation retainers; reporting modules,"Commercial agreements are priced according to transaction volume, deployment scope, and active operating locations.","The company sources accounts through regional partnerships, implementation relationships, and direct enterprise outreach.",2126620,10262215,46297,18 months,approved
SignalLedger,"SignalLedger provides workflow software for insurance brokers managing crop procurement. The company is raising capital to support deployment operations, implementation staffing, and commercial expansion activities.",fintech,series-a,4071248,SGD,Teams handling crop procurement often rely on fragmented workflows that require repeated reconciliation between internal records and third-party systems.,insurance brokers,$29.2B annual operating market across 10 regions,The product consolidates operational processes associated with crop procurement into a unified management environment with configurable reporting logic.,The product maintains configurable workflow logic across customer operating environments.,Customer onboarding follows a structured implementation process across client operating environments with phased deployment support during rollout.,Annual platform contracts; onboarding services; account support fees,Customers are billed through recurring contracts indexed to usage activity and implementation requirements.,"Customer acquisition relies on procurement referrals, implementation partners, and sector-focused outbound sales activity.",906936,26200388,893013,7 months,rejected
AtlasPilot,"AtlasPilot provides workflow software for specialty manufacturers managing inventory forecasting. The company is raising capital to support deployment operations, implementation staffing, and commercial expansion activities.",agritech,pre-seed,8565169,SGD,Teams handling inventory forecasting often rely on fragmented workflows that require repeated reconciliation between internal records and third-party systems.,specialty manufacturers,$44.5B annual operating market across 9 regions,The product consolidates operational processes associated with inventory forecasting into a unified management environment with configurable reporting logic.,The software supports integration with operational systems commonly used across secondary markets.,Customer onboarding follows a structured implementation process across client operating environments with phased deployment support during rollout.,Recurring software subscriptions; implementation retainers; reporting modules,Pricing combines annual subscription commitments with deployment and reporting service charges.,"The company sources accounts through regional partnerships, implementation relationships, and direct enterprise outreach.",1636098,22619961,944696,8 months,rejected
DeltaWorks,"DeltaWorks provides workflow software for municipal transport operators managing crop procurement. The company is raising capital to support deployment operations, implementation staffing, and commercial expansion activities.",legaltech,pre-seed,3519587,SGD,"Organizations responsible for crop procurement frequently coordinate activity across disconnected operational systems, external vendors, and manual reporting processes.",municipal transport operators,$9.1B annual operating market across 11 regions,The product consolidates operational processes associated with crop procurement into a unified management environment with configurable reporting logic.,The deployment architecture supports staged implementation across distributed operating environments.,Customer onboarding follows a structured implementation process across client operating environments with phased deployment support during rollout.,Annual platform contracts; onboarding services; account support fees,Pricing combines annual subscription commitments with deployment and reporting service charges.,"Commercial growth is supported through industry conferences, pilot deployments, and executive referral networks.",1023040,13571866,892042,9 months,rejected
OakBase,"OakBase provides workflow software for vocational institutes managing patient scheduling. The company is raising capital to support deployment operations, implementation staffing, and commercial expansion activities.",saas,idea,1750910,EUR,Teams handling patient scheduling often rely on fragmented workflows that require repeated reconciliation between internal records and third-party systems.,vocational institutes,$7.0B annual operating market across 7 regions,"The platform centralizes records associated with patient scheduling, synchronizes operational data across connected systems, and maintains configurable reporting controls.",The platform includes configurable controls aligned with procurement and reporting requirements.,Customer onboarding follows a structured implementation process across client operating environments with phased deployment support during rollout.,Recurring software subscriptions; implementation retainers; reporting modules,Pricing combines annual subscription commitments with deployment and reporting service charges.,"Commercial growth is supported through industry conferences, pilot deployments, and executive referral networks.",1637505,8461734,104085,23 months,approved
SignalCloud,SignalCloud develops operational software used by property managers responsible for crop procurement. Funding from the current round supports implementation capacity and regional deployment activity.,agritech,series-a,4331187,USD,Teams handling crop procurement often rely on fragmented workflows that require repeated reconciliation between internal records and third-party systems.,property managers,$7.5B annual operating market across 12 regions,The product consolidates operational processes associated with crop procurement into a unified management environment with configurable reporting logic.,The deployment architecture supports staged implementation across distributed operating environments.,Customer onboarding follows a structured implementation process across client operating environments with phased deployment support during rollout.,Annual platform contracts; onboarding services; account support fees,Customers are billed through recurring contracts indexed to usage activity and implementation requirements.,"The company sources accounts through regional partnerships, implementation relationships, and direct enterprise outreach.",1718037,8149391,669770,9 months,rejected
DeltaLogic,"DeltaLogic provides workflow software for retail distributors managing inventory forecasting. The company is raising capital to support deployment operations, implementation staffing, and commercial expansion activities.",agritech,seed,1293300,USD,"Organizations responsible for inventory forecasting frequently coordinate activity across disconnected operational systems, external vendors, and manual reporting processes.",retail distributors,$71.1B annual operating market across 13 regions,"The software standardizes workflows related to inventory forecasting while maintaining audit visibility, operational tracking, and configurable access permissions.",The platform includes configurable controls aligned with procurement and reporting requirements.,The implementation framework supports phased account deployment across distributed customer operating environments.,Recurring software subscriptions; implementation retainers; reporting modules,Customers are billed through recurring contracts indexed to usage activity and implementation requirements.,"Customer acquisition relies on procurement referrals, implementation partners, and sector-focused outbound sales activity.",1475767,4477145,140323,18 months,approved
GraniteWorks,"GraniteWorks provides workflow software for vocational institutes managing invoice reconciliation. The company is raising capital to support deployment operations, implementation staffing, and commercial expansion activities.",agritech,pre-seed,8871712,USD,Teams handling invoice reconciliation often rely on fragmented workflows that require repeated reconciliation between internal records and third-party systems.,vocational institutes,$6.5B annual operating market across 13 regions,"The platform centralizes records associated with invoice reconciliation, synchronizes operational data across connected systems, and maintains configurable reporting controls.",The software supports integration with operational systems commonly used across secondary markets.,Customer onboarding follows a structured implementation process across client operating environments with phased deployment support during rollout.,Recurring software subscriptions; implementation retainers; reporting modules,Pricing combines annual subscription commitments with deployment and reporting service charges.,"Customer acquisition relies on procurement referrals, implementation partners, and sector-focused outbound sales activity.",413740,14662045,931289,4 months,rejected
VectorPilot,"VectorPilot provides workflow software for retail distributors managing fleet routing. The company is raising capital to support deployment operations, implementation staffing, and commercial expansion activities.",agritech,seed,1880937,EUR,"Organizations responsible for fleet routing frequently coordinate activity across disconnected operational systems, external vendors, and manual reporting processes.",retail distributors,$11.1B annual operating market across 16 regions,"The software standardizes workflows related to fleet routing while maintaining audit visibility, operational tracking, and configurable access permissions.",The deployment architecture supports staged implementation across distributed operating environments.,Customer onboarding follows a structured implementation process across client operating environments with phased deployment support during rollout.,Annual platform contracts; onboarding services; account support fees,"Commercial agreements are priced according to transaction volume, deployment scope, and active operating locations.","The company sources accounts through regional partnerships, implementation relationships, and direct enterprise outreach.",1717374,10752409,179797,20 months,approved
SummitFlow,"SummitFlow provides workflow software for retail distributors managing patient scheduling. The company is raising capital to support deployment operations, implementation staffing, and commercial expansion activities.",healthtech,pre-seed,5739493,USD,Companies managing patient scheduling typically operate across multiple reporting systems that lack centralized operational visibility.,retail distributors,$51.0B annual operating market across 11 regions,"The platform centralizes records associated with patient scheduling, synchronizes operational data across connected systems, and maintains configurable reporting controls.",The platform includes configurable controls aligned with procurement and reporting requirements.,Customer onboarding follows a structured implementation process across client operating environments with phased deployment support during rollout.,Annual platform contracts; onboarding services; account support fees,"Commercial agreements are priced according to transaction volume, deployment scope, and active operating locations.","Commercial growth is supported through industry conferences, pilot deployments, and executive referral networks.",1575429,15047470,747583,6 months,rejected
DeltaLedger,"DeltaLedger provides workflow software for retail distributors managing inventory forecasting. The company is raising capital to support deployment operations, implementation staffing, and commercial expansion activities.",cleantech,series-a,8978455,USD,Companies managing inventory forecasting typically operate across multiple reporting systems that lack centralized operational visibility.,retail distributors,$26.9B annual operating market across 9 regions,The product consolidates operational processes associated with inventory forecasting into a unified management environment with configurable reporting logic.,The software supports integration with operational systems commonly used across secondary markets.,Customer onboarding follows a structured implementation process across client operating environments with phased deployment support during rollout.,Recurring software subscriptions; implementation retainers; reporting modules,Pricing combines annual subscription commitments with deployment and reporting service charges.,"Commercial growth is supported through industry conferences, pilot deployments, and executive referral networks.",1258463,13035447,704749,8 months,rejected
GranitePilot,"GranitePilot operates a software platform focused on maintenance scheduling for insurance brokers. The business is seeking capital to expand integrations, onboarding resources, and account support operations.",logistics,series-a,798700,EUR,Teams handling maintenance scheduling often rely on fragmented workflows that require repeated reconciliation between internal records and third-party systems.,insurance brokers,$52.9B annual operating market across 10 regions,"The software standardizes workflows related to maintenance scheduling while maintaining audit visibility, operational tracking, and configurable access permissions.",The software supports integration with operational systems commonly used across secondary markets.,Deployment operations are managed through standardized onboarding procedures across customer operating environments.,Recurring software subscriptions; implementation retainers; reporting modules,Pricing combines annual subscription commitments with deployment and reporting service charges.,"Customer acquisition relies on procurement referrals, implementation partners, and sector-focused outbound sales activity.",846355,11120710,149540,17 months,approved
NorthLogic,"NorthLogic provides workflow software for vocational institutes managing claims intake. The company is raising capital to support deployment operations, implementation staffing, and commercial expansion activities.",healthtech,seed,8104073,USD,Teams handling claims intake often rely on fragmented workflows that require repeated reconciliation between internal records and third-party systems.,vocational institutes,$79.4B annual operating market across 11 regions,"The software standardizes workflows related to claims intake while maintaining audit visibility, operational tracking, and configurable access permissions.",The software supports integration with operational systems commonly used across secondary markets.,Deployment operations are managed through standardized onboarding procedures across customer operating environments.,Recurring software subscriptions; implementation retainers; reporting modules,"Commercial agreements are priced according to transaction volume, deployment scope, and active operating locations.","Customer acquisition relies on procurement referrals, implementation partners, and sector-focused outbound sales activity.",390079,27552652,712040,6 months,rejected
GranitePilot,GranitePilot develops operational software used by specialty manufacturers responsible for credential verification. Funding from the current round supports implementation capacity and regional deployment activity.,ecommerce,series-a,1460567,SGD,"Organizations responsible for credential verification frequently coordinate activity across disconnected operational systems, external vendors, and manual reporting processes.",specialty manufacturers,$37.6B annual operating market across 11 regions,The product consolidates operational processes associated with credential verification into a unified management environment with configurable reporting logic.,The software supports integration with operational systems commonly used across secondary markets.,Customer onboarding follows a structured implementation process across client operating environments with phased deployment support during rollout.,Usage-based billing; workflow modules; integration support services,Customers are billed through recurring contracts indexed to usage activity and implementation requirements.,"Customer acquisition relies on procurement referrals, implementation partners, and sector-focused outbound sales activity.",347302,7378619,47178,19 months,approved
ApexSystems,"ApexSystems provides workflow software for property managers managing tenant documentation. The company is raising capital to support deployment operations, implementation staffing, and commercial expansion activities.",fintech,seed,7700449,USD,Companies managing tenant documentation typically operate across multiple reporting systems that lack centralized operational visibility.,property managers,$60.9B annual operating market across 5 regions,"The platform centralizes records associated with tenant documentation, synchronizes operational data across connected systems, and maintains configurable reporting controls.",The platform includes configurable controls aligned with procurement and reporting requirements.,Deployment operations are managed through standardized onboarding procedures across customer operating environments.,Usage-based billing; workflow modules; integration support services,Customers are billed through recurring contracts indexed to usage activity and implementation requirements.,"Commercial growth is supported through industry conferences, pilot deployments, and executive referral networks.",214546,28798064,541440,7 months,rejected
SummitLedger,"SummitLedger provides workflow software for municipal transport operators managing inventory forecasting. The company is raising capital to support deployment operations, implementation staffing, and commercial expansion activities.",proptech,series-a,6936208,AED,Companies managing inventory forecasting typically operate across multiple reporting systems that lack centralized operational visibility.,municipal transport operators,$33.3B annual operating market across 5 regions,"The software standardizes workflows related to inventory forecasting while maintaining audit visibility, operational tracking, and configurable access permissions.",The product maintains configurable workflow logic across customer operating environments.,Deployment operations are managed through standardized onboarding procedures across customer operating environments.,Recurring software subscriptions; implementation retainers; reporting modules,Pricing combines annual subscription commitments with deployment and reporting service charges.,"Customer acquisition relies on procurement referrals, implementation partners, and sector-focused outbound sales activity.",252994,7727735,881798,9 months,rejected
GraniteFlow,"GraniteFlow provides workflow software for municipal transport operators managing tenant documentation. The company is raising capital to support deployment operations, implementation staffing, and commercial expansion activities.",proptech,pre-seed,1258086,SGD,Companies managing tenant documentation typically operate across multiple reporting systems that lack centralized operational visibility.,municipal transport operators,$44.7B annual operating market across 11 regions,"The software standardizes workflows related to tenant documentation while maintaining audit visibility, operational tracking, and configurable access permissions.",The product maintains configurable workflow logic across customer operating environments.,The implementation framework supports phased account deployment across distributed customer operating environments.,Usage-based billing; workflow modules; integration support services,"Commercial agreements are priced according to transaction volume, deployment scope, and active operating locations.","Commercial growth is supported through industry conferences, pilot deployments, and executive referral networks.",1253143,8925014,149885,15 months,approved
NorthFlow,NorthFlow develops operational software used by warehouse operators responsible for inventory forecasting. Funding from the current round supports implementation capacity and regional deployment activity.,ecommerce,series-a,5271297,AED,Teams handling inventory forecasting often rely on fragmented workflows that require repeated reconciliation between internal records and third-party systems.,warehouse operators,$77.6B annual operating market across 16 regions,The product consolidates operational processes associated with inventory forecasting into a unified management environment with configurable reporting logic.,The software supports integration with operational systems commonly used across secondary markets.,Deployment operations are managed through standardized onboarding procedures across customer operating environments.,Annual platform contracts; onboarding services; account support fees,Pricing combines annual subscription commitments with deployment and reporting service charges.,"Commercial growth is supported through industry conferences, pilot deployments, and executive referral networks.",1101007,23471009,673220,6 months,rejected
GraniteBridge,GraniteBridge develops operational software used by regional clinics responsible for fleet routing. Funding from the current round supports implementation capacity and regional deployment activity.,cleantech,series-a,1771372,GBP,"Organizations responsible for fleet routing frequently coordinate activity across disconnected operational systems, external vendors, and manual reporting processes.",regional clinics,$30.8B annual operating market across 6 regions,The product consolidates operational processes associated with fleet routing into a unified management environment with configurable reporting logic.,The software supports integration with operational systems commonly used across secondary markets.,The implementation framework supports phased account deployment across distributed customer operating environments.,Annual platform contracts; onboarding services; account support fees,Customers are billed through recurring contracts indexed to usage activity and implementation requirements.,"Customer acquisition relies on procurement referrals, implementation partners, and sector-focused outbound sales activity.",35272,6704358,92037,24 months,approved
HarborFlow,"HarborFlow provides workflow software for regional clinics managing inventory forecasting. The company is raising capital to support deployment operations, implementation staffing, and commercial expansion activities.",edtech,idea,1670295,GBP,"Organizations responsible for inventory forecasting frequently coordinate activity across disconnected operational systems, external vendors, and manual reporting processes.",regional clinics,$15.3B annual operating market across 7 regions,The product consolidates operational processes associated with inventory forecasting into a unified management environment with configurable reporting logic.,The product maintains configurable workflow logic across customer operating environments.,Deployment operations are managed through standardized onboarding procedures across customer operating environments.,Annual platform contracts; onboarding services; account support fees,"Commercial agreements are priced according to transaction volume, deployment scope, and active operating locations.","The company sources accounts through regional partnerships, implementation relationships, and direct enterprise outreach.",212323,10081703,168200,19 months,approved
AtlasBridge,"AtlasBridge provides workflow software for warehouse operators managing supplier onboarding. The company is raising capital to support deployment operations, implementation staffing, and commercial expansion activities.",healthtech,seed,2190293,GBP,Companies managing supplier onboarding typically operate across multiple reporting systems that lack centralized operational visibility.,warehouse operators,$37.8B annual operating market across 16 regions,"The software standardizes workflows related to supplier onboarding while maintaining audit visibility, operational tracking, and configurable access permissions.",The software supports integration with operational systems commonly used across secondary markets.,Deployment operations are managed through standardized onboarding procedures across customer operating environments.,Recurring software subscriptions; implementation retainers; reporting modules,Pricing combines annual subscription commitments with deployment and reporting service charges.,"Customer acquisition relies on procurement referrals, implementation partners, and sector-focused outbound sales activity.",531020,10705100,113300,24 months,approved
SignalWorks,"SignalWorks operates a software platform focused on claims intake for insurance brokers. The business is seeking capital to expand integrations, onboarding resources, and account support operations.",fintech,series-a,2614000,EUR,Companies managing claims intake typically operate across multiple reporting systems that lack centralized operational visibility.,insurance brokers,$80.0B annual operating market across 6 regions,"The software standardizes workflows related to claims intake while maintaining audit visibility, operational tracking, and configurable access permissions.",The platform includes configurable controls aligned with procurement and reporting requirements.,Deployment operations are managed through standardized onboarding procedures across customer operating environments.,Annual platform contracts; onboarding services; account support fees,"Commercial agreements are priced according to transaction volume, deployment scope, and active operating locations.","Customer acquisition relies on procurement referrals, implementation partners, and sector-focused outbound sales activity.",930292,4484346,146360,16 months,approved
GraniteCloud,"GraniteCloud operates a software platform focused on inventory forecasting for agricultural cooperatives. The business is seeking capital to expand integrations, onboarding resources, and account support operations.",legaltech,idea,1566699,SGD,"Organizations responsible for inventory forecasting frequently coordinate activity across disconnected operational systems, external vendors, and manual reporting processes.",agricultural cooperatives,$34.4B annual operating market across 11 regions,The product consolidates operational processes associated with inventory forecasting into a unified management environment with configurable reporting logic.,The deployment architecture supports staged implementation across distributed operating environments.,The implementation framework supports phased account deployment across distributed customer operating environments.,Recurring software subscriptions; implementation retainers; reporting modules,Customers are billed through recurring contracts indexed to usage activity and implementation requirements.,"The company sources accounts through regional partnerships, implementation relationships, and direct enterprise outreach.",973076,11748737,61811,25 months,approved
SignalBridge,SignalBridge develops operational software used by vocational institutes responsible for claims intake. Funding from the current round supports implementation capacity and regional deployment activity.,cleantech,pre-seed,3158569,SGD,"Organizations responsible for claims intake frequently coordinate activity across disconnected operational systems, external vendors, and manual reporting processes.",vocational institutes,$24.9B annual operating market across 9 regions,"The software standardizes workflows related to claims intake while maintaining audit visibility, operational tracking, and configurable access permissions.",The software supports integration with operational systems commonly used across secondary markets.,The implementation framework supports phased account deployment across distributed customer operating environments.,Usage-based billing; workflow modules; integration support services,"Commercial agreements are priced according to transaction volume, deployment scope, and active operating locations.","Commercial growth is supported through industry conferences, pilot deployments, and executive referral networks.",1140081,8785736,672972,7 months,rejected
GraniteLedger,"GraniteLedger operates a software platform focused on inventory forecasting for independent law firms. The business is seeking capital to expand integrations, onboarding resources, and account support operations.",legaltech,idea,6146812,SGD,"Organizations responsible for inventory forecasting frequently coordinate activity across disconnected operational systems, external vendors, and manual reporting processes.",independent law firms,$21.3B annual operating market across 12 regions,"The software standardizes workflows related to inventory forecasting while maintaining audit visibility, operational tracking, and configurable access permissions.",The platform includes configurable controls aligned with procurement and reporting requirements.,The implementation framework supports phased account deployment across distributed customer operating environments.,Annual platform contracts; onboarding services; account support fees,Customers are billed through recurring contracts indexed to usage activity and implementation requirements.,"Commercial growth is supported through industry conferences, pilot deployments, and executive referral networks.",541787,18569522,433986,7 months,rejected
SignalLedger,"SignalLedger provides workflow software for independent law firms managing inventory forecasting. The company is raising capital to support deployment operations, implementation staffing, and commercial expansion activities.",fintech,series-a,8502425,USD,Companies managing inventory forecasting typically operate across multiple reporting systems that lack centralized operational visibility.,independent law firms,$62.3B annual operating market across 14 regions,The product consolidates operational processes associated with inventory forecasting into a unified management environment with configurable reporting logic.,The software supports integration with operational systems commonly used across secondary markets.,The implementation framework supports phased account deployment across distributed customer operating environments.,Annual platform contracts; onboarding services; account support fees,Customers are billed through recurring contracts indexed to usage activity and implementation requirements.,"Customer acquisition relies on procurement referrals, implementation partners, and sector-focused outbound sales activity.",1527457,19594104,704707,4 months,rejected
GraniteLogic,"GraniteLogic operates a software platform focused on crop procurement for vocational institutes. The business is seeking capital to expand integrations, onboarding resources, and account support operations.",fintech,pre-seed,8975435,EUR,Teams handling crop procurement often rely on fragmented workflows that require repeated reconciliation between internal records and third-party systems.,vocational institutes,$35.0B annual operating market across 17 regions,"The platform centralizes records associated with crop procurement, synchronizes operational data across connected systems, and maintains configurable reporting controls.",The product maintains configurable workflow logic across customer operating environments.,Deployment operations are managed through standardized onboarding procedures across customer operating environments.,Annual platform contracts; onboarding services; account support fees,"Commercial agreements are priced according to transaction volume, deployment scope, and active operating locations.","The company sources accounts through regional partnerships, implementation relationships, and direct enterprise outreach.",674871,10856634,492025,9 months,rejected
ApexLedger,"ApexLedger operates a software platform focused on fleet routing for property managers. The business is seeking capital to expand integrations, onboarding resources, and account support operations.",healthtech,seed,5737184,GBP,Companies managing fleet routing typically operate across multiple reporting systems that lack centralized operational visibility.,property managers,$58.8B annual operating market across 13 regions,The product consolidates operational processes associated with fleet routing into a unified management environment with configurable reporting logic.,The deployment architecture supports staged implementation across distributed operating environments.,The implementation framework supports phased account deployment across distributed customer operating environments.,Annual platform contracts; onboarding services; account support fees,Pricing combines annual subscription commitments with deployment and reporting service charges.,"Customer acquisition relies on procurement referrals, implementation partners, and sector-focused outbound sales activity.",989355,11674814,739591,7 months,rejected
OakBase,"OakBase provides workflow software for specialty manufacturers managing credential verification. The company is raising capital to support deployment operations, implementation staffing, and commercial expansion activities.",cleantech,series-a,3061087,AED,Companies managing credential verification typically operate across multiple reporting systems that lack centralized operational visibility.,specialty manufacturers,$28.1B annual operating market across 11 regions,"The software standardizes workflows related to credential verification while maintaining audit visibility, operational tracking, and configurable access permissions.",The software supports integration with operational systems commonly used across secondary markets.,Customer onboarding follows a structured implementation process across client operating environments with phased deployment support during rollout.,Recurring software subscriptions; implementation retainers; reporting modules,Pricing combines annual subscription commitments with deployment and reporting service charges.,"The company sources accounts through regional partnerships, implementation relationships, and direct enterprise outreach.",9346,9146461,158749,24 months,approved
NorthFlow,NorthFlow develops operational software used by warehouse operators responsible for inventory forecasting. Funding from the current round supports implementation capacity and regional deployment activity.,ecommerce,series-a,2220145,AED,Teams handling inventory forecasting often rely on fragmented workflows that require repeated reconciliation between internal records and third-party systems.,warehouse operators,$77.6B annual operating market across 16 regions,The product consolidates operational processes associated with inventory forecasting into a unified management environment with configurable reporting logic.,The software supports integration with operational systems commonly used across secondary markets.,Deployment operations are managed through standardized onboarding procedures across customer operating environments.,Annual platform contracts; onboarding services; account support fees,Pricing combines annual subscription commitments with deployment and reporting service charges.,"Commercial growth is supported through industry conferences, pilot deployments, and executive referral networks.",366140,11995345,70048,22 months,approved
GraniteMetrics,GraniteMetrics develops operational software used by municipal transport operators responsible for tenant documentation. Funding from the current round supports implementation capacity and regional deployment activity.,logistics,idea,3125423,AED,"Organizations responsible for tenant documentation frequently coordinate activity across disconnected operational systems, external vendors, and manual reporting processes.",municipal transport operators,$51.4B annual operating market across 9 regions,"The platform centralizes records associated with tenant documentation, synchronizes operational data across connected systems, and maintains configurable reporting controls.",The platform includes configurable controls aligned with procurement and reporting requirements.,Customer onboarding follows a structured implementation process across client operating environments with phased deployment support during rollout.,Recurring software subscriptions; implementation retainers; reporting modules,Customers are billed through recurring contracts indexed to usage activity and implementation requirements.,"The company sources accounts through regional partnerships, implementation relationships, and direct enterprise outreach.",91071,8257974,86472,21 months,approved
SignalLedger,"SignalLedger provides workflow software for independent law firms managing invoice reconciliation. The company is raising capital to support deployment operations, implementation staffing, and commercial expansion activities.",healthtech,idea,8791580,USD,Teams handling invoice reconciliation often rely on fragmented workflows that require repeated reconciliation between internal records and third-party systems.,independent law firms,$62.5B annual operating market across 6 regions,The product consolidates operational processes associated with invoice reconciliation into a unified management environment with configurable reporting logic.,The product maintains configurable workflow logic across customer operating environments.,The implementation framework supports phased account deployment across distributed customer operating environments.,Usage-based billing; workflow modules; integration support services,Pricing combines annual subscription commitments with deployment and reporting service charges.,"Customer acquisition relies on procurement referrals, implementation partners, and sector-focused outbound sales activity.",2304933,20428375,774729,4 months,rejected
HarborLedger,"HarborLedger operates a software platform focused on patient scheduling for regional clinics. The business is seeking capital to expand integrations, onboarding resources, and account support operations.",legaltech,pre-seed,559952,USD,Teams handling patient scheduling often rely on fragmented workflows that require repeated reconciliation between internal records and third-party systems.,regional clinics,$58.1B annual operating market across 8 regions,The product consolidates operational processes associated with patient scheduling into a unified management environment with configurable reporting logic.,The deployment architecture supports staged implementation across distributed operating environments.,Deployment operations are managed through standardized onboarding procedures across customer operating environments.,Annual platform contracts; onboarding services; account support fees,Customers are billed through recurring contracts indexed to usage activity and implementation requirements.,"Commercial growth is supported through industry conferences, pilot deployments, and executive referral networks.",1805751,4779168,172927,18 months,approved
ApexWorks,"ApexWorks operates a software platform focused on inventory forecasting for municipal transport operators. The business is seeking capital to expand integrations, onboarding resources, and account support operations.",legaltech,idea,2121476,EUR,Teams handling inventory forecasting often rely on fragmented workflows that require repeated reconciliation between internal records and third-party systems.,municipal transport operators,$20.5B annual operating market across 8 regions,The product consolidates operational processes associated with inventory forecasting into a unified management environment with configurable reporting logic.,The deployment architecture supports staged implementation across distributed operating environments.,Customer onboarding follows a structured implementation process across client operating environments with phased deployment support during rollout.,Usage-based billing; workflow modules; integration support services,Pricing combines annual subscription commitments with deployment and reporting service charges.,"The company sources accounts through regional partnerships, implementation relationships, and direct enterprise outreach.",1670087,9191053,90222,18 months,approved
SignalFlow,"SignalFlow provides workflow software for warehouse operators managing crop procurement. The company is raising capital to support deployment operations, implementation staffing, and commercial expansion activities.",ecommerce,seed,2798766,GBP,Companies managing crop procurement typically operate across multiple reporting systems that lack centralized operational visibility.,warehouse operators,$51.9B annual operating market across 13 regions,"The software standardizes workflows related to crop procurement while maintaining audit visibility, operational tracking, and configurable access permissions.",The software supports integration with operational systems commonly used across secondary markets.,Customer onboarding follows a structured implementation process across client operating environments with phased deployment support during rollout.,Annual platform contracts; onboarding services; account support fees,Pricing combines annual subscription commitments with deployment and reporting service charges.,"Commercial growth is supported through industry conferences, pilot deployments, and executive referral networks.",421423,6855807,145826,21 months,approved
AtlasSystems,AtlasSystems develops operational software used by insurance brokers responsible for invoice reconciliation. Funding from the current round supports implementation capacity and regional deployment activity.,proptech,pre-seed,2541430,AED,Teams handling invoice reconciliation often rely on fragmented workflows that require repeated reconciliation between internal records and third-party systems.,insurance brokers,$45.9B annual operating market across 15 regions,"The platform centralizes records associated with invoice reconciliation, synchronizes operational data across connected systems, and maintains configurable reporting controls.",The software supports integration with operational systems commonly used across secondary markets.,The implementation framework supports phased account deployment across distributed customer operating environments.,Annual platform contracts; onboarding services; account support fees,"Commercial agreements are priced according to transaction volume, deployment scope, and active operating locations.","The company sources accounts through regional partnerships, implementation relationships, and direct enterprise outreach.",479871,8856247,106803,17 months,approved
DeltaWorks,"DeltaWorks operates a software platform focused on invoice reconciliation for agricultural cooperatives. The business is seeking capital to expand integrations, onboarding resources, and account support operations.",fintech,pre-seed,3680963,USD,Teams handling invoice reconciliation often rely on fragmented workflows that require repeated reconciliation between internal records and third-party systems.,agricultural cooperatives,$68.6B annual operating market across 8 regions,"The platform centralizes records associated with invoice reconciliation, synchronizes operational data across connected systems, and maintains configurable reporting controls.",The deployment architecture supports staged implementation across distributed operating environments.,Deployment operations are managed through standardized onboarding procedures across customer operating environments.,Annual platform contracts; onboarding services; account support fees,Pricing combines annual subscription commitments with deployment and reporting service charges.,"Commercial growth is supported through industry conferences, pilot deployments, and executive referral networks.",476537,16858880,627266,8 months,rejected
SignalLogic,SignalLogic develops operational software used by insurance brokers responsible for crop procurement. Funding from the current round supports implementation capacity and regional deployment activity.,agritech,pre-seed,4463857,USD,Teams handling crop procurement often rely on fragmented workflows that require repeated reconciliation between internal records and third-party systems.,insurance brokers,$6.7B annual operating market across 14 regions,The product consolidates operational processes associated with crop procurement into a unified management environment with configurable reporting logic.,The platform includes configurable controls aligned with procurement and reporting requirements.,Customer onboarding follows a structured implementation process across client operating environments with phased deployment support during rollout.,Usage-based billing; workflow modules; integration support services,Customers are billed through recurring contracts indexed to usage activity and implementation requirements.,"Customer acquisition relies on procurement referrals, implementation partners, and sector-focused outbound sales activity.",977590,23054427,238310,9 months,rejected
VectorMetrics,VectorMetrics develops operational software used by agricultural cooperatives responsible for crop procurement. Funding from the current round supports implementation capacity and regional deployment activity.,saas,series-a,688051,GBP,"Organizations responsible for crop procurement frequently coordinate activity across disconnected operational systems, external vendors, and manual reporting processes.",agricultural cooperatives,$36.5B annual operating market across 9 regions,The product consolidates operational processes associated with crop procurement into a unified management environment with configurable reporting logic.,The platform includes configurable controls aligned with procurement and reporting requirements.,The implementation framework supports phased account deployment across distributed customer operating environments.,Usage-based billing; workflow modules; integration support services,"Commercial agreements are priced according to transaction volume, deployment scope, and active operating locations.","Customer acquisition relies on procurement referrals, implementation partners, and sector-focused outbound sales activity.",1835122,4215101,121310,15 months,approved
GraniteBridge,"GraniteBridge provides workflow software for regional clinics managing fleet routing. The company is raising capital to support deployment operations, implementation staffing, and commercial expansion activities.",edtech,seed,8702851,USD,Teams handling fleet routing often rely on fragmented workflows that require repeated reconciliation between internal records and third-party systems.,regional clinics,$31.6B annual operating market across 7 regions,"The platform centralizes records associated with fleet routing, synchronizes operational data across connected systems, and maintains configurable reporting controls.",The platform includes configurable controls aligned with procurement and reporting requirements.,Customer onboarding follows a structured implementation process across client operating environments with phased deployment support during rollout.,Annual platform contracts; onboarding services; account support fees,Pricing combines annual subscription commitments with deployment and reporting service charges.,"Commercial growth is supported through industry conferences, pilot deployments, and executive referral networks.",550441,20771274,350824,4 months,rejected
GraniteBridge,GraniteBridge develops operational software used by warehouse operators responsible for supplier onboarding. Funding from the current round supports implementation capacity and regional deployment activity.,cleantech,idea,1162119,AED,"Organizations responsible for supplier onboarding frequently coordinate activity across disconnected operational systems, external vendors, and manual reporting processes.",warehouse operators,$47.0B annual operating market across 18 regions,"The platform centralizes records associated with supplier onboarding, synchronizes operational data across connected systems, and maintains configurable reporting controls.",The software supports integration with operational systems commonly used across secondary markets.,Customer onboarding follows a structured implementation process across client operating environments with phased deployment support during rollout.,Annual platform contracts; onboarding services; account support fees,"Commercial agreements are priced according to transaction volume, deployment scope, and active operating locations.","Commercial growth is supported through industry conferences, pilot deployments, and executive referral networks.",164943,9020172,48167,24 months,approved
SignalLogic,SignalLogic develops operational software used by agricultural cooperatives responsible for credential verification. Funding from the current round supports implementation capacity and regional deployment activity.,edtech,series-a,4224578,EUR,Teams handling credential verification often rely on fragmented workflows that require repeated reconciliation between internal records and third-party systems.,agricultural cooperatives,$80.1B annual operating market across 11 regions,The product consolidates operational processes associated with credential verification into a unified management environment with configurable reporting logic.,The deployment architecture supports staged implementation across distributed operating environments.,Customer onboarding follows a structured implementation process across client operating environments with phased deployment support during rollout.,Annual platform contracts; onboarding services; account support fees,"Commercial agreements are priced according to transaction volume, deployment scope, and active operating locations.","Commercial growth is supported through industry conferences, pilot deployments, and executive referral networks.",885774,22536382,457096,5 months,rejected
DeltaMetrics,"DeltaMetrics operates a software platform focused on credential verification for independent law firms. The business is seeking capital to expand integrations, onboarding resources, and account support operations.",agritech,seed,1036740,SGD,Companies managing credential verification typically operate across multiple reporting systems that lack centralized operational visibility.,independent law firms,$38.0B annual operating market across 7 regions,"The software standardizes workflows related to credential verification while maintaining audit visibility, operational tracking, and configurable access permissions.",The deployment architecture supports staged implementation across distributed operating environments.,The implementation framework supports phased account deployment across distributed customer operating environments.,Annual platform contracts; onboarding services; account support fees,"Commercial agreements are priced according to transaction volume, deployment scope, and active operating locations.","Commercial growth is supported through industry conferences, pilot deployments, and executive referral networks.",237844,2798444,170050,26 months,approved
HarborWorks,"HarborWorks operates a software platform focused on fleet routing for warehouse operators. The business is seeking capital to expand integrations, onboarding resources, and account support operations.",saas,seed,3387706,GBP,"Organizations responsible for fleet routing frequently coordinate activity across disconnected operational systems, external vendors, and manual reporting processes.",warehouse operators,$47.3B annual operating market across 15 regions,"The software standardizes workflows related to fleet routing while maintaining audit visibility, operational tracking, and configurable access permissions.",The platform includes configurable controls aligned with procurement and reporting requirements.,Customer onboarding follows a structured implementation process across client operating environments with phased deployment support during rollout.,Recurring software subscriptions; implementation retainers; reporting modules,Pricing combines annual subscription commitments with deployment and reporting service charges.,"Customer acquisition relies on procurement referrals, implementation partners, and sector-focused outbound sales activity.",646120,10796297,610908,5 months,rejected
ApexFlow,"ApexFlow provides workflow software for retail distributors managing patient scheduling. The company is raising capital to support deployment operations, implementation staffing, and commercial expansion activities.",cleantech,series-a,1878672,EUR,Companies managing patient scheduling typically operate across multiple reporting systems that lack centralized operational visibility.,retail distributors,$51.2B annual operating market across 10 regions,"The platform centralizes records associated with patient scheduling, synchronizes operational data across connected systems, and maintains configurable reporting controls.",The platform includes configurable controls aligned with procurement and reporting requirements.,Customer onboarding follows a structured implementation process across client operating environments with phased deployment support during rollout.,Recurring software subscriptions; implementation retainers; reporting modules,Customers are billed through recurring contracts indexed to usage activity and implementation requirements.,"Customer acquisition relies on procurement referrals, implementation partners, and sector-focused outbound sales activity.",310463,6545869,114635,24 months,approved
DeltaCloud,"DeltaCloud provides workflow software for warehouse operators managing invoice reconciliation. The company is raising capital to support deployment operations, implementation staffing, and commercial expansion activities.",fintech,idea,2447716,AED,Companies managing invoice reconciliation typically operate across multiple reporting systems that lack centralized operational visibility.,warehouse operators,$43.0B annual operating market across 18 regions,The product consolidates operational processes associated with invoice reconciliation into a unified management environment with configurable reporting logic.,The software supports integration with operational systems commonly used across secondary markets.,Deployment operations are managed through standardized onboarding procedures across customer operating environments.,Usage-based billing; workflow modules; integration support services,Pricing combines annual subscription commitments with deployment and reporting service charges.,"Commercial growth is supported through industry conferences, pilot deployments, and executive referral networks.",305792,11329081,40540,20 months,approved
ApexSystems,ApexSystems develops operational software used by specialty manufacturers responsible for fleet routing. Funding from the current round supports implementation capacity and regional deployment activity.,legaltech,pre-seed,5366543,AED,Teams handling fleet routing often rely on fragmented workflows that require repeated reconciliation between internal records and third-party systems.,specialty manufacturers,$25.6B annual operating market across 6 regions,"The platform centralizes records associated with fleet routing, synchronizes operational data across connected systems, and maintains configurable reporting controls.",The software supports integration with operational systems commonly used across secondary markets.,The implementation framework supports phased account deployment across distributed customer operating environments.,Usage-based billing; workflow modules; integration support services,Customers are billed through recurring contracts indexed to usage activity and implementation requirements.,"Commercial growth is supported through industry conferences, pilot deployments, and executive referral networks.",632688,21731673,325762,3 months,rejected
NorthPilot,"NorthPilot operates a software platform focused on inventory forecasting for vocational institutes. The business is seeking capital to expand integrations, onboarding resources, and account support operations.",agritech,pre-seed,2259265,AED,Companies managing inventory forecasting typically operate across multiple reporting systems that lack centralized operational visibility.,vocational institutes,$49.1B annual operating market across 18 regions,"The software standardizes workflows related to inventory forecasting while maintaining audit visibility, operational tracking, and configurable access permissions.",The product maintains configurable workflow logic across customer operating environments.,Deployment operations are managed through standardized onboarding procedures across customer operating environments.,Recurring software subscriptions; implementation retainers; reporting modules,Pricing combines annual subscription commitments with deployment and reporting service charges.,"The company sources accounts through regional partnerships, implementation relationships, and direct enterprise outreach.",1406455,5211164,172488,24 months,approved
SummitBase,"SummitBase provides workflow software for property managers managing invoice reconciliation. The company is raising capital to support deployment operations, implementation staffing, and commercial expansion activities.",cleantech,idea,5150929,USD,Companies managing invoice reconciliation typically operate across multiple reporting systems that lack centralized operational visibility.,property managers,$10.4B annual operating market across 7 regions,"The software standardizes workflows related to invoice reconciliation while maintaining audit visibility, operational tracking, and configurable access permissions.",The deployment architecture supports staged implementation across distributed operating environments.,Deployment operations are managed through standardized onboarding procedures across customer operating environments.,Annual platform contracts; onboarding services; account support fees,Pricing combines annual subscription commitments with deployment and reporting service charges.,"Customer acquisition relies on procurement referrals, implementation partners, and sector-focused outbound sales activity.",1012055,28338150,747458,7 months,rejected
OakMetrics,"OakMetrics provides workflow software for municipal transport operators managing invoice reconciliation. The company is raising capital to support deployment operations, implementation staffing, and commercial expansion activities.",logistics,seed,2775800,SGD,"Organizations responsible for invoice reconciliation frequently coordinate activity across disconnected operational systems, external vendors, and manual reporting processes.",municipal transport operators,$23.2B annual operating market across 6 regions,"The software standardizes workflows related to invoice reconciliation while maintaining audit visibility, operational tracking, and configurable access permissions.",The platform includes configurable controls aligned with procurement and reporting requirements.,Customer onboarding follows a structured implementation process across client operating environments with phased deployment support during rollout.,Usage-based billing; workflow modules; integration support services,Pricing combines annual subscription commitments with deployment and reporting service charges.,"Customer acquisition relies on procurement referrals, implementation partners, and sector-focused outbound sales activity.",1535819,5096790,96057,19 months,approved
ApexSystems,"ApexSystems provides workflow software for retail distributors managing maintenance scheduling. The company is raising capital to support deployment operations, implementation staffing, and commercial expansion activities.",saas,series-a,6622492,EUR,Teams handling maintenance scheduling often rely on fragmented workflows that require repeated reconciliation between internal records and third-party systems.,retail distributors,$39.8B annual operating market across 8 regions,"The software standardizes workflows related to maintenance scheduling while maintaining audit visibility, operational tracking, and configurable access permissions.",The product maintains configurable workflow logic across customer operating environments.,The implementation framework supports phased account deployment across distributed customer operating environments.,Usage-based billing; workflow modules; integration support services,Customers are billed through recurring contracts indexed to usage activity and implementation requirements.,"Commercial growth is supported through industry conferences, pilot deployments, and executive referral networks.",1670146,18673752,317269,5 months,rejected
GraniteMetrics,"GraniteMetrics provides workflow software for retail distributors managing invoice reconciliation. The company is raising capital to support deployment operations, implementation staffing, and commercial expansion activities.",ecommerce,seed,2929319,GBP,Companies managing invoice reconciliation typically operate across multiple reporting systems that lack centralized operational visibility.,retail distributors,$46.7B annual operating market across 7 regions,The product consolidates operational processes associated with invoice reconciliation into a unified management environment with configurable reporting logic.,The deployment architecture supports staged implementation across distributed operating environments.,Customer onboarding follows a structured implementation process across client operating environments with phased deployment support during rollout.,Annual platform contracts; onboarding services; account support fees,"Commercial agreements are priced according to transaction volume, deployment scope, and active operating locations.","Customer acquisition relies on procurement referrals, implementation partners, and sector-focused outbound sales activity.",1281936,2753773,103483,21 months,approved
HarborLedger,HarborLedger develops operational software used by municipal transport operators responsible for inventory forecasting. Funding from the current round supports implementation capacity and regional deployment activity.,agritech,pre-seed,606568,EUR,Teams handling inventory forecasting often rely on fragmented workflows that require repeated reconciliation between internal records and third-party systems.,municipal transport operators,$20.4B annual operating market across 6 regions,The product consolidates operational processes associated with inventory forecasting into a unified management environment with configurable reporting logic.,The deployment architecture supports staged implementation across distributed operating environments.,Customer onboarding follows a structured implementation process across client operating environments with phased deployment support during rollout.,Usage-based billing; workflow modules; integration support services,Customers are billed through recurring contracts indexed to usage activity and implementation requirements.,"The company sources accounts through regional partnerships, implementation relationships, and direct enterprise outreach.",378224,7649932,124220,16 months,approved
AtlasLogic,AtlasLogic develops operational software used by regional clinics responsible for fleet routing. Funding from the current round supports implementation capacity and regional deployment activity.,healthtech,idea,6340445,AED,Teams handling fleet routing often rely on fragmented workflows that require repeated reconciliation between internal records and third-party systems.,regional clinics,$10.9B annual operating market across 6 regions,"The platform centralizes records associated with fleet routing, synchronizes operational data across connected systems, and maintains configurable reporting controls.",The product maintains configurable workflow logic across customer operating environments.,Deployment operations are managed through standardized onboarding procedures across customer operating environments.,Annual platform contracts; onboarding services; account support fees,Customers are billed through recurring contracts indexed to usage activity and implementation requirements.,"Commercial growth is supported through industry conferences, pilot deployments, and executive referral networks.",1296143,12061002,555922,3 months,rejected
HarborBridge,HarborBridge develops operational software used by specialty manufacturers responsible for crop procurement. Funding from the current round supports implementation capacity and regional deployment activity.,logistics,idea,3342711,SGD,Teams handling crop procurement often rely on fragmented workflows that require repeated reconciliation between internal records and third-party systems.,specialty manufacturers,$66.6B annual operating market across 14 regions,"The software standardizes workflows related to crop procurement while maintaining audit visibility, operational tracking, and configurable access permissions.",The product maintains configurable workflow logic across customer operating environments.,Deployment operations are managed through standardized onboarding procedures across customer operating environments.,Recurring software subscriptions; implementation retainers; reporting modules,"Commercial agreements are priced according to transaction volume, deployment scope, and active operating locations.","Customer acquisition relies on procurement referrals, implementation partners, and sector-focused outbound sales activity.",958101,11449652,60823,24 months,approved
HarborBase,"HarborBase provides workflow software for warehouse operators managing invoice reconciliation. The company is raising capital to support deployment operations, implementation staffing, and commercial expansion activities.",agritech,idea,1123482,SGD,Companies managing invoice reconciliation typically operate across multiple reporting systems that lack centralized operational visibility.,warehouse operators,$70.9B annual operating market across 11 regions,The product consolidates operational processes associated with invoice reconciliation into a unified management environment with configurable reporting logic.,The platform includes configurable controls aligned with procurement and reporting requirements.,Customer onboarding follows a structured implementation process across client operating environments with phased deployment support during rollout.,Recurring software subscriptions; implementation retainers; reporting modules,"Commercial agreements are priced according to transaction volume, deployment scope, and active operating locations.","Customer acquisition relies on procurement referrals, implementation partners, and sector-focused outbound sales activity.",1882057,5151257,114211,24 months,approved
ApexLedger,"ApexLedger operates a software platform focused on tenant documentation for vocational institutes. The business is seeking capital to expand integrations, onboarding resources, and account support operations.",cleantech,idea,7040349,AED,"Organizations responsible for tenant documentation frequently coordinate activity across disconnected operational systems, external vendors, and manual reporting processes.",vocational institutes,$14.1B annual operating market across 5 regions,The product consolidates operational processes associated with tenant documentation into a unified management environment with configurable reporting logic.,The deployment architecture supports staged implementation across distributed operating environments.,Deployment operations are managed through standardized onboarding procedures across customer operating environments.,Annual platform contracts; onboarding services; account support fees,Pricing combines annual subscription commitments with deployment and reporting service charges.,"Commercial growth is supported through industry conferences, pilot deployments, and executive referral networks.",783987,23404587,759525,3 months,rejected
SignalLogic,"SignalLogic provides workflow software for warehouse operators managing inventory forecasting. The company is raising capital to support deployment operations, implementation staffing, and commercial expansion activities.",edtech,series-a,1542965,EUR,Companies managing inventory forecasting typically operate across multiple reporting systems that lack centralized operational visibility.,warehouse operators,$16.2B annual operating market across 18 regions,The product consolidates operational processes associated with inventory forecasting into a unified management environment with configurable reporting logic.,The software supports integration with operational systems commonly used across secondary markets.,Deployment operations are managed through standardized onboarding procedures across customer operating environments.,Annual platform contracts; onboarding services; account support fees,"Commercial agreements are priced according to transaction volume, deployment scope, and active operating locations.","The company sources accounts through regional partnerships, implementation relationships, and direct enterprise outreach.",2088991,5035642,80562,20 months,approved
AtlasSystems,AtlasSystems develops operational software used by insurance brokers responsible for invoice reconciliation. Funding from the current round supports implementation capacity and regional deployment activity.,proptech,pre-seed,3840587,AED,Teams handling invoice reconciliation often rely on fragmented workflows that require repeated reconciliation between internal records and third-party systems.,insurance brokers,$45.9B annual operating market across 15 regions,"The platform centralizes records associated with invoice reconciliation, synchronizes operational data across connected systems, and maintains configurable reporting controls.",The software supports integration with operational systems commonly used across secondary markets.,The implementation framework supports phased account deployment across distributed customer operating environments.,Annual platform contracts; onboarding services; account support fees,"Commercial agreements are priced according to transaction volume, deployment scope, and active operating locations.","The company sources accounts through regional partnerships, implementation relationships, and direct enterprise outreach.",1042013,29174937,911019,9 months,rejected
HarborBase,"HarborBase provides workflow software for vocational institutes managing patient scheduling. The company is raising capital to support deployment operations, implementation staffing, and commercial expansion activities.",ecommerce,pre-seed,6197452,EUR,"Organizations responsible for patient scheduling frequently coordinate activity across disconnected operational systems, external vendors, and manual reporting processes.",vocational institutes,$71.2B annual operating market across 5 regions,"The platform centralizes records associated with patient scheduling, synchronizes operational data across connected systems, and maintains configurable reporting controls.",The product maintains configurable workflow logic across customer operating environments.,Customer onboarding follows a structured implementation process across client operating environments with phased deployment support during rollout.,Annual platform contracts; onboarding services; account support fees,"Commercial agreements are priced according to transaction volume, deployment scope, and active operating locations.","The company sources accounts through regional partnerships, implementation relationships, and direct enterprise outreach.",943798,23799211,636551,4 months,rejected
VectorPilot,"VectorPilot provides workflow software for property managers managing invoice reconciliation. The company is raising capital to support deployment operations, implementation staffing, and commercial expansion activities.",ecommerce,pre-seed,6247024,EUR,Teams handling invoice reconciliation often rely on fragmented workflows that require repeated reconciliation between internal records and third-party systems.,property managers,$45.8B annual operating market across 11 regions,"The software standardizes workflows related to invoice reconciliation while maintaining audit visibility, operational tracking, and configurable access permissions.",The deployment architecture supports staged implementation across distributed operating environments.,Deployment operations are managed through standardized onboarding procedures across customer operating environments.,Usage-based billing; workflow modules; integration support services,Pricing combines annual subscription commitments with deployment and reporting service charges.,"Customer acquisition relies on procurement referrals, implementation partners, and sector-focused outbound sales activity.",1162665,27858538,517097,5 months,rejected
NorthFlow,"NorthFlow operates a software platform focused on maintenance scheduling for agricultural cooperatives. The business is seeking capital to expand integrations, onboarding resources, and account support operations.",cleantech,series-a,8669694,AED,Companies managing maintenance scheduling typically operate across multiple reporting systems that lack centralized operational visibility.,agricultural cooperatives,$9.9B annual operating market across 16 regions,"The software standardizes workflows related to maintenance scheduling while maintaining audit visibility, operational tracking, and configurable access permissions.",The deployment architecture supports staged implementation across distributed operating environments.,Deployment operations are managed through standardized onboarding procedures across customer operating environments.,Usage-based billing; workflow modules; integration support services,Customers are billed through recurring contracts indexed to usage activity and implementation requirements.,"The company sources accounts through regional partnerships, implementation relationships, and direct enterprise outreach.",1486900,15872077,725954,6 months,rejected
OakLogic,OakLogic develops operational software used by regional clinics responsible for tenant documentation. Funding from the current round supports implementation capacity and regional deployment activity.,saas,pre-seed,2083753,AED,Companies managing tenant documentation typically operate across multiple reporting systems that lack centralized operational visibility.,regional clinics,$63.7B annual operating market across 14 regions,"The platform centralizes records associated with tenant documentation, synchronizes operational data across connected systems, and maintains configurable reporting controls.",The product maintains configurable workflow logic across customer operating environments.,The implementation framework supports phased account deployment across distributed customer operating environments.,Annual platform contracts; onboarding services; account support fees,Pricing combines annual subscription commitments with deployment and reporting service charges.,"The company sources accounts through regional partnerships, implementation relationships, and direct enterprise outreach.",1978298,3757487,99453,18 months,approved
OakMetrics,OakMetrics develops operational software used by retail distributors responsible for tenant documentation. Funding from the current round supports implementation capacity and regional deployment activity.,legaltech,seed,1214593,SGD,Teams handling tenant documentation often rely on fragmented workflows that require repeated reconciliation between internal records and third-party systems.,retail distributors,$23.8B annual operating market across 18 regions,The product consolidates operational processes associated with tenant documentation into a unified management environment with configurable reporting logic.,The product maintains configurable workflow logic across customer operating environments.,The implementation framework supports phased account deployment across distributed customer operating environments.,Recurring software subscriptions; implementation retainers; reporting modules,"Commercial agreements are priced according to transaction volume, deployment scope, and active operating locations.","The company sources accounts through regional partnerships, implementation relationships, and direct enterprise outreach.",120902,8477104,72323,14 months,approved
VectorPilot,"VectorPilot provides workflow software for regional clinics managing crop procurement. The company is raising capital to support deployment operations, implementation staffing, and commercial expansion activities.",edtech,series-a,5189991,AED,Companies managing crop procurement typically operate across multiple reporting systems that lack centralized operational visibility.,regional clinics,$74.3B annual operating market across 11 regions,"The platform centralizes records associated with crop procurement, synchronizes operational data across connected systems, and maintains configurable reporting controls.",The deployment architecture supports staged implementation across distributed operating environments.,Customer onboarding follows a structured implementation process across client operating environments with phased deployment support during rollout.,Usage-based billing; workflow modules; integration support services,Customers are billed through recurring contracts indexed to usage activity and implementation requirements.,"The company sources accounts through regional partnerships, implementation relationships, and direct enterprise outreach.",982150,29070379,315729,3 months,rejected
ApexLedger,ApexLedger develops operational software used by regional clinics responsible for claims intake. Funding from the current round supports implementation capacity and regional deployment activity.,ecommerce,series-a,2107610,EUR,"Organizations responsible for claims intake frequently coordinate activity across disconnected operational systems, external vendors, and manual reporting processes.",regional clinics,$59.9B annual operating market across 13 regions,"The software standardizes workflows related to claims intake while maintaining audit visibility, operational tracking, and configurable access permissions.",The platform includes configurable controls aligned with procurement and reporting requirements.,The implementation framework supports phased account deployment across distributed customer operating environments.,Annual platform contracts; onboarding services; account support fees,Pricing combines annual subscription commitments with deployment and reporting service charges.,"Commercial growth is supported through industry conferences, pilot deployments, and executive referral networks.",126675,6790729,179084,15 months,approved
NorthLedger,"NorthLedger operates a software platform focused on tenant documentation for agricultural cooperatives. The business is seeking capital to expand integrations, onboarding resources, and account support operations.",fintech,seed,1083982,USD,Companies managing tenant documentation typically operate across multiple reporting systems that lack centralized operational visibility.,agricultural cooperatives,$13.8B annual operating market across 17 regions,"The software standardizes workflows related to tenant documentation while maintaining audit visibility, operational tracking, and configurable access permissions.",The product maintains configurable workflow logic across customer operating environments.,Deployment operations are managed through standardized onboarding procedures across customer operating environments.,Annual platform contracts; onboarding services; account support fees,"Commercial agreements are priced according to transaction volume, deployment scope, and active operating locations.","Commercial growth is supported through industry conferences, pilot deployments, and executive referral networks.",260333,6358499,47582,16 months,approved
SummitBridge,"SummitBridge provides workflow software for specialty manufacturers managing crop procurement. The company is raising capital to support deployment operations, implementation staffing, and commercial expansion activities.",ecommerce,series-a,7136478,USD,"Organizations responsible for crop procurement frequently coordinate activity across disconnected operational systems, external vendors, and manual reporting processes.",specialty manufacturers,$66.3B annual operating market across 9 regions,"The software standardizes workflows related to crop procurement while maintaining audit visibility, operational tracking, and configurable access permissions.",The platform includes configurable controls aligned with procurement and reporting requirements.,Customer onboarding follows a structured implementation process across client operating environments with phased deployment support during rollout.,Usage-based billing; workflow modules; integration support services,Customers are billed through recurring contracts indexed to usage activity and implementation requirements.,"Commercial growth is supported through industry conferences, pilot deployments, and executive referral networks.",1460482,22820511,335131,4 months,rejected
SummitMetrics,"SummitMetrics provides workflow software for agricultural cooperatives managing credential verification. The company is raising capital to support deployment operations, implementation staffing, and commercial expansion activities.",saas,idea,2968074,SGD,"Organizations responsible for credential verification frequently coordinate activity across disconnected operational systems, external vendors, and manual reporting processes.",agricultural cooperatives,$16.9B annual operating market across 11 regions,"The platform centralizes records associated with credential verification, synchronizes operational data across connected systems, and maintains configurable reporting controls.",The deployment architecture supports staged implementation across distributed operating environments.,Deployment operations are managed through standardized onboarding procedures across customer operating environments.,Recurring software subscriptions; implementation retainers; reporting modules,"Commercial agreements are priced according to transaction volume, deployment scope, and active operating locations.","The company sources accounts through regional partnerships, implementation relationships, and direct enterprise outreach.",152269,9038797,117603,18 months,approved
SummitBridge,"SummitBridge provides workflow software for property managers managing crop procurement. The company is raising capital to support deployment operations, implementation staffing, and commercial expansion activities.",legaltech,seed,2575380,AED,Teams handling crop procurement often rely on fragmented workflows that require repeated reconciliation between internal records and third-party systems.,property managers,$52.6B annual operating market across 11 regions,"The software standardizes workflows related to crop procurement while maintaining audit visibility, operational tracking, and configurable access permissions.",The platform includes configurable controls aligned with procurement and reporting requirements.,Deployment operations are managed through standardized onboarding procedures across customer operating environments.,Recurring software subscriptions; implementation retainers; reporting modules,Pricing combines annual subscription commitments with deployment and reporting service charges.,"Commercial growth is supported through industry conferences, pilot deployments, and executive referral networks.",830122,5130155,140821,21 months,approved
OakPilot,OakPilot develops operational software used by insurance brokers responsible for maintenance scheduling. Funding from the current round supports implementation capacity and regional deployment activity.,fintech,idea,2297827,GBP,Teams handling maintenance scheduling often rely on fragmented workflows that require repeated reconciliation between internal records and third-party systems.,insurance brokers,$32.6B annual operating market across 10 regions,"The software standardizes workflows related to maintenance scheduling while maintaining audit visibility, operational tracking, and configurable access permissions.",The product maintains configurable workflow logic across customer operating environments.,The implementation framework supports phased account deployment across distributed customer operating environments.,Annual platform contracts; onboarding services; account support fees,Pricing combines annual subscription commitments with deployment and reporting service charges.,"The company sources accounts through regional partnerships, implementation relationships, and direct enterprise outreach.",791814,3752909,48253,18 months,approved
NorthBase,"NorthBase operates a software platform focused on invoice reconciliation for specialty manufacturers. The business is seeking capital to expand integrations, onboarding resources, and account support operations.",cleantech,series-a,1189764,GBP,"Organizations responsible for invoice reconciliation frequently coordinate activity across disconnected operational systems, external vendors, and manual reporting processes.",specialty manufacturers,$24.8B annual operating market across 11 regions,"The software standardizes workflows related to invoice reconciliation while maintaining audit visibility, operational tracking, and configurable access permissions.",The software supports integration with operational systems commonly used across secondary markets.,Deployment operations are managed through standardized onboarding procedures across customer operating environments.,Usage-based billing; workflow modules; integration support services,Pricing combines annual subscription commitments with deployment and reporting service charges.,"Commercial growth is supported through industry conferences, pilot deployments, and executive referral networks.",1665077,10367532,145407,14 months,approved
ApexSystems,"ApexSystems provides workflow software for retail distributors managing maintenance scheduling. The company is raising capital to support deployment operations, implementation staffing, and commercial expansion activities.",saas,series-a,470564,EUR,Teams handling maintenance scheduling often rely on fragmented workflows that require repeated reconciliation between internal records and third-party systems.,retail distributors,$39.8B annual operating market across 8 regions,"The software standardizes workflows related to maintenance scheduling while maintaining audit visibility, operational tracking, and configurable access permissions.",The product maintains configurable workflow logic across customer operating environments.,The implementation framework supports phased account deployment across distributed customer operating environments.,Usage-based billing; workflow modules; integration support services,Customers are billed through recurring contracts indexed to usage activity and implementation requirements.,"Commercial growth is supported through industry conferences, pilot deployments, and executive referral networks.",198789,3261563,128003,23 months,approved
SummitLogic,"SummitLogic operates a software platform focused on inventory forecasting for vocational institutes. The business is seeking capital to expand integrations, onboarding resources, and account support operations.",logistics,series-a,1182123,EUR,"Organizations responsible for inventory forecasting frequently coordinate activity across disconnected operational systems, external vendors, and manual reporting processes.",vocational institutes,$80.4B annual operating market across 8 regions,"The platform centralizes records associated with inventory forecasting, synchronizes operational data across connected systems, and maintains configurable reporting controls.",The platform includes configurable controls aligned with procurement and reporting requirements.,The implementation framework supports phased account deployment across distributed customer operating environments.,Recurring software subscriptions; implementation retainers; reporting modules,"Commercial agreements are priced according to transaction volume, deployment scope, and active operating locations.","Commercial growth is supported through industry conferences, pilot deployments, and executive referral networks.",1577580,6479243,139867,18 months,approved
SignalLogic,"SignalLogic provides workflow software for warehouse operators managing inventory forecasting. The company is raising capital to support deployment operations, implementation staffing, and commercial expansion activities.",edtech,series-a,2669314,EUR,Companies managing inventory forecasting typically operate across multiple reporting systems that lack centralized operational visibility.,warehouse operators,$16.2B annual operating market across 18 regions,The product consolidates operational processes associated with inventory forecasting into a unified management environment with configurable reporting logic.,The software supports integration with operational systems commonly used across secondary markets.,Deployment operations are managed through standardized onboarding procedures across customer operating environments.,Annual platform contracts; onboarding services; account support fees,"Commercial agreements are priced according to transaction volume, deployment scope, and active operating locations.","The company sources accounts through regional partnerships, implementation relationships, and direct enterprise outreach.",1277032,22431279,839340,8 months,rejected
ApexWorks,"ApexWorks provides workflow software for agricultural cooperatives managing inventory forecasting. The company is raising capital to support deployment operations, implementation staffing, and commercial expansion activities.",ecommerce,seed,5516537,SGD,"Organizations responsible for inventory forecasting frequently coordinate activity across disconnected operational systems, external vendors, and manual reporting processes.",agricultural cooperatives,$72.0B annual operating market across 6 regions,"The software standardizes workflows related to inventory forecasting while maintaining audit visibility, operational tracking, and configurable access permissions.",The product maintains configurable workflow logic across customer operating environments.,The implementation framework supports phased account deployment across distributed customer operating environments.,Annual platform contracts; onboarding services; account support fees,Customers are billed through recurring contracts indexed to usage activity and implementation requirements.,"Customer acquisition relies on procurement referrals, implementation partners, and sector-focused outbound sales activity.",1015053,13728094,765126,8 months,rejected
DeltaBridge,"DeltaBridge provides workflow software for agricultural cooperatives managing crop procurement. The company is raising capital to support deployment operations, implementation staffing, and commercial expansion activities.",agritech,idea,8284496,SGD,"Organizations responsible for crop procurement frequently coordinate activity across disconnected operational systems, external vendors, and manual reporting processes.",agricultural cooperatives,$40.7B annual operating market across 10 regions,"The platform centralizes records associated with crop procurement, synchronizes operational data across connected systems, and maintains configurable reporting controls.",The deployment architecture supports staged implementation across distributed operating environments.,Deployment operations are managed through standardized onboarding procedures across customer operating environments.,Annual platform contracts; onboarding services; account support fees,"Commercial agreements are priced according to transaction volume, deployment scope, and active operating locations.","The company sources accounts through regional partnerships, implementation relationships, and direct enterprise outreach.",1674939,19019117,756367,9 months,rejected
HarborSystems,"HarborSystems provides workflow software for warehouse operators managing patient scheduling. The company is raising capital to support deployment operations, implementation staffing, and commercial expansion activities.",edtech,idea,8359913,USD,Companies managing patient scheduling typically operate across multiple reporting systems that lack centralized operational visibility.,warehouse operators,$51.3B annual operating market across 17 regions,The product consolidates operational processes associated with patient scheduling into a unified management environment with configurable reporting logic.,The platform includes configurable controls aligned with procurement and reporting requirements.,The implementation framework supports phased account deployment across distributed customer operating environments.,Recurring software subscriptions; implementation retainers; reporting modules,"Commercial agreements are priced according to transaction volume, deployment scope, and active operating locations.","Commercial growth is supported through industry conferences, pilot deployments, and executive referral networks.",1773469,17928651,897825,3 months,rejected
OakPilot,"OakPilot operates a software platform focused on credential verification for insurance brokers. The business is seeking capital to expand integrations, onboarding resources, and account support operations.",agritech,seed,2122092,USD,Companies managing credential verification typically operate across multiple reporting systems that lack centralized operational visibility.,insurance brokers,$21.1B annual operating market across 15 regions,"The platform centralizes records associated with credential verification, synchronizes operational data across connected systems, and maintains configurable reporting controls.",The product maintains configurable workflow logic across customer operating environments.,Deployment operations are managed through standardized onboarding procedures across customer operating environments.,Recurring software subscriptions; implementation retainers; reporting modules,Pricing combines annual subscription commitments with deployment and reporting service charges.,"Commercial growth is supported through industry conferences, pilot deployments, and executive referral networks.",1759652,8642802,72326,24 months,approved
HarborWorks,"HarborWorks operates a software platform focused on fleet routing for warehouse operators. The business is seeking capital to expand integrations, onboarding resources, and account support operations.",saas,seed,2691090,GBP,"Organizations responsible for fleet routing frequently coordinate activity across disconnected operational systems, external vendors, and manual reporting processes.",warehouse operators,$47.3B annual operating market across 15 regions,"The software standardizes workflows related to fleet routing while maintaining audit visibility, operational tracking, and configurable access permissions.",The platform includes configurable controls aligned with procurement and reporting requirements.,Customer onboarding follows a structured implementation process across client operating environments with phased deployment support during rollout.,Recurring software subscriptions; implementation retainers; reporting modules,Pricing combines annual subscription commitments with deployment and reporting service charges.,"Customer acquisition relies on procurement referrals, implementation partners, and sector-focused outbound sales activity.",131746,5955852,86476,19 months,approved
VectorWorks,"VectorWorks provides workflow software for property managers managing invoice reconciliation. The company is raising capital to support deployment operations, implementation staffing, and commercial expansion activities.",edtech,pre-seed,1147642,SGD,Companies managing invoice reconciliation typically operate across multiple reporting systems that lack centralized operational visibility.,property managers,$33.6B annual operating market across 5 regions,"The software standardizes workflows related to invoice reconciliation while maintaining audit visibility, operational tracking, and configurable access permissions.",The product maintains configurable workflow logic across customer operating environments.,Customer onboarding follows a structured implementation process across client operating environments with phased deployment support during rollout.,Usage-based billing; workflow modules; integration support services,"Commercial agreements are priced according to transaction volume, deployment scope, and active operating locations.","Commercial growth is supported through industry conferences, pilot deployments, and executive referral networks.",7255,11674679,106644,24 months,approved
NorthLogic,"NorthLogic provides workflow software for municipal transport operators managing invoice reconciliation. The company is raising capital to support deployment operations, implementation staffing, and commercial expansion activities.",healthtech,seed,8180893,AED,Teams handling invoice reconciliation often rely on fragmented workflows that require repeated reconciliation between internal records and third-party systems.,municipal transport operators,$80.1B annual operating market across 13 regions,"The platform centralizes records associated with invoice reconciliation, synchronizes operational data across connected systems, and maintains configurable reporting controls.",The software supports integration with operational systems commonly used across secondary markets.,Deployment operations are managed through standardized onboarding procedures across customer operating environments.,Annual platform contracts; onboarding services; account support fees,"Commercial agreements are priced according to transaction volume, deployment scope, and active operating locations.","Commercial growth is supported through industry conferences, pilot deployments, and executive referral networks.",818109,16812094,412354,9 months,rejected
OakFlow,"OakFlow provides workflow software for retail distributors managing claims intake. The company is raising capital to support deployment operations, implementation staffing, and commercial expansion activities.",saas,idea,1585689,GBP,Teams handling claims intake often rely on fragmented workflows that require repeated reconciliation between internal records and third-party systems.,retail distributors,$57.2B annual operating market across 13 regions,The product consolidates operational processes associated with claims intake into a unified management environment with configurable reporting logic.,The product maintains configurable workflow logic across customer operating environments.,The implementation framework supports phased account deployment across distributed customer operating environments.,Usage-based billing; workflow modules; integration support services,"Commercial agreements are priced according to transaction volume, deployment scope, and active operating locations.","The company sources accounts through regional partnerships, implementation relationships, and direct enterprise outreach.",1798073,4964462,155932,16 months,approved
ApexBase,ApexBase develops operational software used by vocational institutes responsible for inventory forecasting. Funding from the current round supports implementation capacity and regional deployment activity.,edtech,pre-seed,5073441,EUR,Teams handling inventory forecasting often rely on fragmented workflows that require repeated reconciliation between internal records and third-party systems.,vocational institutes,$6.6B annual operating market across 13 regions,The product consolidates operational processes associated with inventory forecasting into a unified management environment with configurable reporting logic.,The software supports integration with operational systems commonly used across secondary markets.,Customer onboarding follows a structured implementation process across client operating environments with phased deployment support during rollout.,Usage-based billing; workflow modules; integration support services,Pricing combines annual subscription commitments with deployment and reporting service charges.,"The company sources accounts through regional partnerships, implementation relationships, and direct enterprise outreach.",1364663,20805335,331440,7 months,rejected
HarborCloud,"HarborCloud operates a software platform focused on fleet routing for regional clinics. The business is seeking capital to expand integrations, onboarding resources, and account support operations.",proptech,series-a,2834945,SGD,Teams handling fleet routing often rely on fragmented workflows that require repeated reconciliation between internal records and third-party systems.,regional clinics,$40.9B annual operating market across 7 regions,The product consolidates operational processes associated with fleet routing into a unified management environment with configurable reporting logic.,The platform includes configurable controls aligned with procurement and reporting requirements.,Customer onboarding follows a structured implementation process across client operating environments with phased deployment support during rollout.,Recurring software subscriptions; implementation retainers; reporting modules,"Commercial agreements are priced according to transaction volume, deployment scope, and active operating locations.","The company sources accounts through regional partnerships, implementation relationships, and direct enterprise outreach.",18093,3193771,73843,18 months,approved
SummitBase,"SummitBase provides workflow software for warehouse operators managing fleet routing. The company is raising capital to support deployment operations, implementation staffing, and commercial expansion activities.",ecommerce,pre-seed,4649790,GBP,"Organizations responsible for fleet routing frequently coordinate activity across disconnected operational systems, external vendors, and manual reporting processes.",warehouse operators,$51.2B annual operating market across 16 regions,The product consolidates operational processes associated with fleet routing into a unified management environment with configurable reporting logic.,The platform includes configurable controls aligned with procurement and reporting requirements.,The implementation framework supports phased account deployment across distributed customer operating environments.,Recurring software subscriptions; implementation retainers; reporting modules,"Commercial agreements are priced according to transaction volume, deployment scope, and active operating locations.","Commercial growth is supported through industry conferences, pilot deployments, and executive referral networks.",1874894,23424831,921728,3 months,rejected
OakWorks,"OakWorks provides workflow software for warehouse operators managing patient scheduling. The company is raising capital to support deployment operations, implementation staffing, and commercial expansion activities.",logistics,series-a,5548804,EUR,Teams handling patient scheduling often rely on fragmented workflows that require repeated reconciliation between internal records and third-party systems.,warehouse operators,$72.8B annual operating market across 11 regions,"The software standardizes workflows related to patient scheduling while maintaining audit visibility, operational tracking, and configurable access permissions.",The deployment architecture supports staged implementation across distributed operating environments.,Deployment operations are managed through standardized onboarding procedures across customer operating environments.,Annual platform contracts; onboarding services; account support fees,Customers are billed through recurring contracts indexed to usage activity and implementation requirements.,"Customer acquisition relies on procurement referrals, implementation partners, and sector-focused outbound sales activity.",1351659,13248314,618640,8 months,rejected
VectorWorks,"VectorWorks provides workflow software for independent law firms managing claims intake. The company is raising capital to support deployment operations, implementation staffing, and commercial expansion activities.",edtech,series-a,8509360,GBP,Teams handling claims intake often rely on fragmented workflows that require repeated reconciliation between internal records and third-party systems.,independent law firms,$13.0B annual operating market across 8 regions,"The software standardizes workflows related to claims intake while maintaining audit visibility, operational tracking, and configurable access permissions.",The deployment architecture supports staged implementation across distributed operating environments.,Customer onboarding follows a structured implementation process across client operating environments with phased deployment support during rollout.,Recurring software subscriptions; implementation retainers; reporting modules,Customers are billed through recurring contracts indexed to usage activity and implementation requirements.,"Commercial growth is supported through industry conferences, pilot deployments, and executive referral networks.",530915,18000809,314127,7 months,rejected
NorthLogic,"NorthLogic provides workflow software for vocational institutes managing claims intake. The company is raising capital to support deployment operations, implementation staffing, and commercial expansion activities.",healthtech,seed,1855787,USD,Teams handling claims intake often rely on fragmented workflows that require repeated reconciliation between internal records and third-party systems.,vocational institutes,$79.4B annual operating market across 11 regions,"The software standardizes workflows related to claims intake while maintaining audit visibility, operational tracking, and configurable access permissions.",The software supports integration with operational systems commonly used across secondary markets.,Deployment operations are managed through standardized onboarding procedures across customer operating environments.,Recurring software subscriptions; implementation retainers; reporting modules,"Commercial agreements are priced according to transaction volume, deployment scope, and active operating locations.","Customer acquisition relies on procurement referrals, implementation partners, and sector-focused outbound sales activity.",798519,8762452,117938,18 months,approved
GranitePilot,"GranitePilot operates a software platform focused on inventory forecasting for property managers. The business is seeking capital to expand integrations, onboarding resources, and account support operations.",legaltech,series-a,2735036,EUR,"Organizations responsible for inventory forecasting frequently coordinate activity across disconnected operational systems, external vendors, and manual reporting processes.",property managers,$28.5B annual operating market across 12 regions,"The software standardizes workflows related to inventory forecasting while maintaining audit visibility, operational tracking, and configurable access permissions.",The platform includes configurable controls aligned with procurement and reporting requirements.,The implementation framework supports phased account deployment across distributed customer operating environments.,Annual platform contracts; onboarding services; account support fees,"Commercial agreements are priced according to transaction volume, deployment scope, and active operating locations.","Commercial growth is supported through industry conferences, pilot deployments, and executive referral networks.",1394510,8194581,40286,15 months,approved
DeltaWorks,"DeltaWorks operates a software platform focused on invoice reconciliation for agricultural cooperatives. The business is seeking capital to expand integrations, onboarding resources, and account support operations.",fintech,pre-seed,1450637,USD,Teams handling invoice reconciliation often rely on fragmented workflows that require repeated reconciliation between internal records and third-party systems.,agricultural cooperatives,$68.6B annual operating market across 8 regions,"The platform centralizes records associated with invoice reconciliation, synchronizes operational data across connected systems, and maintains configurable reporting controls.",The deployment architecture supports staged implementation across distributed operating environments.,Deployment operations are managed through standardized onboarding procedures across customer operating environments.,Annual platform contracts; onboarding services; account support fees,Pricing combines annual subscription commitments with deployment and reporting service charges.,"Commercial growth is supported through industry conferences, pilot deployments, and executive referral networks.",2005364,2894177,42486,23 months,approved
DeltaFlow,DeltaFlow develops operational software used by regional clinics responsible for inventory forecasting. Funding from the current round supports implementation capacity and regional deployment activity.,agritech,idea,8972300,EUR,Teams handling inventory forecasting often rely on fragmented workflows that require repeated reconciliation between internal records and third-party systems.,regional clinics,$62.4B annual operating market across 4 regions,"The platform centralizes records associated with inventory forecasting, synchronizes operational data across connected systems, and maintains configurable reporting controls.",The deployment architecture supports staged implementation across distributed operating environments.,Deployment operations are managed through standardized onboarding procedures across customer operating environments.,Usage-based billing; workflow modules; integration support services,"Commercial agreements are priced according to transaction volume, deployment scope, and active operating locations.","Commercial growth is supported through industry conferences, pilot deployments, and executive referral networks.",1763758,25420195,352096,6 months,rejected
DeltaLedger,"DeltaLedger provides workflow software for retail distributors managing inventory forecasting. The company is raising capital to support deployment operations, implementation staffing, and commercial expansion activities.",cleantech,series-a,3020165,USD,Companies managing inventory forecasting typically operate across multiple reporting systems that lack centralized operational visibility.,retail distributors,$26.9B annual operating market across 9 regions,The product consolidates operational processes associated with inventory forecasting into a unified management environment with configurable reporting logic.,The software supports integration with operational systems commonly used across secondary markets.,Customer onboarding follows a structured implementation process across client operating environments with phased deployment support during rollout.,Recurring software subscriptions; implementation retainers; reporting modules,Pricing combines annual subscription commitments with deployment and reporting service charges.,"Commercial growth is supported through industry conferences, pilot deployments, and executive referral networks.",85411,10634009,91885,14 months,approved
VectorPilot,"VectorPilot provides workflow software for regional clinics managing crop procurement. The company is raising capital to support deployment operations, implementation staffing, and commercial expansion activities.",edtech,series-a,2653152,AED,Companies managing crop procurement typically operate across multiple reporting systems that lack centralized operational visibility.,regional clinics,$74.3B annual operating market across 11 regions,"The platform centralizes records associated with crop procurement, synchronizes operational data across connected systems, and maintains configurable reporting controls.",The deployment architecture supports staged implementation across distributed operating environments.,Customer onboarding follows a structured implementation process across client operating environments with phased deployment support during rollout.,Usage-based billing; workflow modules; integration support services,Customers are billed through recurring contracts indexed to usage activity and implementation requirements.,"The company sources accounts through regional partnerships, implementation relationships, and direct enterprise outreach.",228722,5844164,60906,23 months,approved
GraniteFlow,"GraniteFlow operates a software platform focused on claims intake for insurance brokers. The business is seeking capital to expand integrations, onboarding resources, and account support operations.",fintech,series-a,577811,AED,Teams handling claims intake often rely on fragmented workflows that require repeated reconciliation between internal records and third-party systems.,insurance brokers,$37.6B annual operating market across 10 regions,"The software standardizes workflows related to claims intake while maintaining audit visibility, operational tracking, and configurable access permissions.",The platform includes configurable controls aligned with procurement and reporting requirements.,Customer onboarding follows a structured implementation process across client operating environments with phased deployment support during rollout.,Recurring software subscriptions; implementation retainers; reporting modules,Pricing combines annual subscription commitments with deployment and reporting service charges.,"Customer acquisition relies on procurement referrals, implementation partners, and sector-focused outbound sales activity.",526430,7298973,133444,25 months,approved
HarborLedger,"HarborLedger operates a software platform focused on maintenance scheduling for property managers. The business is seeking capital to expand integrations, onboarding resources, and account support operations.",legaltech,series-a,8235411,GBP,"Organizations responsible for maintenance scheduling frequently coordinate activity across disconnected operational systems, external vendors, and manual reporting processes.",property managers,$44.6B annual operating market across 15 regions,The product consolidates operational processes associated with maintenance scheduling into a unified management environment with configurable reporting logic.,The deployment architecture supports staged implementation across distributed operating environments.,Customer onboarding follows a structured implementation process across client operating environments with phased deployment support during rollout.,Usage-based billing; workflow modules; integration support services,Pricing combines annual subscription commitments with deployment and reporting service charges.,"Commercial growth is supported through industry conferences, pilot deployments, and executive referral networks.",629888,25344400,776599,5 months,rejected
NorthLedger,"NorthLedger operates a software platform focused on tenant documentation for agricultural cooperatives. The business is seeking capital to expand integrations, onboarding resources, and account support operations.",fintech,seed,2695349,USD,Companies managing tenant documentation typically operate across multiple reporting systems that lack centralized operational visibility.,agricultural cooperatives,$13.8B annual operating market across 17 regions,"The software standardizes workflows related to tenant documentation while maintaining audit visibility, operational tracking, and configurable access permissions.",The product maintains configurable workflow logic across customer operating environments.,Deployment operations are managed through standardized onboarding procedures across customer operating environments.,Annual platform contracts; onboarding services; account support fees,"Commercial agreements are priced according to transaction volume, deployment scope, and active operating locations.","Commercial growth is supported through industry conferences, pilot deployments, and executive referral networks.",1901833,6750972,713946,6 months,rejected
DeltaBase,DeltaBase develops operational software used by municipal transport operators responsible for claims intake. Funding from the current round supports implementation capacity and regional deployment activity.,agritech,pre-seed,6504043,SGD,Companies managing claims intake typically operate across multiple reporting systems that lack centralized operational visibility.,municipal transport operators,$75.1B annual operating market across 9 regions,"The software standardizes workflows related to claims intake while maintaining audit visibility, operational tracking, and configurable access permissions.",The deployment architecture supports staged implementation across distributed operating environments.,The implementation framework supports phased account deployment across distributed customer operating environments.,Recurring software subscriptions; implementation retainers; reporting modules,"Commercial agreements are priced according to transaction volume, deployment scope, and active operating locations.","The company sources accounts through regional partnerships, implementation relationships, and direct enterprise outreach.",1727753,12864083,881262,3 months,rejected
HarborLogic,"HarborLogic provides workflow software for agricultural cooperatives managing tenant documentation. The company is raising capital to support deployment operations, implementation staffing, and commercial expansion activities.",cleantech,series-a,1952705,AED,Companies managing tenant documentation typically operate across multiple reporting systems that lack centralized operational visibility.,agricultural cooperatives,$6.0B annual operating market across 17 regions,"The software standardizes workflows related to tenant documentation while maintaining audit visibility, operational tracking, and configurable access permissions.",The platform includes configurable controls aligned with procurement and reporting requirements.,Customer onboarding follows a structured implementation process across client operating environments with phased deployment support during rollout.,Annual platform contracts; onboarding services; account support fees,Customers are billed through recurring contracts indexed to usage activity and implementation requirements.,"Commercial growth is supported through industry conferences, pilot deployments, and executive referral networks.",969980,5773669,83273,15 months,approved
SignalMetrics,"SignalMetrics provides workflow software for retail distributors managing inventory forecasting. The company is raising capital to support deployment operations, implementation staffing, and commercial expansion activities.",fintech,series-a,1151293,AED,Companies managing inventory forecasting typically operate across multiple reporting systems that lack centralized operational visibility.,retail distributors,$34.4B annual operating market across 17 regions,"The platform centralizes records associated with inventory forecasting, synchronizes operational data across connected systems, and maintains configurable reporting controls.",The platform includes configurable controls aligned with procurement and reporting requirements.,Customer onboarding follows a structured implementation process across client operating environments with phased deployment support during rollout.,Recurring software subscriptions; implementation retainers; reporting modules,Pricing combines annual subscription commitments with deployment and reporting service charges.,"Customer acquisition relies on procurement referrals, implementation partners, and sector-focused outbound sales activity.",1217925,5385167,165942,21 months,approved
OakLedger,OakLedger develops operational software used by agricultural cooperatives responsible for maintenance scheduling. Funding from the current round supports implementation capacity and regional deployment activity.,saas,seed,1091957,EUR,Companies managing maintenance scheduling typically operate across multiple reporting systems that lack centralized operational visibility.,agricultural cooperatives,$8.9B annual operating market across 17 regions,The product consolidates operational processes associated with maintenance scheduling into a unified management environment with configurable reporting logic.,The product maintains configurable workflow logic across customer operating environments.,The implementation framework supports phased account deployment across distributed customer operating environments.,Usage-based billing; workflow modules; integration support services,Pricing combines annual subscription commitments with deployment and reporting service charges.,"Commercial growth is supported through industry conferences, pilot deployments, and executive referral networks.",278724,9931454,126013,19 months,approved
GraniteCloud,GraniteCloud develops operational software used by vocational institutes responsible for fleet routing. Funding from the current round supports implementation capacity and regional deployment activity.,cleantech,seed,3196495,SGD,Teams handling fleet routing often rely on fragmented workflows that require repeated reconciliation between internal records and third-party systems.,vocational institutes,$22.7B annual operating market across 11 regions,The product consolidates operational processes associated with fleet routing into a unified management environment with configurable reporting logic.,The deployment architecture supports staged implementation across distributed operating environments.,The implementation framework supports phased account deployment across distributed customer operating environments.,Usage-based billing; workflow modules; integration support services,"Commercial agreements are priced according to transaction volume, deployment scope, and active operating locations.","Commercial growth is supported through industry conferences, pilot deployments, and executive referral networks.",28816,2564898,139084,15 months,approved
HarborCloud,"HarborCloud operates a software platform focused on fleet routing for regional clinics. The business is seeking capital to expand integrations, onboarding resources, and account support operations.",proptech,series-a,3473278,SGD,Teams handling fleet routing often rely on fragmented workflows that require repeated reconciliation between internal records and third-party systems.,regional clinics,$40.9B annual operating market across 7 regions,The product consolidates operational processes associated with fleet routing into a unified management environment with configurable reporting logic.,The platform includes configurable controls aligned with procurement and reporting requirements.,Customer onboarding follows a structured implementation process across client operating environments with phased deployment support during rollout.,Recurring software subscriptions; implementation retainers; reporting modules,"Commercial agreements are priced according to transaction volume, deployment scope, and active operating locations.","The company sources accounts through regional partnerships, implementation relationships, and direct enterprise outreach.",542305,17543093,859655,7 months,rejected
NorthCloud,NorthCloud develops operational software used by retail distributors responsible for supplier onboarding. Funding from the current round supports implementation capacity and regional deployment activity.,cleantech,seed,8216756,GBP,"Organizations responsible for supplier onboarding frequently coordinate activity across disconnected operational systems, external vendors, and manual reporting processes.",retail distributors,$61.3B annual operating market across 10 regions,"The platform centralizes records associated with supplier onboarding, synchronizes operational data across connected systems, and maintains configurable reporting controls.",The software supports integration with operational systems commonly used across secondary markets.,The implementation framework supports phased account deployment across distributed customer operating environments.,Annual platform contracts; onboarding services; account support fees,Customers are billed through recurring contracts indexed to usage activity and implementation requirements.,"The company sources accounts through regional partnerships, implementation relationships, and direct enterprise outreach.",2094824,29734519,571270,5 months,rejected
HarborLogic,"HarborLogic provides workflow software for agricultural cooperatives managing tenant documentation. The company is raising capital to support deployment operations, implementation staffing, and commercial expansion activities.",cleantech,series-a,6799671,AED,Companies managing tenant documentation typically operate across multiple reporting systems that lack centralized operational visibility.,agricultural cooperatives,$6.0B annual operating market across 17 regions,"The software standardizes workflows related to tenant documentation while maintaining audit visibility, operational tracking, and configurable access permissions.",The platform includes configurable controls aligned with procurement and reporting requirements.,Customer onboarding follows a structured implementation process across client operating environments with phased deployment support during rollout.,Annual platform contracts; onboarding services; account support fees,Customers are billed through recurring contracts indexed to usage activity and implementation requirements.,"Commercial growth is supported through industry conferences, pilot deployments, and executive referral networks.",1661676,6517330,559420,3 months,rejected
HarborLogic,"HarborLogic provides workflow software for specialty manufacturers managing fleet routing. The company is raising capital to support deployment operations, implementation staffing, and commercial expansion activities.",legaltech,idea,4289321,USD,Teams handling fleet routing often rely on fragmented workflows that require repeated reconciliation between internal records and third-party systems.,specialty manufacturers,$52.4B annual operating market across 7 regions,The product consolidates operational processes associated with fleet routing into a unified management environment with configurable reporting logic.,The deployment architecture supports staged implementation across distributed operating environments.,Deployment operations are managed through standardized onboarding procedures across customer operating environments.,Recurring software subscriptions; implementation retainers; reporting modules,Customers are billed through recurring contracts indexed to usage activity and implementation requirements.,"Customer acquisition relies on procurement referrals, implementation partners, and sector-focused outbound sales activity.",528415,25779152,503241,9 months,rejected
DeltaLedger,DeltaLedger develops operational software used by vocational institutes responsible for supplier onboarding. Funding from the current round supports implementation capacity and regional deployment activity.,proptech,seed,2982767,SGD,Companies managing supplier onboarding typically operate across multiple reporting systems that lack centralized operational visibility.,vocational institutes,$36.3B annual operating market across 6 regions,The product consolidates operational processes associated with supplier onboarding into a unified management environment with configurable reporting logic.,The deployment architecture supports staged implementation across distributed operating environments.,Customer onboarding follows a structured implementation process across client operating environments with phased deployment support during rollout.,Recurring software subscriptions; implementation retainers; reporting modules,Pricing combines annual subscription commitments with deployment and reporting service charges.,"Customer acquisition relies on procurement referrals, implementation partners, and sector-focused outbound sales activity.",1458325,25542647,249454,8 months,rejected
NorthWorks,"NorthWorks provides workflow software for retail distributors managing claims intake. The company is raising capital to support deployment operations, implementation staffing, and commercial expansion activities.",ecommerce,seed,2582900,GBP,"Organizations responsible for claims intake frequently coordinate activity across disconnected operational systems, external vendors, and manual reporting processes.",retail distributors,$30.7B annual operating market across 16 regions,"The software standardizes workflows related to claims intake while maintaining audit visibility, operational tracking, and configurable access permissions.",The platform includes configurable controls aligned with procurement and reporting requirements.,Deployment operations are managed through standardized onboarding procedures across customer operating environments.,Usage-based billing; workflow modules; integration support services,Pricing combines annual subscription commitments with deployment and reporting service charges.,"Customer acquisition relies on procurement referrals, implementation partners, and sector-focused outbound sales activity.",315134,8235034,150704,26 months,approved
NorthBase,NorthBase develops operational software used by independent law firms responsible for crop procurement. Funding from the current round supports implementation capacity and regional deployment activity.,agritech,pre-seed,3025276,AED,"Organizations responsible for crop procurement frequently coordinate activity across disconnected operational systems, external vendors, and manual reporting processes.",independent law firms,$75.8B annual operating market across 9 regions,"The platform centralizes records associated with crop procurement, synchronizes operational data across connected systems, and maintains configurable reporting controls.",The platform includes configurable controls aligned with procurement and reporting requirements.,The implementation framework supports phased account deployment across distributed customer operating environments.,Usage-based billing; workflow modules; integration support services,Customers are billed through recurring contracts indexed to usage activity and implementation requirements.,"Customer acquisition relies on procurement referrals, implementation partners, and sector-focused outbound sales activity.",2333044,23092356,320286,4 months,rejected
DeltaFlow,"DeltaFlow operates a software platform focused on crop procurement for specialty manufacturers. The business is seeking capital to expand integrations, onboarding resources, and account support operations.",logistics,pre-seed,641125,GBP,Companies managing crop procurement typically operate across multiple reporting systems that lack centralized operational visibility.,specialty manufacturers,$39.8B annual operating market across 7 regions,The product consolidates operational processes associated with crop procurement into a unified management environment with configurable reporting logic.,The product maintains configurable workflow logic across customer operating environments.,Customer onboarding follows a structured implementation process across client operating environments with phased deployment support during rollout.,Annual platform contracts; onboarding services; account support fees,"Commercial agreements are priced according to transaction volume, deployment scope, and active operating locations.","Commercial growth is supported through industry conferences, pilot deployments, and executive referral networks.",100480,10340541,62627,24 months,approved
ApexBase,ApexBase develops operational software used by vocational institutes responsible for inventory forecasting. Funding from the current round supports implementation capacity and regional deployment activity.,edtech,pre-seed,477768,EUR,Teams handling inventory forecasting often rely on fragmented workflows that require repeated reconciliation between internal records and third-party systems.,vocational institutes,$6.6B annual operating market across 13 regions,The product consolidates operational processes associated with inventory forecasting into a unified management environment with configurable reporting logic.,The software supports integration with operational systems commonly used across secondary markets.,Customer onboarding follows a structured implementation process across client operating environments with phased deployment support during rollout.,Usage-based billing; workflow modules; integration support services,Pricing combines annual subscription commitments with deployment and reporting service charges.,"The company sources accounts through regional partnerships, implementation relationships, and direct enterprise outreach.",666757,8053517,89482,19 months,approved
GraniteBase,"GraniteBase operates a software platform focused on crop procurement for vocational institutes. The business is seeking capital to expand integrations, onboarding resources, and account support operations.",ecommerce,idea,2860566,SGD,"Organizations responsible for crop procurement frequently coordinate activity across disconnected operational systems, external vendors, and manual reporting processes.",vocational institutes,$31.8B annual operating market across 14 regions,The product consolidates operational processes associated with crop procurement into a unified management environment with configurable reporting logic.,The platform includes configurable controls aligned with procurement and reporting requirements.,The implementation framework supports phased account deployment across distributed customer operating environments.,Recurring software subscriptions; implementation retainers; reporting modules,Pricing combines annual subscription commitments with deployment and reporting service charges.,"The company sources accounts through regional partnerships, implementation relationships, and direct enterprise outreach.",1916764,4789514,100990,25 months,approved
SignalLedger,"SignalLedger provides workflow software for independent law firms managing invoice reconciliation. The company is raising capital to support deployment operations, implementation staffing, and commercial expansion activities.",healthtech,idea,2266659,USD,Teams handling invoice reconciliation often rely on fragmented workflows that require repeated reconciliation between internal records and third-party systems.,independent law firms,$62.5B annual operating market across 6 regions,The product consolidates operational processes associated with invoice reconciliation into a unified management environment with configurable reporting logic.,The product maintains configurable workflow logic across customer operating environments.,The implementation framework supports phased account deployment across distributed customer operating environments.,Usage-based billing; workflow modules; integration support services,Pricing combines annual subscription commitments with deployment and reporting service charges.,"Customer acquisition relies on procurement referrals, implementation partners, and sector-focused outbound sales activity.",33635,11529443,92061,25 months,approved
NorthLogic,"NorthLogic operates a software platform focused on credential verification for regional clinics. The business is seeking capital to expand integrations, onboarding resources, and account support operations.",saas,series-a,3496366,AED,Companies managing credential verification typically operate across multiple reporting systems that lack centralized operational visibility.,regional clinics,$37.4B annual operating market across 7 regions,The product consolidates operational processes associated with credential verification into a unified management environment with configurable reporting logic.,The software supports integration with operational systems commonly used across secondary markets.,Customer onboarding follows a structured implementation process across client operating environments with phased deployment support during rollout.,Annual platform contracts; onboarding services; account support fees,Pricing combines annual subscription commitments with deployment and reporting service charges.,"The company sources accounts through regional partnerships, implementation relationships, and direct enterprise outreach.",1765418,8505076,504190,5 months,rejected
DeltaCloud,DeltaCloud develops operational software used by municipal transport operators responsible for tenant documentation. Funding from the current round supports implementation capacity and regional deployment activity.,logistics,series-a,6877418,AED,Teams handling tenant documentation often rely on fragmented workflows that require repeated reconciliation between internal records and third-party systems.,municipal transport operators,$38.7B annual operating market across 11 regions,The product consolidates operational processes associated with tenant documentation into a unified management environment with configurable reporting logic.,The platform includes configurable controls aligned with procurement and reporting requirements.,Deployment operations are managed through standardized onboarding procedures across customer operating environments.,Recurring software subscriptions; implementation retainers; reporting modules,Customers are billed through recurring contracts indexed to usage activity and implementation requirements.,"Commercial growth is supported through industry conferences, pilot deployments, and executive referral networks.",401095,18330998,803982,8 months,rejected
SignalMetrics,"SignalMetrics operates a software platform focused on maintenance scheduling for warehouse operators. The business is seeking capital to expand integrations, onboarding resources, and account support operations.",agritech,series-a,5436546,USD,Teams handling maintenance scheduling often rely on fragmented workflows that require repeated reconciliation between internal records and third-party systems.,warehouse operators,$14.8B annual operating market across 12 regions,"The platform centralizes records associated with maintenance scheduling, synchronizes operational data across connected systems, and maintains configurable reporting controls.",The deployment architecture supports staged implementation across distributed operating environments.,Customer onboarding follows a structured implementation process across client operating environments with phased deployment support during rollout.,Annual platform contracts; onboarding services; account support fees,Customers are billed through recurring contracts indexed to usage activity and implementation requirements.,"The company sources accounts through regional partnerships, implementation relationships, and direct enterprise outreach.",1054626,13020244,471360,8 months,rejected
OakFlow,"OakFlow provides workflow software for retail distributors managing claims intake. The company is raising capital to support deployment operations, implementation staffing, and commercial expansion activities.",saas,idea,3398562,GBP,Teams handling claims intake often rely on fragmented workflows that require repeated reconciliation between internal records and third-party systems.,retail distributors,$57.2B annual operating market across 13 regions,The product consolidates operational processes associated with claims intake into a unified management environment with configurable reporting logic.,The product maintains configurable workflow logic across customer operating environments.,The implementation framework supports phased account deployment across distributed customer operating environments.,Usage-based billing; workflow modules; integration support services,"Commercial agreements are priced according to transaction volume, deployment scope, and active operating locations.","The company sources accounts through regional partnerships, implementation relationships, and direct enterprise outreach.",1278754,14434660,731985,6 months,rejected
SummitCloud,"SummitCloud provides workflow software for specialty manufacturers managing credential verification. The company is raising capital to support deployment operations, implementation staffing, and commercial expansion activities.",legaltech,idea,6545550,USD,"Organizations responsible for credential verification frequently coordinate activity across disconnected operational systems, external vendors, and manual reporting processes.",specialty manufacturers,$69.6B annual operating market across 15 regions,"The software standardizes workflows related to credential verification while maintaining audit visibility, operational tracking, and configurable access permissions.",The deployment architecture supports staged implementation across distributed operating environments.,Customer onboarding follows a structured implementation process across client operating environments with phased deployment support during rollout.,Recurring software subscriptions; implementation retainers; reporting modules,Pricing combines annual subscription commitments with deployment and reporting service charges.,"The company sources accounts through regional partnerships, implementation relationships, and direct enterprise outreach.",778073,12582110,754411,8 months,rejected
AtlasFlow,AtlasFlow develops operational software used by municipal transport operators responsible for invoice reconciliation. Funding from the current round supports implementation capacity and regional deployment activity.,fintech,pre-seed,5439306,USD,Companies managing invoice reconciliation typically operate across multiple reporting systems that lack centralized operational visibility.,municipal transport operators,$53.2B annual operating market across 17 regions,The product consolidates operational processes associated with invoice reconciliation into a unified management environment with configurable reporting logic.,The deployment architecture supports staged implementation across distributed operating environments.,Customer onboarding follows a structured implementation process across client operating environments with phased deployment support during rollout.,Recurring software subscriptions; implementation retainers; reporting modules,"Commercial agreements are priced according to transaction volume, deployment scope, and active operating locations.","Commercial growth is supported through industry conferences, pilot deployments, and executive referral networks.",1283783,10289444,234724,9 months,rejected
ApexBridge,ApexBridge develops operational software used by specialty manufacturers responsible for inventory forecasting. Funding from the current round supports implementation capacity and regional deployment activity.,legaltech,seed,3447492,GBP,Teams handling inventory forecasting often rely on fragmented workflows that require repeated reconciliation between internal records and third-party systems.,specialty manufacturers,$76.6B annual operating market across 12 regions,The product consolidates operational processes associated with inventory forecasting into a unified management environment with configurable reporting logic.,The platform includes configurable controls aligned with procurement and reporting requirements.,Customer onboarding follows a structured implementation process across client operating environments with phased deployment support during rollout.,Recurring software subscriptions; implementation retainers; reporting modules,Pricing combines annual subscription commitments with deployment and reporting service charges.,"Commercial growth is supported through industry conferences, pilot deployments, and executive referral networks.",1187468,2861024,111943,26 months,approved
NorthSystems,"NorthSystems operates a software platform focused on maintenance scheduling for specialty manufacturers. The business is seeking capital to expand integrations, onboarding resources, and account support operations.",edtech,idea,5185045,GBP,"Organizations responsible for maintenance scheduling frequently coordinate activity across disconnected operational systems, external vendors, and manual reporting processes.",specialty manufacturers,$57.1B annual operating market across 17 regions,"The software standardizes workflows related to maintenance scheduling while maintaining audit visibility, operational tracking, and configurable access permissions.",The platform includes configurable controls aligned with procurement and reporting requirements.,Deployment operations are managed through standardized onboarding procedures across customer operating environments.,Recurring software subscriptions; implementation retainers; reporting modules,Customers are billed through recurring contracts indexed to usage activity and implementation requirements.,"The company sources accounts through regional partnerships, implementation relationships, and direct enterprise outreach.",1764567,7193300,388621,6 months,rejected
SignalSystems,SignalSystems develops operational software used by municipal transport operators responsible for maintenance scheduling. Funding from the current round supports implementation capacity and regional deployment activity.,healthtech,idea,2367922,SGD,"Organizations responsible for maintenance scheduling frequently coordinate activity across disconnected operational systems, external vendors, and manual reporting processes.",municipal transport operators,$8.9B annual operating market across 14 regions,"The software standardizes workflows related to maintenance scheduling while maintaining audit visibility, operational tracking, and configurable access permissions.",The software supports integration with operational systems commonly used across secondary markets.,Customer onboarding follows a structured implementation process across client operating environments with phased deployment support during rollout.,Usage-based billing; workflow modules; integration support services,Pricing combines annual subscription commitments with deployment and reporting service charges.,"Customer acquisition relies on procurement referrals, implementation partners, and sector-focused outbound sales activity.",272128,8569044,84673,21 months,approved
NorthMetrics,NorthMetrics develops operational software used by property managers responsible for fleet routing. Funding from the current round supports implementation capacity and regional deployment activity.,fintech,series-a,7804907,GBP,"Organizations responsible for fleet routing frequently coordinate activity across disconnected operational systems, external vendors, and manual reporting processes.",property managers,$31.3B annual operating market across 8 regions,"The software standardizes workflows related to fleet routing while maintaining audit visibility, operational tracking, and configurable access permissions.",The deployment architecture supports staged implementation across distributed operating environments.,Customer onboarding follows a structured implementation process across client operating environments with phased deployment support during rollout.,Annual platform contracts; onboarding services; account support fees,Customers are billed through recurring contracts indexed to usage activity and implementation requirements.,"Commercial growth is supported through industry conferences, pilot deployments, and executive referral networks.",2122066,12425941,272431,8 months,rejected
GraniteCloud,"GraniteCloud provides workflow software for vocational institutes managing maintenance scheduling. The company is raising capital to support deployment operations, implementation staffing, and commercial expansion activities.",legaltech,seed,6177286,SGD,Teams handling maintenance scheduling often rely on fragmented workflows that require repeated reconciliation between internal records and third-party systems.,vocational institutes,$59.7B annual operating market across 8 regions,The product consolidates operational processes associated with maintenance scheduling into a unified management environment with configurable reporting logic.,The product maintains configurable workflow logic across customer operating environments.,The implementation framework supports phased account deployment across distributed customer operating environments.,Annual platform contracts; onboarding services; account support fees,Customers are billed through recurring contracts indexed to usage activity and implementation requirements.,"The company sources accounts through regional partnerships, implementation relationships, and direct enterprise outreach.",289208,6504602,504751,4 months,rejected
SignalWorks,SignalWorks develops operational software used by retail distributors responsible for tenant documentation. Funding from the current round supports implementation capacity and regional deployment activity.,ecommerce,idea,1451770,SGD,Companies managing tenant documentation typically operate across multiple reporting systems that lack centralized operational visibility.,retail distributors,$26.5B annual operating market across 6 regions,"The platform centralizes records associated with tenant documentation, synchronizes operational data across connected systems, and maintains configurable reporting controls.",The product maintains configurable workflow logic across customer operating environments.,Deployment operations are managed through standardized onboarding procedures across customer operating environments.,Annual platform contracts; onboarding services; account support fees,Pricing combines annual subscription commitments with deployment and reporting service charges.,"The company sources accounts through regional partnerships, implementation relationships, and direct enterprise outreach.",1363106,2500743,52738,17 months,approved
SignalLedger,"SignalLedger provides workflow software for independent law firms managing inventory forecasting. The company is raising capital to support deployment operations, implementation staffing, and commercial expansion activities.",fintech,series-a,3082292,USD,Companies managing inventory forecasting typically operate across multiple reporting systems that lack centralized operational visibility.,independent law firms,$62.3B annual operating market across 14 regions,The product consolidates operational processes associated with inventory forecasting into a unified management environment with configurable reporting logic.,The software supports integration with operational systems commonly used across secondary markets.,The implementation framework supports phased account deployment across distributed customer operating environments.,Annual platform contracts; onboarding services; account support fees,Customers are billed through recurring contracts indexed to usage activity and implementation requirements.,"Customer acquisition relies on procurement referrals, implementation partners, and sector-focused outbound sales activity.",2185928,3637754,139295,25 months,approved
SignalMetrics,"SignalMetrics operates a software platform focused on fleet routing for municipal transport operators. The business is seeking capital to expand integrations, onboarding resources, and account support operations.",proptech,idea,2345364,GBP,Companies managing fleet routing typically operate across multiple reporting systems that lack centralized operational visibility.,municipal transport operators,$18.3B annual operating market across 9 regions,The product consolidates operational processes associated with fleet routing into a unified management environment with configurable reporting logic.,The platform includes configurable controls aligned with procurement and reporting requirements.,The implementation framework supports phased account deployment across distributed customer operating environments.,Annual platform contracts; onboarding services; account support fees,Pricing combines annual subscription commitments with deployment and reporting service charges.,"The company sources accounts through regional partnerships, implementation relationships, and direct enterprise outreach.",1478025,3123735,141894,22 months,approved
GraniteLogic,"GraniteLogic operates a software platform focused on crop procurement for vocational institutes. The business is seeking capital to expand integrations, onboarding resources, and account support operations.",fintech,pre-seed,2167640,EUR,Teams handling crop procurement often rely on fragmented workflows that require repeated reconciliation between internal records and third-party systems.,vocational institutes,$35.0B annual operating market across 17 regions,"The platform centralizes records associated with crop procurement, synchronizes operational data across connected systems, and maintains configurable reporting controls.",The product maintains configurable workflow logic across customer operating environments.,Deployment operations are managed through standardized onboarding procedures across customer operating environments.,Annual platform contracts; onboarding services; account support fees,"Commercial agreements are priced according to transaction volume, deployment scope, and active operating locations.","The company sources accounts through regional partnerships, implementation relationships, and direct enterprise outreach.",194425,5138894,148992,16 months,approved
VectorBase,VectorBase develops operational software used by regional clinics responsible for supplier onboarding. Funding from the current round supports implementation capacity and regional deployment activity.,legaltech,seed,4327359,AED,"Organizations responsible for supplier onboarding frequently coordinate activity across disconnected operational systems, external vendors, and manual reporting processes.",regional clinics,$43.8B annual operating market across 9 regions,"The platform centralizes records associated with supplier onboarding, synchronizes operational data across connected systems, and maintains configurable reporting controls.",The platform includes configurable controls aligned with procurement and reporting requirements.,The implementation framework supports phased account deployment across distributed customer operating environments.,Recurring software subscriptions; implementation retainers; reporting modules,"Commercial agreements are priced according to transaction volume, deployment scope, and active operating locations.","The company sources accounts through regional partnerships, implementation relationships, and direct enterprise outreach.",94205,19903722,804183,4 months,rejected
GraniteBase,"GraniteBase operates a software platform focused on inventory forecasting for specialty manufacturers. The business is seeking capital to expand integrations, onboarding resources, and account support operations.",logistics,series-a,2533887,GBP,Companies managing inventory forecasting typically operate across multiple reporting systems that lack centralized operational visibility.,specialty manufacturers,$64.5B annual operating market across 16 regions,The product consolidates operational processes associated with inventory forecasting into a unified management environment with configurable reporting logic.,The software supports integration with operational systems commonly used across secondary markets.,Customer onboarding follows a structured implementation process across client operating environments with phased deployment support during rollout.,Annual platform contracts; onboarding services; account support fees,Pricing combines annual subscription commitments with deployment and reporting service charges.,"The company sources accounts through regional partnerships, implementation relationships, and direct enterprise outreach.",1255640,20608027,517167,3 months,rejected
SignalLogic,SignalLogic develops operational software used by agricultural cooperatives responsible for credential verification. Funding from the current round supports implementation capacity and regional deployment activity.,edtech,series-a,673076,EUR,Teams handling credential verification often rely on fragmented workflows that require repeated reconciliation between internal records and third-party systems.,agricultural cooperatives,$80.1B annual operating market across 11 regions,The product consolidates operational processes associated with credential verification into a unified management environment with configurable reporting logic.,The deployment architecture supports staged implementation across distributed operating environments.,Customer onboarding follows a structured implementation process across client operating environments with phased deployment support during rollout.,Annual platform contracts; onboarding services; account support fees,"Commercial agreements are priced according to transaction volume, deployment scope, and active operating locations.","Commercial growth is supported through industry conferences, pilot deployments, and executive referral networks.",187308,5159155,77609,15 months,approved
VectorBase,"VectorBase operates a software platform focused on patient scheduling for retail distributors. The business is seeking capital to expand integrations, onboarding resources, and account support operations.",logistics,seed,1469048,AED,"Organizations responsible for patient scheduling frequently coordinate activity across disconnected operational systems, external vendors, and manual reporting processes.",retail distributors,$77.4B annual operating market across 17 regions,"The software standardizes workflows related to patient scheduling while maintaining audit visibility, operational tracking, and configurable access permissions.",The deployment architecture supports staged implementation across distributed operating environments.,The implementation framework supports phased account deployment across distributed customer operating environments.,Annual platform contracts; onboarding services; account support fees,Customers are billed through recurring contracts indexed to usage activity and implementation requirements.,"Commercial growth is supported through industry conferences, pilot deployments, and executive referral networks.",1737799,5583672,75245,23 months,approved
NorthBase,NorthBase develops operational software used by independent law firms responsible for crop procurement. Funding from the current round supports implementation capacity and regional deployment activity.,agritech,pre-seed,1812257,AED,"Organizations responsible for crop procurement frequently coordinate activity across disconnected operational systems, external vendors, and manual reporting processes.",independent law firms,$75.8B annual operating market across 9 regions,"The platform centralizes records associated with crop procurement, synchronizes operational data across connected systems, and maintains configurable reporting controls.",The platform includes configurable controls aligned with procurement and reporting requirements.,The implementation framework supports phased account deployment across distributed customer operating environments.,Usage-based billing; workflow modules; integration support services,Customers are billed through recurring contracts indexed to usage activity and implementation requirements.,"Customer acquisition relies on procurement referrals, implementation partners, and sector-focused outbound sales activity.",1534312,9549960,98697,21 months,approved
NorthBridge,NorthBridge develops operational software used by agricultural cooperatives responsible for claims intake. Funding from the current round supports implementation capacity and regional deployment activity.,legaltech,idea,2674730,EUR,"Organizations responsible for claims intake frequently coordinate activity across disconnected operational systems, external vendors, and manual reporting processes.",agricultural cooperatives,$13.2B annual operating market across 4 regions,"The platform centralizes records associated with claims intake, synchronizes operational data across connected systems, and maintains configurable reporting controls.",The product maintains configurable workflow logic across customer operating environments.,The implementation framework supports phased account deployment across distributed customer operating environments.,Recurring software subscriptions; implementation retainers; reporting modules,Pricing combines annual subscription commitments with deployment and reporting service charges.,"The company sources accounts through regional partnerships, implementation relationships, and direct enterprise outreach.",281885,9827867,178149,24 months,approved
VectorMetrics,"VectorMetrics provides workflow software for specialty manufacturers managing supplier onboarding. The company is raising capital to support deployment operations, implementation staffing, and commercial expansion activities.",proptech,idea,2413694,EUR,"Organizations responsible for supplier onboarding frequently coordinate activity across disconnected operational systems, external vendors, and manual reporting processes.",specialty manufacturers,$21.1B annual operating market across 9 regions,"The platform centralizes records associated with supplier onboarding, synchronizes operational data across connected systems, and maintains configurable reporting controls.",The software supports integration with operational systems commonly used across secondary markets.,The implementation framework supports phased account deployment across distributed customer operating environments.,Usage-based billing; workflow modules; integration support services,Pricing combines annual subscription commitments with deployment and reporting service charges.,"Customer acquisition relies on procurement referrals, implementation partners, and sector-focused outbound sales activity.",1574777,10362872,61720,25 months,approved
GranitePilot,"GranitePilot operates a software platform focused on inventory forecasting for property managers. The business is seeking capital to expand integrations, onboarding resources, and account support operations.",legaltech,series-a,2508526,EUR,"Organizations responsible for inventory forecasting frequently coordinate activity across disconnected operational systems, external vendors, and manual reporting processes.",property managers,$28.5B annual operating market across 12 regions,"The software standardizes workflows related to inventory forecasting while maintaining audit visibility, operational tracking, and configurable access permissions.",The platform includes configurable controls aligned with procurement and reporting requirements.,The implementation framework supports phased account deployment across distributed customer operating environments.,Annual platform contracts; onboarding services; account support fees,"Commercial agreements are priced according to transaction volume, deployment scope, and active operating locations.","Commercial growth is supported through industry conferences, pilot deployments, and executive referral networks.",1442052,6065652,877707,5 months,rejected
VectorSystems,"VectorSystems provides workflow software for municipal transport operators managing invoice reconciliation. The company is raising capital to support deployment operations, implementation staffing, and commercial expansion activities.",healthtech,seed,3661053,EUR,Teams handling invoice reconciliation often rely on fragmented workflows that require repeated reconciliation between internal records and third-party systems.,municipal transport operators,$62.3B annual operating market across 4 regions,"The software standardizes workflows related to invoice reconciliation while maintaining audit visibility, operational tracking, and configurable access permissions.",The deployment architecture supports staged implementation across distributed operating environments.,Customer onboarding follows a structured implementation process across client operating environments with phased deployment support during rollout.,Annual platform contracts; onboarding services; account support fees,Customers are billed through recurring contracts indexed to usage activity and implementation requirements.,"The company sources accounts through regional partnerships, implementation relationships, and direct enterprise outreach.",944443,17105340,908843,8 months,rejected
VectorPilot,"VectorPilot provides workflow software for specialty manufacturers managing inventory forecasting. The company is raising capital to support deployment operations, implementation staffing, and commercial expansion activities.",proptech,pre-seed,2808839,USD,Companies managing inventory forecasting typically operate across multiple reporting systems that lack centralized operational visibility.,specialty manufacturers,$57.9B annual operating market across 4 regions,"The software standardizes workflows related to inventory forecasting while maintaining audit visibility, operational tracking, and configurable access permissions.",The software supports integration with operational systems commonly used across secondary markets.,Customer onboarding follows a structured implementation process across client operating environments with phased deployment support during rollout.,Usage-based billing; workflow modules; integration support services,Pricing combines annual subscription commitments with deployment and reporting service charges.,"The company sources accounts through regional partnerships, implementation relationships, and direct enterprise outreach.",166734,7242755,161713,21 months,approved
SummitBridge,"SummitBridge provides workflow software for specialty manufacturers managing crop procurement. The company is raising capital to support deployment operations, implementation staffing, and commercial expansion activities.",ecommerce,series-a,920474,USD,"Organizations responsible for crop procurement frequently coordinate activity across disconnected operational systems, external vendors, and manual reporting processes.",specialty manufacturers,$66.3B annual operating market across 9 regions,"The software standardizes workflows related to crop procurement while maintaining audit visibility, operational tracking, and configurable access permissions.",The platform includes configurable controls aligned with procurement and reporting requirements.,Customer onboarding follows a structured implementation process across client operating environments with phased deployment support during rollout.,Usage-based billing; workflow modules; integration support services,Customers are billed through recurring contracts indexed to usage activity and implementation requirements.,"Commercial growth is supported through industry conferences, pilot deployments, and executive referral networks.",1811675,9976367,72930,18 months,approved
HarborLogic,"HarborLogic provides workflow software for specialty manufacturers managing fleet routing. The company is raising capital to support deployment operations, implementation staffing, and commercial expansion activities.",legaltech,idea,2565061,USD,Teams handling fleet routing often rely on fragmented workflows that require repeated reconciliation between internal records and third-party systems.,specialty manufacturers,$52.4B annual operating market across 7 regions,The product consolidates operational processes associated with fleet routing into a unified management environment with configurable reporting logic.,The deployment architecture supports staged implementation across distributed operating environments.,Deployment operations are managed through standardized onboarding procedures across customer operating environments.,Recurring software subscriptions; implementation retainers; reporting modules,Customers are billed through recurring contracts indexed to usage activity and implementation requirements.,"Customer acquisition relies on procurement referrals, implementation partners, and sector-focused outbound sales activity.",1710605,8282714,53905,15 months,approved
VectorMetrics,VectorMetrics develops operational software used by agricultural cooperatives responsible for crop procurement. Funding from the current round supports implementation capacity and regional deployment activity.,saas,series-a,6288132,GBP,"Organizations responsible for crop procurement frequently coordinate activity across disconnected operational systems, external vendors, and manual reporting processes.",agricultural cooperatives,$36.5B annual operating market across 9 regions,The product consolidates operational processes associated with crop procurement into a unified management environment with configurable reporting logic.,The platform includes configurable controls aligned with procurement and reporting requirements.,The implementation framework supports phased account deployment across distributed customer operating environments.,Usage-based billing; workflow modules; integration support services,"Commercial agreements are priced according to transaction volume, deployment scope, and active operating locations.","Customer acquisition relies on procurement referrals, implementation partners, and sector-focused outbound sales activity.",2416743,28792017,724048,3 months,rejected
GraniteWorks,"GraniteWorks provides workflow software for vocational institutes managing invoice reconciliation. The company is raising capital to support deployment operations, implementation staffing, and commercial expansion activities.",agritech,pre-seed,2617241,USD,Teams handling invoice reconciliation often rely on fragmented workflows that require repeated reconciliation between internal records and third-party systems.,vocational institutes,$6.5B annual operating market across 13 regions,"The platform centralizes records associated with invoice reconciliation, synchronizes operational data across connected systems, and maintains configurable reporting controls.",The software supports integration with operational systems commonly used across secondary markets.,Customer onboarding follows a structured implementation process across client operating environments with phased deployment support during rollout.,Recurring software subscriptions; implementation retainers; reporting modules,Pricing combines annual subscription commitments with deployment and reporting service charges.,"Customer acquisition relies on procurement referrals, implementation partners, and sector-focused outbound sales activity.",707143,11923272,115902,18 months,approved
DeltaLogic,"DeltaLogic operates a software platform focused on credential verification for independent law firms. The business is seeking capital to expand integrations, onboarding resources, and account support operations.",edtech,seed,2850175,USD,"Organizations responsible for credential verification frequently coordinate activity across disconnected operational systems, external vendors, and manual reporting processes.",independent law firms,$63.7B annual operating market across 13 regions,"The platform centralizes records associated with credential verification, synchronizes operational data across connected systems, and maintains configurable reporting controls.",The software supports integration with operational systems commonly used across secondary markets.,The implementation framework supports phased account deployment across distributed customer operating environments.,Annual platform contracts; onboarding services; account support fees,Customers are billed through recurring contracts indexed to usage activity and implementation requirements.,"The company sources accounts through regional partnerships, implementation relationships, and direct enterprise outreach.",769994,13951932,324545,4 months,rejected
GraniteCloud,"GraniteCloud provides workflow software for vocational institutes managing maintenance scheduling. The company is raising capital to support deployment operations, implementation staffing, and commercial expansion activities.",legaltech,seed,2387940,SGD,Teams handling maintenance scheduling often rely on fragmented workflows that require repeated reconciliation between internal records and third-party systems.,vocational institutes,$59.7B annual operating market across 8 regions,The product consolidates operational processes associated with maintenance scheduling into a unified management environment with configurable reporting logic.,The product maintains configurable workflow logic across customer operating environments.,The implementation framework supports phased account deployment across distributed customer operating environments.,Annual platform contracts; onboarding services; account support fees,Customers are billed through recurring contracts indexed to usage activity and implementation requirements.,"The company sources accounts through regional partnerships, implementation relationships, and direct enterprise outreach.",1855034,3507100,141888,17 months,approved
GraniteCloud,GraniteCloud develops operational software used by vocational institutes responsible for fleet routing. Funding from the current round supports implementation capacity and regional deployment activity.,cleantech,seed,6397840,SGD,Teams handling fleet routing often rely on fragmented workflows that require repeated reconciliation between internal records and third-party systems.,vocational institutes,$22.7B annual operating market across 11 regions,The product consolidates operational processes associated with fleet routing into a unified management environment with configurable reporting logic.,The deployment architecture supports staged implementation across distributed operating environments.,The implementation framework supports phased account deployment across distributed customer operating environments.,Usage-based billing; workflow modules; integration support services,"Commercial agreements are priced according to transaction volume, deployment scope, and active operating locations.","Commercial growth is supported through industry conferences, pilot deployments, and executive referral networks.",1135275,27484008,245530,7 months,rejected
HarborWorks,"HarborWorks provides workflow software for agricultural cooperatives managing fleet routing. The company is raising capital to support deployment operations, implementation staffing, and commercial expansion activities.",cleantech,series-a,3390580,GBP,"Organizations responsible for fleet routing frequently coordinate activity across disconnected operational systems, external vendors, and manual reporting processes.",agricultural cooperatives,$22.4B annual operating market across 7 regions,The product consolidates operational processes associated with fleet routing into a unified management environment with configurable reporting logic.,The platform includes configurable controls aligned with procurement and reporting requirements.,Customer onboarding follows a structured implementation process across client operating environments with phased deployment support during rollout.,Recurring software subscriptions; implementation retainers; reporting modules,Customers are billed through recurring contracts indexed to usage activity and implementation requirements.,"Commercial growth is supported through industry conferences, pilot deployments, and executive referral networks.",1738775,8080925,154881,26 months,approved
ApexWorks,"ApexWorks provides workflow software for agricultural cooperatives managing inventory forecasting. The company is raising capital to support deployment operations, implementation staffing, and commercial expansion activities.",ecommerce,seed,3231320,SGD,"Organizations responsible for inventory forecasting frequently coordinate activity across disconnected operational systems, external vendors, and manual reporting processes.",agricultural cooperatives,$72.0B annual operating market across 6 regions,"The software standardizes workflows related to inventory forecasting while maintaining audit visibility, operational tracking, and configurable access permissions.",The product maintains configurable workflow logic across customer operating environments.,The implementation framework supports phased account deployment across distributed customer operating environments.,Annual platform contracts; onboarding services; account support fees,Customers are billed through recurring contracts indexed to usage activity and implementation requirements.,"Customer acquisition relies on procurement referrals, implementation partners, and sector-focused outbound sales activity.",328014,8739974,48494,19 months,approved
VectorWorks,"VectorWorks provides workflow software for independent law firms managing claims intake. The company is raising capital to support deployment operations, implementation staffing, and commercial expansion activities.",edtech,series-a,2946454,GBP,Teams handling claims intake often rely on fragmented workflows that require repeated reconciliation between internal records and third-party systems.,independent law firms,$13.0B annual operating market across 8 regions,"The software standardizes workflows related to claims intake while maintaining audit visibility, operational tracking, and configurable access permissions.",The deployment architecture supports staged implementation across distributed operating environments.,Customer onboarding follows a structured implementation process across client operating environments with phased deployment support during rollout.,Recurring software subscriptions; implementation retainers; reporting modules,Customers are billed through recurring contracts indexed to usage activity and implementation requirements.,"Commercial growth is supported through industry conferences, pilot deployments, and executive referral networks.",25993,7865626,94851,25 months,approved
NorthSystems,"NorthSystems provides workflow software for warehouse operators managing maintenance scheduling. The company is raising capital to support deployment operations, implementation staffing, and commercial expansion activities.",saas,seed,7761711,SGD,"Organizations responsible for maintenance scheduling frequently coordinate activity across disconnected operational systems, external vendors, and manual reporting processes.",warehouse operators,$36.0B annual operating market across 13 regions,The product consolidates operational processes associated with maintenance scheduling into a unified management environment with configurable reporting logic.,The software supports integration with operational systems commonly used across secondary markets.,Deployment operations are managed through standardized onboarding procedures across customer operating environments.,Usage-based billing; workflow modules; integration support services,Customers are billed through recurring contracts indexed to usage activity and implementation requirements.,"Customer acquisition relies on procurement referrals, implementation partners, and sector-focused outbound sales activity.",323245,16429096,459477,9 months,rejected
SignalSystems,SignalSystems develops operational software used by municipal transport operators responsible for maintenance scheduling. Funding from the current round supports implementation capacity and regional deployment activity.,healthtech,idea,6742566,SGD,"Organizations responsible for maintenance scheduling frequently coordinate activity across disconnected operational systems, external vendors, and manual reporting processes.",municipal transport operators,$8.9B annual operating market across 14 regions,"The software standardizes workflows related to maintenance scheduling while maintaining audit visibility, operational tracking, and configurable access permissions.",The software supports integration with operational systems commonly used across secondary markets.,Customer onboarding follows a structured implementation process across client operating environments with phased deployment support during rollout.,Usage-based billing; workflow modules; integration support services,Pricing combines annual subscription commitments with deployment and reporting service charges.,"Customer acquisition relies on procurement referrals, implementation partners, and sector-focused outbound sales activity.",662768,22093954,923456,8 months,rejected
GraniteLedger,"GraniteLedger provides workflow software for warehouse operators managing maintenance scheduling. The company is raising capital to support deployment operations, implementation staffing, and commercial expansion activities.",cleantech,idea,1602749,SGD,"Organizations responsible for maintenance scheduling frequently coordinate activity across disconnected operational systems, external vendors, and manual reporting processes.",warehouse operators,$43.3B annual operating market across 7 regions,"The software standardizes workflows related to maintenance scheduling while maintaining audit visibility, operational tracking, and configurable access permissions.",The platform includes configurable controls aligned with procurement and reporting requirements.,The implementation framework supports phased account deployment across distributed customer operating environments.,Recurring software subscriptions; implementation retainers; reporting modules,Pricing combines annual subscription commitments with deployment and reporting service charges.,"Customer acquisition relies on procurement referrals, implementation partners, and sector-focused outbound sales activity.",1930177,9231822,150110,15 months,approved
AtlasMetrics,AtlasMetrics develops operational software used by independent law firms responsible for supplier onboarding. Funding from the current round supports implementation capacity and regional deployment activity.,cleantech,seed,1339294,USD,Teams handling supplier onboarding often rely on fragmented workflows that require repeated reconciliation between internal records and third-party systems.,independent law firms,$16.3B annual operating market across 4 regions,"The software standardizes workflows related to supplier onboarding while maintaining audit visibility, operational tracking, and configurable access permissions.",The deployment architecture supports staged implementation across distributed operating environments.,The implementation framework supports phased account deployment across distributed customer operating environments.,Recurring software subscriptions; implementation retainers; reporting modules,Pricing combines annual subscription commitments with deployment and reporting service charges.,"The company sources accounts through regional partnerships, implementation relationships, and direct enterprise outreach.",1584902,4683550,155033,19 months,approved
NorthBridge,NorthBridge develops operational software used by agricultural cooperatives responsible for claims intake. Funding from the current round supports implementation capacity and regional deployment activity.,legaltech,idea,4048290,EUR,"Organizations responsible for claims intake frequently coordinate activity across disconnected operational systems, external vendors, and manual reporting processes.",agricultural cooperatives,$13.2B annual operating market across 4 regions,"The platform centralizes records associated with claims intake, synchronizes operational data across connected systems, and maintains configurable reporting controls.",The product maintains configurable workflow logic across customer operating environments.,The implementation framework supports phased account deployment across distributed customer operating environments.,Recurring software subscriptions; implementation retainers; reporting modules,Pricing combines annual subscription commitments with deployment and reporting service charges.,"The company sources accounts through regional partnerships, implementation relationships, and direct enterprise outreach.",180486,23673275,948352,5 months,rejected
HarborWorks,HarborWorks develops operational software used by retail distributors responsible for patient scheduling. Funding from the current round supports implementation capacity and regional deployment activity.,fintech,idea,1784218,SGD,"Organizations responsible for patient scheduling frequently coordinate activity across disconnected operational systems, external vendors, and manual reporting processes.",retail distributors,$37.0B annual operating market across 5 regions,The product consolidates operational processes associated with patient scheduling into a unified management environment with configurable reporting logic.,The deployment architecture supports staged implementation across distributed operating environments.,Deployment operations are managed through standardized onboarding procedures across customer operating environments.,Usage-based billing; workflow modules; integration support services,Customers are billed through recurring contracts indexed to usage activity and implementation requirements.,"The company sources accounts through regional partnerships, implementation relationships, and direct enterprise outreach.",936461,4988605,87282,17 months,approved
NorthFlow,NorthFlow develops operational software used by vocational institutes responsible for fleet routing. Funding from the current round supports implementation capacity and regional deployment activity.,saas,idea,1961624,USD,Teams handling fleet routing often rely on fragmented workflows that require repeated reconciliation between internal records and third-party systems.,vocational institutes,$35.9B annual operating market across 5 regions,The product consolidates operational processes associated with fleet routing into a unified management environment with configurable reporting logic.,The deployment architecture supports staged implementation across distributed operating environments.,The implementation framework supports phased account deployment across distributed customer operating environments.,Usage-based billing; workflow modules; integration support services,"Commercial agreements are priced according to transaction volume, deployment scope, and active operating locations.","Commercial growth is supported through industry conferences, pilot deployments, and executive referral networks.",878055,10547212,68807,20 months,approved
AtlasCloud,AtlasCloud develops operational software used by retail distributors responsible for maintenance scheduling. Funding from the current round supports implementation capacity and regional deployment activity.,logistics,pre-seed,4004322,USD,Companies managing maintenance scheduling typically operate across multiple reporting systems that lack centralized operational visibility.,retail distributors,$72.0B annual operating market across 4 regions,"The platform centralizes records associated with maintenance scheduling, synchronizes operational data across connected systems, and maintains configurable reporting controls.",The software supports integration with operational systems commonly used across secondary markets.,The implementation framework supports phased account deployment across distributed customer operating environments.,Annual platform contracts; onboarding services; account support fees,Customers are billed through recurring contracts indexed to usage activity and implementation requirements.,"The company sources accounts through regional partnerships, implementation relationships, and direct enterprise outreach.",585319,24391342,250228,4 months,rejected
ApexLogic,ApexLogic develops operational software used by municipal transport operators responsible for crop procurement. Funding from the current round supports implementation capacity and regional deployment activity.,saas,seed,3808956,GBP,"Organizations responsible for crop procurement frequently coordinate activity across disconnected operational systems, external vendors, and manual reporting processes.",municipal transport operators,$8.5B annual operating market across 13 regions,"The software standardizes workflows related to crop procurement while maintaining audit visibility, operational tracking, and configurable access permissions.",The deployment architecture supports staged implementation across distributed operating environments.,Customer onboarding follows a structured implementation process across client operating environments with phased deployment support during rollout.,Usage-based billing; workflow modules; integration support services,"Commercial agreements are priced according to transaction volume, deployment scope, and active operating locations.","Customer acquisition relies on procurement referrals, implementation partners, and sector-focused outbound sales activity.",1055345,22655930,332069,4 months,rejected
HarborBridge,"HarborBridge operates a software platform focused on supplier onboarding for vocational institutes. The business is seeking capital to expand integrations, onboarding resources, and account support operations.",ecommerce,seed,3941638,EUR,"Organizations responsible for supplier onboarding frequently coordinate activity across disconnected operational systems, external vendors, and manual reporting processes.",vocational institutes,$8.3B annual operating market across 9 regions,The product consolidates operational processes associated with supplier onboarding into a unified management environment with configurable reporting logic.,The deployment architecture supports staged implementation across distributed operating environments.,Deployment operations are managed through standardized onboarding procedures across customer operating environments.,Recurring software subscriptions; implementation retainers; reporting modules,Pricing combines annual subscription commitments with deployment and reporting service charges.,"Commercial growth is supported through industry conferences, pilot deployments, and executive referral networks.",1806882,24544644,845148,4 months,rejected
SummitBase,SummitBase develops operational software used by insurance brokers responsible for claims intake. Funding from the current round supports implementation capacity and regional deployment activity.,logistics,seed,5527308,USD,Companies managing claims intake typically operate across multiple reporting systems that lack centralized operational visibility.,insurance brokers,$46.5B annual operating market across 6 regions,The product consolidates operational processes associated with claims intake into a unified management environment with configurable reporting logic.,The deployment architecture supports staged implementation across distributed operating environments.,Customer onboarding follows a structured implementation process across client operating environments with phased deployment support during rollout.,Annual platform contracts; onboarding services; account support fees,Pricing combines annual subscription commitments with deployment and reporting service charges.,"Commercial growth is supported through industry conferences, pilot deployments, and executive referral networks.",2168746,23939741,912818,9 months,rejected
GraniteSystems,"GraniteSystems operates a software platform focused on fleet routing for vocational institutes. The business is seeking capital to expand integrations, onboarding resources, and account support operations.",proptech,idea,894837,SGD,Companies managing fleet routing typically operate across multiple reporting systems that lack centralized operational visibility.,vocational institutes,$27.1B annual operating market across 11 regions,"The platform centralizes records associated with fleet routing, synchronizes operational data across connected systems, and maintains configurable reporting controls.",The platform includes configurable controls aligned with procurement and reporting requirements.,Deployment operations are managed through standardized onboarding procedures across customer operating environments.,Annual platform contracts; onboarding services; account support fees,Pricing combines annual subscription commitments with deployment and reporting service charges.,"Commercial growth is supported through industry conferences, pilot deployments, and executive referral networks.",1053234,7867349,58730,15 months,approved
AtlasBase,AtlasBase develops operational software used by specialty manufacturers responsible for patient scheduling. Funding from the current round supports implementation capacity and regional deployment activity.,proptech,series-a,5304613,AED,"Organizations responsible for patient scheduling frequently coordinate activity across disconnected operational systems, external vendors, and manual reporting processes.",specialty manufacturers,$11.2B annual operating market across 16 regions,"The platform centralizes records associated with patient scheduling, synchronizes operational data across connected systems, and maintains configurable reporting controls.",The software supports integration with operational systems commonly used across secondary markets.,Customer onboarding follows a structured implementation process across client operating environments with phased deployment support during rollout.,Annual platform contracts; onboarding services; account support fees,"Commercial agreements are priced according to transaction volume, deployment scope, and active operating locations.","Commercial growth is supported through industry conferences, pilot deployments, and executive referral networks.",1685042,20051158,221197,6 months,rejected
DeltaLogic,"DeltaLogic operates a software platform focused on credential verification for independent law firms. The business is seeking capital to expand integrations, onboarding resources, and account support operations.",edtech,seed,481322,USD,"Organizations responsible for credential verification frequently coordinate activity across disconnected operational systems, external vendors, and manual reporting processes.",independent law firms,$63.7B annual operating market across 13 regions,"The platform centralizes records associated with credential verification, synchronizes operational data across connected systems, and maintains configurable reporting controls.",The software supports integration with operational systems commonly used across secondary markets.,The implementation framework supports phased account deployment across distributed customer operating environments.,Annual platform contracts; onboarding services; account support fees,Customers are billed through recurring contracts indexed to usage activity and implementation requirements.,"The company sources accounts through regional partnerships, implementation relationships, and direct enterprise outreach.",391612,4023173,94899,25 months,approved
VectorMetrics,VectorMetrics develops operational software used by vocational institutes responsible for tenant documentation. Funding from the current round supports implementation capacity and regional deployment activity.,legaltech,pre-seed,563865,USD,"Organizations responsible for tenant documentation frequently coordinate activity across disconnected operational systems, external vendors, and manual reporting processes.",vocational institutes,$38.7B annual operating market across 14 regions,The product consolidates operational processes associated with tenant documentation into a unified management environment with configurable reporting logic.,The product maintains configurable workflow logic across customer operating environments.,Customer onboarding follows a structured implementation process across client operating environments with phased deployment support during rollout.,Annual platform contracts; onboarding services; account support fees,Pricing combines annual subscription commitments with deployment and reporting service charges.,"Commercial growth is supported through industry conferences, pilot deployments, and executive referral networks.",168003,5201602,171046,26 months,approved
OakBridge,"OakBridge provides workflow software for municipal transport operators managing maintenance scheduling. The company is raising capital to support deployment operations, implementation staffing, and commercial expansion activities.",ecommerce,pre-seed,716886,AED,"Organizations responsible for maintenance scheduling frequently coordinate activity across disconnected operational systems, external vendors, and manual reporting processes.",municipal transport operators,$47.8B annual operating market across 10 regions,The product consolidates operational processes associated with maintenance scheduling into a unified management environment with configurable reporting logic.,The software supports integration with operational systems commonly used across secondary markets.,Customer onboarding follows a structured implementation process across client operating environments with phased deployment support during rollout.,Annual platform contracts; onboarding services; account support fees,Pricing combines annual subscription commitments with deployment and reporting service charges.,"Commercial growth is supported through industry conferences, pilot deployments, and executive referral networks.",1235348,4389949,43509,16 months,approved
OakWorks,"OakWorks provides workflow software for warehouse operators managing patient scheduling. The company is raising capital to support deployment operations, implementation staffing, and commercial expansion activities.",logistics,series-a,715986,EUR,Teams handling patient scheduling often rely on fragmented workflows that require repeated reconciliation between internal records and third-party systems.,warehouse operators,$72.8B annual operating market across 11 regions,"The software standardizes workflows related to patient scheduling while maintaining audit visibility, operational tracking, and configurable access permissions.",The deployment architecture supports staged implementation across distributed operating environments.,Deployment operations are managed through standardized onboarding procedures across customer operating environments.,Annual platform contracts; onboarding services; account support fees,Customers are billed through recurring contracts indexed to usage activity and implementation requirements.,"Customer acquisition relies on procurement referrals, implementation partners, and sector-focused outbound sales activity.",138974,7539700,84089,25 months,approved
HarborLedger,HarborLedger develops operational software used by municipal transport operators responsible for inventory forecasting. Funding from the current round supports implementation capacity and regional deployment activity.,agritech,pre-seed,7386018,EUR,Teams handling inventory forecasting often rely on fragmented workflows that require repeated reconciliation between internal records and third-party systems.,municipal transport operators,$20.4B annual operating market across 6 regions,The product consolidates operational processes associated with inventory forecasting into a unified management environment with configurable reporting logic.,The deployment architecture supports staged implementation across distributed operating environments.,Customer onboarding follows a structured implementation process across client operating environments with phased deployment support during rollout.,Usage-based billing; workflow modules; integration support services,Customers are billed through recurring contracts indexed to usage activity and implementation requirements.,"The company sources accounts through regional partnerships, implementation relationships, and direct enterprise outreach.",257492,15190031,772499,7 months,rejected
ApexWorks,"ApexWorks operates a software platform focused on inventory forecasting for municipal transport operators. The business is seeking capital to expand integrations, onboarding resources, and account support operations.",legaltech,idea,2784242,EUR,Teams handling inventory forecasting often rely on fragmented workflows that require repeated reconciliation between internal records and third-party systems.,municipal transport operators,$20.5B annual operating market across 8 regions,The product consolidates operational processes associated with inventory forecasting into a unified management environment with configurable reporting logic.,The deployment architecture supports staged implementation across distributed operating environments.,Customer onboarding follows a structured implementation process across client operating environments with phased deployment support during rollout.,Usage-based billing; workflow modules; integration support services,Pricing combines annual subscription commitments with deployment and reporting service charges.,"The company sources accounts through regional partnerships, implementation relationships, and direct enterprise outreach.",1989777,9102940,500806,6 months,rejected
AtlasWorks,"AtlasWorks operates a software platform focused on crop procurement for vocational institutes. The business is seeking capital to expand integrations, onboarding resources, and account support operations.",saas,seed,806212,SGD,Companies managing crop procurement typically operate across multiple reporting systems that lack centralized operational visibility.,vocational institutes,$44.4B annual operating market across 11 regions,"The software standardizes workflows related to crop procurement while maintaining audit visibility, operational tracking, and configurable access permissions.",The product maintains configurable workflow logic across customer operating environments.,Deployment operations are managed through standardized onboarding procedures across customer operating environments.,Recurring software subscriptions; implementation retainers; reporting modules,Pricing combines annual subscription commitments with deployment and reporting service charges.,"The company sources accounts through regional partnerships, implementation relationships, and direct enterprise outreach.",319644,11428932,173554,25 months,approved
NorthMetrics,NorthMetrics develops operational software used by property managers responsible for fleet routing. Funding from the current round supports implementation capacity and regional deployment activity.,fintech,series-a,467262,GBP,"Organizations responsible for fleet routing frequently coordinate activity across disconnected operational systems, external vendors, and manual reporting processes.",property managers,$31.3B annual operating market across 8 regions,"The software standardizes workflows related to fleet routing while maintaining audit visibility, operational tracking, and configurable access permissions.",The deployment architecture supports staged implementation across distributed operating environments.,Customer onboarding follows a structured implementation process across client operating environments with phased deployment support during rollout.,Annual platform contracts; onboarding services; account support fees,Customers are billed through recurring contracts indexed to usage activity and implementation requirements.,"Commercial growth is supported through industry conferences, pilot deployments, and executive referral networks.",480470,11892385,92955,22 months,approved
SummitFlow,"SummitFlow provides workflow software for agricultural cooperatives managing maintenance scheduling. The company is raising capital to support deployment operations, implementation staffing, and commercial expansion activities.",saas,idea,1729484,EUR,Companies managing maintenance scheduling typically operate across multiple reporting systems that lack centralized operational visibility.,agricultural cooperatives,$17.8B annual operating market across 5 regions,The product consolidates operational processes associated with maintenance scheduling into a unified management environment with configurable reporting logic.,The platform includes configurable controls aligned with procurement and reporting requirements.,Deployment operations are managed through standardized onboarding procedures across customer operating environments.,Usage-based billing; workflow modules; integration support services,"Commercial agreements are priced according to transaction volume, deployment scope, and active operating locations.","Commercial growth is supported through industry conferences, pilot deployments, and executive referral networks.",1332051,7465682,117234,15 months,approved
OakBase,OakBase develops operational software used by regional clinics responsible for crop procurement. Funding from the current round supports implementation capacity and regional deployment activity.,saas,pre-seed,5109908,EUR,Companies managing crop procurement typically operate across multiple reporting systems that lack centralized operational visibility.,regional clinics,$9.8B annual operating market across 5 regions,"The software standardizes workflows related to crop procurement while maintaining audit visibility, operational tracking, and configurable access permissions.",The product maintains configurable workflow logic across customer operating environments.,The implementation framework supports phased account deployment across distributed customer operating environments.,Recurring software subscriptions; implementation retainers; reporting modules,Customers are billed through recurring contracts indexed to usage activity and implementation requirements.,"Customer acquisition relies on procurement referrals, implementation partners, and sector-focused outbound sales activity.",1647023,10599807,281746,7 months,rejected
DeltaMetrics,DeltaMetrics develops operational software used by regional clinics responsible for maintenance scheduling. Funding from the current round supports implementation capacity and regional deployment activity.,healthtech,idea,4100475,EUR,Companies managing maintenance scheduling typically operate across multiple reporting systems that lack centralized operational visibility.,regional clinics,$28.2B annual operating market across 9 regions,The product consolidates operational processes associated with maintenance scheduling into a unified management environment with configurable reporting logic.,The deployment architecture supports staged implementation across distributed operating environments.,Deployment operations are managed through standardized onboarding procedures across customer operating environments.,Annual platform contracts; onboarding services; account support fees,Pricing combines annual subscription commitments with deployment and reporting service charges.,"Commercial growth is supported through industry conferences, pilot deployments, and executive referral networks.",309089,21740071,931436,3 months,rejected
SummitMetrics,"SummitMetrics provides workflow software for agricultural cooperatives managing credential verification. The company is raising capital to support deployment operations, implementation staffing, and commercial expansion activities.",saas,idea,4456877,SGD,"Organizations responsible for credential verification frequently coordinate activity across disconnected operational systems, external vendors, and manual reporting processes.",agricultural cooperatives,$16.9B annual operating market across 11 regions,"The platform centralizes records associated with credential verification, synchronizes operational data across connected systems, and maintains configurable reporting controls.",The deployment architecture supports staged implementation across distributed operating environments.,Deployment operations are managed through standardized onboarding procedures across customer operating environments.,Recurring software subscriptions; implementation retainers; reporting modules,"Commercial agreements are priced according to transaction volume, deployment scope, and active operating locations.","The company sources accounts through regional partnerships, implementation relationships, and direct enterprise outreach.",177246,13421893,238961,4 months,rejected
GraniteWorks,"GraniteWorks operates a software platform focused on invoice reconciliation for independent law firms. The business is seeking capital to expand integrations, onboarding resources, and account support operations.",cleantech,series-a,8284947,EUR,"Organizations responsible for invoice reconciliation frequently coordinate activity across disconnected operational systems, external vendors, and manual reporting processes.",independent law firms,$26.7B annual operating market across 16 regions,The product consolidates operational processes associated with invoice reconciliation into a unified management environment with configurable reporting logic.,The software supports integration with operational systems commonly used across secondary markets.,The implementation framework supports phased account deployment across distributed customer operating environments.,Usage-based billing; workflow modules; integration support services,Pricing combines annual subscription commitments with deployment and reporting service charges.,"The company sources accounts through regional partnerships, implementation relationships, and direct enterprise outreach.",983038,11673913,504670,7 months,rejected
NorthBase,NorthBase develops operational software used by retail distributors responsible for patient scheduling. Funding from the current round supports implementation capacity and regional deployment activity.,healthtech,idea,2982297,GBP,"Organizations responsible for patient scheduling frequently coordinate activity across disconnected operational systems, external vendors, and manual reporting processes.",retail distributors,$68.9B annual operating market across 16 regions,"The software standardizes workflows related to patient scheduling while maintaining audit visibility, operational tracking, and configurable access permissions.",The platform includes configurable controls aligned with procurement and reporting requirements.,Deployment operations are managed through standardized onboarding procedures across customer operating environments.,Usage-based billing; workflow modules; integration support services,"Commercial agreements are priced according to transaction volume, deployment scope, and active operating locations.","The company sources accounts through regional partnerships, implementation relationships, and direct enterprise outreach.",19102,3278644,62787,25 months,approved
SummitLogic,"SummitLogic provides workflow software for vocational institutes managing maintenance scheduling. The company is raising capital to support deployment operations, implementation staffing, and commercial expansion activities.",edtech,seed,8053332,SGD,"Organizations responsible for maintenance scheduling frequently coordinate activity across disconnected operational systems, external vendors, and manual reporting processes.",vocational institutes,$20.3B annual operating market across 8 regions,"The software standardizes workflows related to maintenance scheduling while maintaining audit visibility, operational tracking, and configurable access permissions.",The platform includes configurable controls aligned with procurement and reporting requirements.,The implementation framework supports phased account deployment across distributed customer operating environments.,Recurring software subscriptions; implementation retainers; reporting modules,Pricing combines annual subscription commitments with deployment and reporting service charges.,"The company sources accounts through regional partnerships, implementation relationships, and direct enterprise outreach.",1231104,9884248,838555,7 months,rejected
NorthFlow,NorthFlow develops operational software used by property managers responsible for inventory forecasting. Funding from the current round supports implementation capacity and regional deployment activity.,legaltech,seed,3065867,USD,"Organizations responsible for inventory forecasting frequently coordinate activity across disconnected operational systems, external vendors, and manual reporting processes.",property managers,$17.2B annual operating market across 15 regions,"The platform centralizes records associated with inventory forecasting, synchronizes operational data across connected systems, and maintains configurable reporting controls.",The software supports integration with operational systems commonly used across secondary markets.,The implementation framework supports phased account deployment across distributed customer operating environments.,Annual platform contracts; onboarding services; account support fees,"Commercial agreements are priced according to transaction volume, deployment scope, and active operating locations.","The company sources accounts through regional partnerships, implementation relationships, and direct enterprise outreach.",1703702,6310291,178413,14 months,approved
DeltaSystems,DeltaSystems develops operational software used by regional clinics responsible for claims intake. Funding from the current round supports implementation capacity and regional deployment activity.,logistics,seed,2629697,GBP,Companies managing claims intake typically operate across multiple reporting systems that lack centralized operational visibility.,regional clinics,$21.2B annual operating market across 18 regions,"The platform centralizes records associated with claims intake, synchronizes operational data across connected systems, and maintains configurable reporting controls.",The deployment architecture supports staged implementation across distributed operating environments.,The implementation framework supports phased account deployment across distributed customer operating environments.,Usage-based billing; workflow modules; integration support services,Customers are billed through recurring contracts indexed to usage activity and implementation requirements.,"The company sources accounts through regional partnerships, implementation relationships, and direct enterprise outreach.",80432,8213756,138155,19 months,approved
SummitFlow,"SummitFlow operates a software platform focused on maintenance scheduling for property managers. The business is seeking capital to expand integrations, onboarding resources, and account support operations.",healthtech,series-a,4778137,USD,"Organizations responsible for maintenance scheduling frequently coordinate activity across disconnected operational systems, external vendors, and manual reporting processes.",property managers,$77.7B annual operating market across 12 regions,The product consolidates operational processes associated with maintenance scheduling into a unified management environment with configurable reporting logic.,The product maintains configurable workflow logic across customer operating environments.,Customer onboarding follows a structured implementation process across client operating environments with phased deployment support during rollout.,Annual platform contracts; onboarding services; account support fees,Customers are billed through recurring contracts indexed to usage activity and implementation requirements.,"Commercial growth is supported through industry conferences, pilot deployments, and executive referral networks.",1860957,22618640,583001,9 months,rejected
VectorLedger,VectorLedger develops operational software used by municipal transport operators responsible for invoice reconciliation. Funding from the current round supports implementation capacity and regional deployment activity.,edtech,series-a,6485782,SGD,"Organizations responsible for invoice reconciliation frequently coordinate activity across disconnected operational systems, external vendors, and manual reporting processes.",municipal transport operators,$11.1B annual operating market across 11 regions,"The platform centralizes records associated with invoice reconciliation, synchronizes operational data across connected systems, and maintains configurable reporting controls.",The deployment architecture supports staged implementation across distributed operating environments.,The implementation framework supports phased account deployment across distributed customer operating environments.,Usage-based billing; workflow modules; integration support services,Pricing combines annual subscription commitments with deployment and reporting service charges.,"The company sources accounts through regional partnerships, implementation relationships, and direct enterprise outreach.",536959,11995710,231289,9 months,rejected
SignalWorks,"SignalWorks operates a software platform focused on claims intake for regional clinics. The business is seeking capital to expand integrations, onboarding resources, and account support operations.",agritech,pre-seed,8815750,SGD,Teams handling claims intake often rely on fragmented workflows that require repeated reconciliation between internal records and third-party systems.,regional clinics,$79.9B annual operating market across 18 regions,The product consolidates operational processes associated with claims intake into a unified management environment with configurable reporting logic.,The platform includes configurable controls aligned with procurement and reporting requirements.,Deployment operations are managed through standardized onboarding procedures across customer operating environments.,Usage-based billing; workflow modules; integration support services,Customers are billed through recurring contracts indexed to usage activity and implementation requirements.,"The company sources accounts through regional partnerships, implementation relationships, and direct enterprise outreach.",771619,10792107,610869,3 months,rejected
HarborFlow,"HarborFlow provides workflow software for insurance brokers managing fleet routing. The company is raising capital to support deployment operations, implementation staffing, and commercial expansion activities.",fintech,pre-seed,6223063,EUR,Companies managing fleet routing typically operate across multiple reporting systems that lack centralized operational visibility.,insurance brokers,$52.9B annual operating market across 6 regions,"The platform centralizes records associated with fleet routing, synchronizes operational data across connected systems, and maintains configurable reporting controls.",The product maintains configurable workflow logic across customer operating environments.,Customer onboarding follows a structured implementation process across client operating environments with phased deployment support during rollout.,Annual platform contracts; onboarding services; account support fees,Pricing combines annual subscription commitments with deployment and reporting service charges.,"Customer acquisition relies on procurement referrals, implementation partners, and sector-focused outbound sales activity.",1894623,19826922,464478,9 months,rejected
SignalCloud,"SignalCloud operates a software platform focused on credential verification for specialty manufacturers. The business is seeking capital to expand integrations, onboarding resources, and account support operations.",fintech,pre-seed,2976994,SGD,Teams handling credential verification often rely on fragmented workflows that require repeated reconciliation between internal records and third-party systems.,specialty manufacturers,$33.9B annual operating market across 18 regions,"The platform centralizes records associated with credential verification, synchronizes operational data across connected systems, and maintains configurable reporting controls.",The deployment architecture supports staged implementation across distributed operating environments.,Customer onboarding follows a structured implementation process across client operating environments with phased deployment support during rollout.,Recurring software subscriptions; implementation retainers; reporting modules,Customers are billed through recurring contracts indexed to usage activity and implementation requirements.,"Customer acquisition relies on procurement referrals, implementation partners, and sector-focused outbound sales activity.",174812,10662594,117019,22 months,approved
GraniteMetrics,"GraniteMetrics operates a software platform focused on fleet routing for specialty manufacturers. The business is seeking capital to expand integrations, onboarding resources, and account support operations.",agritech,idea,8769843,AED,Companies managing fleet routing typically operate across multiple reporting systems that lack centralized operational visibility.,specialty manufacturers,$7.6B annual operating market across 9 regions,"The software standardizes workflows related to fleet routing while maintaining audit visibility, operational tracking, and configurable access permissions.",The product maintains configurable workflow logic across customer operating environments.,Deployment operations are managed through standardized onboarding procedures across customer operating environments.,Recurring software subscriptions; implementation retainers; reporting modules,Pricing combines annual subscription commitments with deployment and reporting service charges.,"Commercial growth is supported through industry conferences, pilot deployments, and executive referral networks.",1051753,8005889,742348,7 months,rejected
SummitSystems,"SummitSystems provides workflow software for agricultural cooperatives managing invoice reconciliation. The company is raising capital to support deployment operations, implementation staffing, and commercial expansion activities.",logistics,idea,521638,EUR,Companies managing invoice reconciliation typically operate across multiple reporting systems that lack centralized operational visibility.,agricultural cooperatives,$42.4B annual operating market across 8 regions,"The software standardizes workflows related to invoice reconciliation while maintaining audit visibility, operational tracking, and configurable access permissions.",The platform includes configurable controls aligned with procurement and reporting requirements.,Deployment operations are managed through standardized onboarding procedures across customer operating environments.,Annual platform contracts; onboarding services; account support fees,"Commercial agreements are priced according to transaction volume, deployment scope, and active operating locations.","Commercial growth is supported through industry conferences, pilot deployments, and executive referral networks.",717789,7157118,173485,16 months,approved
VectorSystems,"VectorSystems provides workflow software for municipal transport operators managing invoice reconciliation. The company is raising capital to support deployment operations, implementation staffing, and commercial expansion activities.",healthtech,seed,2799852,EUR,Teams handling invoice reconciliation often rely on fragmented workflows that require repeated reconciliation between internal records and third-party systems.,municipal transport operators,$62.3B annual operating market across 4 regions,"The software standardizes workflows related to invoice reconciliation while maintaining audit visibility, operational tracking, and configurable access permissions.",The deployment architecture supports staged implementation across distributed operating environments.,Customer onboarding follows a structured implementation process across client operating environments with phased deployment support during rollout.,Annual platform contracts; onboarding services; account support fees,Customers are billed through recurring contracts indexed to usage activity and implementation requirements.,"The company sources accounts through regional partnerships, implementation relationships, and direct enterprise outreach.",2160665,4707521,64167,19 months,approved
AtlasFlow,AtlasFlow develops operational software used by municipal transport operators responsible for invoice reconciliation. Funding from the current round supports implementation capacity and regional deployment activity.,fintech,pre-seed,1168827,USD,Companies managing invoice reconciliation typically operate across multiple reporting systems that lack centralized operational visibility.,municipal transport operators,$53.2B annual operating market across 17 regions,The product consolidates operational processes associated with invoice reconciliation into a unified management environment with configurable reporting logic.,The deployment architecture supports staged implementation across distributed operating environments.,Customer onboarding follows a structured implementation process across client operating environments with phased deployment support during rollout.,Recurring software subscriptions; implementation retainers; reporting modules,"Commercial agreements are priced according to transaction volume, deployment scope, and active operating locations.","Commercial growth is supported through industry conferences, pilot deployments, and executive referral networks.",1018926,7979915,41652,19 months,approved
NorthFlow,NorthFlow develops operational software used by vocational institutes responsible for fleet routing. Funding from the current round supports implementation capacity and regional deployment activity.,saas,idea,6087587,USD,Teams handling fleet routing often rely on fragmented workflows that require repeated reconciliation between internal records and third-party systems.,vocational institutes,$35.9B annual operating market across 5 regions,The product consolidates operational processes associated with fleet routing into a unified management environment with configurable reporting logic.,The deployment architecture supports staged implementation across distributed operating environments.,The implementation framework supports phased account deployment across distributed customer operating environments.,Usage-based billing; workflow modules; integration support services,"Commercial agreements are priced according to transaction volume, deployment scope, and active operating locations.","Commercial growth is supported through industry conferences, pilot deployments, and executive referral networks.",1012680,13523416,429959,4 months,rejected
DeltaSystems,"DeltaSystems provides workflow software for property managers managing maintenance scheduling. The company is raising capital to support deployment operations, implementation staffing, and commercial expansion activities.",fintech,seed,1545012,USD,Companies managing maintenance scheduling typically operate across multiple reporting systems that lack centralized operational visibility.,property managers,$36.3B annual operating market across 5 regions,The product consolidates operational processes associated with maintenance scheduling into a unified management environment with configurable reporting logic.,The deployment architecture supports staged implementation across distributed operating environments.,Customer onboarding follows a structured implementation process across client operating environments with phased deployment support during rollout.,Usage-based billing; workflow modules; integration support services,"Commercial agreements are priced according to transaction volume, deployment scope, and active operating locations.","Commercial growth is supported through industry conferences, pilot deployments, and executive referral networks.",516638,8596653,40279,24 months,approved
VectorPilot,"VectorPilot provides workflow software for retail distributors managing fleet routing. The company is raising capital to support deployment operations, implementation staffing, and commercial expansion activities.",agritech,seed,3025543,EUR,"Organizations responsible for fleet routing frequently coordinate activity across disconnected operational systems, external vendors, and manual reporting processes.",retail distributors,$11.1B annual operating market across 16 regions,"The software standardizes workflows related to fleet routing while maintaining audit visibility, operational tracking, and configurable access permissions.",The deployment architecture supports staged implementation across distributed operating environments.,Customer onboarding follows a structured implementation process across client operating environments with phased deployment support during rollout.,Annual platform contracts; onboarding services; account support fees,"Commercial agreements are priced according to transaction volume, deployment scope, and active operating locations.","The company sources accounts through regional partnerships, implementation relationships, and direct enterprise outreach.",1663070,9417341,657904,3 months,rejected
DeltaMetrics,DeltaMetrics develops operational software used by regional clinics responsible for inventory forecasting. Funding from the current round supports implementation capacity and regional deployment activity.,fintech,pre-seed,5993647,GBP,"Organizations responsible for inventory forecasting frequently coordinate activity across disconnected operational systems, external vendors, and manual reporting processes.",regional clinics,$7.5B annual operating market across 7 regions,The product consolidates operational processes associated with inventory forecasting into a unified management environment with configurable reporting logic.,The software supports integration with operational systems commonly used across secondary markets.,Customer onboarding follows a structured implementation process across client operating environments with phased deployment support during rollout.,Recurring software subscriptions; implementation retainers; reporting modules,Customers are billed through recurring contracts indexed to usage activity and implementation requirements.,"Commercial growth is supported through industry conferences, pilot deployments, and executive referral networks.",2374240,11784797,501720,4 months,rejected
DeltaBridge,DeltaBridge develops operational software used by municipal transport operators responsible for maintenance scheduling. Funding from the current round supports implementation capacity and regional deployment activity.,edtech,seed,6013065,EUR,Teams handling maintenance scheduling often rely on fragmented workflows that require repeated reconciliation between internal records and third-party systems.,municipal transport operators,$14.9B annual operating market across 14 regions,"The software standardizes workflows related to maintenance scheduling while maintaining audit visibility, operational tracking, and configurable access permissions.",The software supports integration with operational systems commonly used across secondary markets.,Customer onboarding follows a structured implementation process across client operating environments with phased deployment support during rollout.,Recurring software subscriptions; implementation retainers; reporting modules,Customers are billed through recurring contracts indexed to usage activity and implementation requirements.,"The company sources accounts through regional partnerships, implementation relationships, and direct enterprise outreach.",835909,8585027,844000,9 months,rejected
OakBase,"OakBase provides workflow software for vocational institutes managing patient scheduling. The company is raising capital to support deployment operations, implementation staffing, and commercial expansion activities.",saas,idea,6684428,EUR,Teams handling patient scheduling often rely on fragmented workflows that require repeated reconciliation between internal records and third-party systems.,vocational institutes,$7.0B annual operating market across 7 regions,"The platform centralizes records associated with patient scheduling, synchronizes operational data across connected systems, and maintains configurable reporting controls.",The platform includes configurable controls aligned with procurement and reporting requirements.,Customer onboarding follows a structured implementation process across client operating environments with phased deployment support during rollout.,Recurring software subscriptions; implementation retainers; reporting modules,Pricing combines annual subscription commitments with deployment and reporting service charges.,"Commercial growth is supported through industry conferences, pilot deployments, and executive referral networks.",219960,22766358,830519,3 months,rejected
AtlasMetrics,"AtlasMetrics operates a software platform focused on patient scheduling for independent law firms. The business is seeking capital to expand integrations, onboarding resources, and account support operations.",cleantech,idea,1005365,AED,"Organizations responsible for patient scheduling frequently coordinate activity across disconnected operational systems, external vendors, and manual reporting processes.",independent law firms,$65.2B annual operating market across 10 regions,The product consolidates operational processes associated with patient scheduling into a unified management environment with configurable reporting logic.,The deployment architecture supports staged implementation across distributed operating environments.,The implementation framework supports phased account deployment across distributed customer operating environments.,Recurring software subscriptions; implementation retainers; reporting modules,Pricing combines annual subscription commitments with deployment and reporting service charges.,"Commercial growth is supported through industry conferences, pilot deployments, and executive referral networks.",2000492,10705483,69487,25 months,approved
HarborLedger,"HarborLedger operates a software platform focused on maintenance scheduling for property managers. The business is seeking capital to expand integrations, onboarding resources, and account support operations.",legaltech,series-a,1896943,GBP,"Organizations responsible for maintenance scheduling frequently coordinate activity across disconnected operational systems, external vendors, and manual reporting processes.",property managers,$44.6B annual operating market across 15 regions,The product consolidates operational processes associated with maintenance scheduling into a unified management environment with configurable reporting logic.,The deployment architecture supports staged implementation across distributed operating environments.,Customer onboarding follows a structured implementation process across client operating environments with phased deployment support during rollout.,Usage-based billing; workflow modules; integration support services,Pricing combines annual subscription commitments with deployment and reporting service charges.,"Commercial growth is supported through industry conferences, pilot deployments, and executive referral networks.",1802032,3267142,128989,23 months,approved
GraniteLedger,"GraniteLedger provides workflow software for warehouse operators managing maintenance scheduling. The company is raising capital to support deployment operations, implementation staffing, and commercial expansion activities.",cleantech,idea,7019993,SGD,"Organizations responsible for maintenance scheduling frequently coordinate activity across disconnected operational systems, external vendors, and manual reporting processes.",warehouse operators,$43.3B annual operating market across 7 regions,"The software standardizes workflows related to maintenance scheduling while maintaining audit visibility, operational tracking, and configurable access permissions.",The platform includes configurable controls aligned with procurement and reporting requirements.,The implementation framework supports phased account deployment across distributed customer operating environments.,Recurring software subscriptions; implementation retainers; reporting modules,Pricing combines annual subscription commitments with deployment and reporting service charges.,"Customer acquisition relies on procurement referrals, implementation partners, and sector-focused outbound sales activity.",1112156,21987580,765549,8 months,rejected
OakFlow,"OakFlow operates a software platform focused on fleet routing for municipal transport operators. The business is seeking capital to expand integrations, onboarding resources, and account support operations.",saas,pre-seed,4614349,GBP,Companies managing fleet routing typically operate across multiple reporting systems that lack centralized operational visibility.,municipal transport operators,$8.5B annual operating market across 4 regions,"The platform centralizes records associated with fleet routing, synchronizes operational data across connected systems, and maintains configurable reporting controls.",The product maintains configurable workflow logic across customer operating environments.,Deployment operations are managed through standardized onboarding procedures across customer operating environments.,Usage-based billing; workflow modules; integration support services,Pricing combines annual subscription commitments with deployment and reporting service charges.,"The company sources accounts through regional partnerships, implementation relationships, and direct enterprise outreach.",576418,15772195,458362,9 months,rejected
AtlasMetrics,AtlasMetrics develops operational software used by independent law firms responsible for supplier onboarding. Funding from the current round supports implementation capacity and regional deployment activity.,cleantech,seed,4942901,USD,Teams handling supplier onboarding often rely on fragmented workflows that require repeated reconciliation between internal records and third-party systems.,independent law firms,$16.3B annual operating market across 4 regions,"The software standardizes workflows related to supplier onboarding while maintaining audit visibility, operational tracking, and configurable access permissions.",The deployment architecture supports staged implementation across distributed operating environments.,The implementation framework supports phased account deployment across distributed customer operating environments.,Recurring software subscriptions; implementation retainers; reporting modules,Pricing combines annual subscription commitments with deployment and reporting service charges.,"The company sources accounts through regional partnerships, implementation relationships, and direct enterprise outreach.",376084,8671212,857572,9 months,rejected
SignalLogic,"SignalLogic operates a software platform focused on fleet routing for municipal transport operators. The business is seeking capital to expand integrations, onboarding resources, and account support operations.",cleantech,seed,6159880,GBP,Teams handling fleet routing often rely on fragmented workflows that require repeated reconciliation between internal records and third-party systems.,municipal transport operators,$55.7B annual operating market across 4 regions,"The software standardizes workflows related to fleet routing while maintaining audit visibility, operational tracking, and configurable access permissions.",The software supports integration with operational systems commonly used across secondary markets.,Customer onboarding follows a structured implementation process across client operating environments with phased deployment support during rollout.,Usage-based billing; workflow modules; integration support services,"Commercial agreements are priced according to transaction volume, deployment scope, and active operating locations.","Commercial growth is supported through industry conferences, pilot deployments, and executive referral networks.",2493705,26504493,878064,6 months,rejected
SignalWorks,SignalWorks develops operational software used by vocational institutes responsible for crop procurement. Funding from the current round supports implementation capacity and regional deployment activity.,agritech,idea,3399538,AED,"Organizations responsible for crop procurement frequently coordinate activity across disconnected operational systems, external vendors, and manual reporting processes.",vocational institutes,$45.4B annual operating market across 10 regions,"The software standardizes workflows related to crop procurement while maintaining audit visibility, operational tracking, and configurable access permissions.",The deployment architecture supports staged implementation across distributed operating environments.,The implementation framework supports phased account deployment across distributed customer operating environments.,Annual platform contracts; onboarding services; account support fees,Customers are billed through recurring contracts indexed to usage activity and implementation requirements.,"The company sources accounts through regional partnerships, implementation relationships, and direct enterprise outreach.",260593,8534923,59489,24 months,approved
NorthMetrics,NorthMetrics develops operational software used by specialty manufacturers responsible for fleet routing. Funding from the current round supports implementation capacity and regional deployment activity.,legaltech,series-a,2395288,SGD,Companies managing fleet routing typically operate across multiple reporting systems that lack centralized operational visibility.,specialty manufacturers,$36.1B annual operating market across 17 regions,"The platform centralizes records associated with fleet routing, synchronizes operational data across connected systems, and maintains configurable reporting controls.",The product maintains configurable workflow logic across customer operating environments.,Customer onboarding follows a structured implementation process across client operating environments with phased deployment support during rollout.,Usage-based billing; workflow modules; integration support services,Customers are billed through recurring contracts indexed to usage activity and implementation requirements.,"Customer acquisition relies on procurement referrals, implementation partners, and sector-focused outbound sales activity.",1577320,4267867,177945,17 months,approved
SummitBridge,"SummitBridge operates a software platform focused on claims intake for independent law firms. The business is seeking capital to expand integrations, onboarding resources, and account support operations.",legaltech,pre-seed,2779719,GBP,"Organizations responsible for claims intake frequently coordinate activity across disconnected operational systems, external vendors, and manual reporting processes.",independent law firms,$69.8B annual operating market across 6 regions,"The software standardizes workflows related to claims intake while maintaining audit visibility, operational tracking, and configurable access permissions.",The platform includes configurable controls aligned with procurement and reporting requirements.,The implementation framework supports phased account deployment across distributed customer operating environments.,Usage-based billing; workflow modules; integration support services,Pricing combines annual subscription commitments with deployment and reporting service charges.,"Customer acquisition relies on procurement referrals, implementation partners, and sector-focused outbound sales activity.",2101578,2948090,91878,26 months,approved
OakLogic,OakLogic develops operational software used by regional clinics responsible for tenant documentation. Funding from the current round supports implementation capacity and regional deployment activity.,saas,pre-seed,4418953,AED,Companies managing tenant documentation typically operate across multiple reporting systems that lack centralized operational visibility.,regional clinics,$63.7B annual operating market across 14 regions,"The platform centralizes records associated with tenant documentation, synchronizes operational data across connected systems, and maintains configurable reporting controls.",The product maintains configurable workflow logic across customer operating environments.,The implementation framework supports phased account deployment across distributed customer operating environments.,Annual platform contracts; onboarding services; account support fees,Pricing combines annual subscription commitments with deployment and reporting service charges.,"The company sources accounts through regional partnerships, implementation relationships, and direct enterprise outreach.",1518346,26272919,847071,8 months,rejected
ApexPilot,"ApexPilot provides workflow software for municipal transport operators managing inventory forecasting. The company is raising capital to support deployment operations, implementation staffing, and commercial expansion activities.",edtech,seed,8709872,USD,"Organizations responsible for inventory forecasting frequently coordinate activity across disconnected operational systems, external vendors, and manual reporting processes.",municipal transport operators,$66.5B annual operating market across 7 regions,"The software standardizes workflows related to inventory forecasting while maintaining audit visibility, operational tracking, and configurable access permissions.",The product maintains configurable workflow logic across customer operating environments.,Customer onboarding follows a structured implementation process across client operating environments with phased deployment support during rollout.,Annual platform contracts; onboarding services; account support fees,Customers are billed through recurring contracts indexed to usage activity and implementation requirements.,"Commercial growth is supported through industry conferences, pilot deployments, and executive referral networks.",270226,17789185,401562,9 months,rejected
NorthPilot,"NorthPilot operates a software platform focused on inventory forecasting for vocational institutes. The business is seeking capital to expand integrations, onboarding resources, and account support operations.",agritech,pre-seed,6750317,AED,Companies managing inventory forecasting typically operate across multiple reporting systems that lack centralized operational visibility.,vocational institutes,$49.1B annual operating market across 18 regions,"The software standardizes workflows related to inventory forecasting while maintaining audit visibility, operational tracking, and configurable access permissions.",The product maintains configurable workflow logic across customer operating environments.,Deployment operations are managed through standardized onboarding procedures across customer operating environments.,Recurring software subscriptions; implementation retainers; reporting modules,Pricing combines annual subscription commitments with deployment and reporting service charges.,"The company sources accounts through regional partnerships, implementation relationships, and direct enterprise outreach.",548938,29207317,675777,5 months,rejected
AtlasSystems,"AtlasSystems provides workflow software for agricultural cooperatives managing claims intake. The company is raising capital to support deployment operations, implementation staffing, and commercial expansion activities.",fintech,idea,2300400,SGD,"Organizations responsible for claims intake frequently coordinate activity across disconnected operational systems, external vendors, and manual reporting processes.",agricultural cooperatives,$14.7B annual operating market across 5 regions,The product consolidates operational processes associated with claims intake into a unified management environment with configurable reporting logic.,The software supports integration with operational systems commonly used across secondary markets.,Deployment operations are managed through standardized onboarding procedures across customer operating environments.,Recurring software subscriptions; implementation retainers; reporting modules,"Commercial agreements are priced according to transaction volume, deployment scope, and active operating locations.","Customer acquisition relies on procurement referrals, implementation partners, and sector-focused outbound sales activity.",1265244,8670255,51656,25 months,approved
VectorMetrics,VectorMetrics develops operational software used by vocational institutes responsible for tenant documentation. Funding from the current round supports implementation capacity and regional deployment activity.,legaltech,pre-seed,4418555,USD,"Organizations responsible for tenant documentation frequently coordinate activity across disconnected operational systems, external vendors, and manual reporting processes.",vocational institutes,$38.7B annual operating market across 14 regions,The product consolidates operational processes associated with tenant documentation into a unified management environment with configurable reporting logic.,The product maintains configurable workflow logic across customer operating environments.,Customer onboarding follows a structured implementation process across client operating environments with phased deployment support during rollout.,Annual platform contracts; onboarding services; account support fees,Pricing combines annual subscription commitments with deployment and reporting service charges.,"Commercial growth is supported through industry conferences, pilot deployments, and executive referral networks.",921486,27931982,868349,9 months,rejected
SummitSystems,"SummitSystems provides workflow software for vocational institutes managing maintenance scheduling. The company is raising capital to support deployment operations, implementation staffing, and commercial expansion activities.",cleantech,seed,2771440,SGD,"Organizations responsible for maintenance scheduling frequently coordinate activity across disconnected operational systems, external vendors, and manual reporting processes.",vocational institutes,$17.2B annual operating market across 14 regions,The product consolidates operational processes associated with maintenance scheduling into a unified management environment with configurable reporting logic.,The platform includes configurable controls aligned with procurement and reporting requirements.,Customer onboarding follows a structured implementation process across client operating environments with phased deployment support during rollout.,Recurring software subscriptions; implementation retainers; reporting modules,Customers are billed through recurring contracts indexed to usage activity and implementation requirements.,"Customer acquisition relies on procurement referrals, implementation partners, and sector-focused outbound sales activity.",329432,10164379,674887,6 months,rejected
NorthBase,"NorthBase operates a software platform focused on invoice reconciliation for specialty manufacturers. The business is seeking capital to expand integrations, onboarding resources, and account support operations.",cleantech,series-a,3562750,GBP,"Organizations responsible for invoice reconciliation frequently coordinate activity across disconnected operational systems, external vendors, and manual reporting processes.",specialty manufacturers,$24.8B annual operating market across 11 regions,"The software standardizes workflows related to invoice reconciliation while maintaining audit visibility, operational tracking, and configurable access permissions.",The software supports integration with operational systems commonly used across secondary markets.,Deployment operations are managed through standardized onboarding procedures across customer operating environments.,Usage-based billing; workflow modules; integration support services,Pricing combines annual subscription commitments with deployment and reporting service charges.,"Commercial growth is supported through industry conferences, pilot deployments, and executive referral networks.",1961528,22477934,336446,4 months,rejected
SummitSystems,"SummitSystems provides workflow software for agricultural cooperatives managing invoice reconciliation. The company is raising capital to support deployment operations, implementation staffing, and commercial expansion activities.",logistics,idea,5768733,EUR,Companies managing invoice reconciliation typically operate across multiple reporting systems that lack centralized operational visibility.,agricultural cooperatives,$42.4B annual operating market across 8 regions,"The software standardizes workflows related to invoice reconciliation while maintaining audit visibility, operational tracking, and configurable access permissions.",The platform includes configurable controls aligned with procurement and reporting requirements.,Deployment operations are managed through standardized onboarding procedures across customer operating environments.,Annual platform contracts; onboarding services; account support fees,"Commercial agreements are priced according to transaction volume, deployment scope, and active operating locations.","Commercial growth is supported through industry conferences, pilot deployments, and executive referral networks.",2278192,24268041,357261,7 months,rejected
ApexMetrics,"ApexMetrics operates a software platform focused on claims intake for specialty manufacturers. The business is seeking capital to expand integrations, onboarding resources, and account support operations.",saas,series-a,1983214,AED,Companies managing claims intake typically operate across multiple reporting systems that lack centralized operational visibility.,specialty manufacturers,$13.6B annual operating market across 9 regions,"The software standardizes workflows related to claims intake while maintaining audit visibility, operational tracking, and configurable access permissions.",The software supports integration with operational systems commonly used across secondary markets.,The implementation framework supports phased account deployment across distributed customer operating environments.,Usage-based billing; workflow modules; integration support services,"Commercial agreements are priced according to transaction volume, deployment scope, and active operating locations.","Commercial growth is supported through industry conferences, pilot deployments, and executive referral networks.",114893,8315809,74190,17 months,approved
SummitPilot,"SummitPilot provides workflow software for regional clinics managing patient scheduling. The company is raising capital to support deployment operations, implementation staffing, and commercial expansion activities.",logistics,series-a,5602478,AED,Teams handling patient scheduling often rely on fragmented workflows that require repeated reconciliation between internal records and third-party systems.,regional clinics,$63.9B annual operating market across 6 regions,The product consolidates operational processes associated with patient scheduling into a unified management environment with configurable reporting logic.,The product maintains configurable workflow logic across customer operating environments.,Deployment operations are managed through standardized onboarding procedures across customer operating environments.,Recurring software subscriptions; implementation retainers; reporting modules,Customers are billed through recurring contracts indexed to usage activity and implementation requirements.,"Commercial growth is supported through industry conferences, pilot deployments, and executive referral networks.",1547291,8321306,591011,7 months,rejected
DeltaCloud,"DeltaCloud provides workflow software for warehouse operators managing invoice reconciliation. The company is raising capital to support deployment operations, implementation staffing, and commercial expansion activities.",fintech,idea,7639884,AED,Companies managing invoice reconciliation typically operate across multiple reporting systems that lack centralized operational visibility.,warehouse operators,$43.0B annual operating market across 18 regions,The product consolidates operational processes associated with invoice reconciliation into a unified management environment with configurable reporting logic.,The software supports integration with operational systems commonly used across secondary markets.,Deployment operations are managed through standardized onboarding procedures across customer operating environments.,Usage-based billing; workflow modules; integration support services,Pricing combines annual subscription commitments with deployment and reporting service charges.,"Commercial growth is supported through industry conferences, pilot deployments, and executive referral networks.",1787769,14326725,403631,5 months,rejected
OakSystems,OakSystems develops operational software used by independent law firms responsible for supplier onboarding. Funding from the current round supports implementation capacity and regional deployment activity.,logistics,series-a,1538803,GBP,Companies managing supplier onboarding typically operate across multiple reporting systems that lack centralized operational visibility.,independent law firms,$35.7B annual operating market across 5 regions,"The platform centralizes records associated with supplier onboarding, synchronizes operational data across connected systems, and maintains configurable reporting controls.",The software supports integration with operational systems commonly used across secondary markets.,The implementation framework supports phased account deployment across distributed customer operating environments.,Usage-based billing; workflow modules; integration support services,Customers are billed through recurring contracts indexed to usage activity and implementation requirements.,"Commercial growth is supported through industry conferences, pilot deployments, and executive referral networks.",1398861,11977288,89813,24 months,approved
GraniteWorks,"GraniteWorks provides workflow software for retail distributors managing claims intake. The company is raising capital to support deployment operations, implementation staffing, and commercial expansion activities.",saas,seed,8783783,EUR,Companies managing claims intake typically operate across multiple reporting systems that lack centralized operational visibility.,retail distributors,$80.9B annual operating market across 10 regions,The product consolidates operational processes associated with claims intake into a unified management environment with configurable reporting logic.,The product maintains configurable workflow logic across customer operating environments.,Deployment operations are managed through standardized onboarding procedures across customer operating environments.,Usage-based billing; workflow modules; integration support services,"Commercial agreements are priced according to transaction volume, deployment scope, and active operating locations.","The company sources accounts through regional partnerships, implementation relationships, and direct enterprise outreach.",1156511,8143472,848495,9 months,rejected
SignalPilot,"SignalPilot provides workflow software for retail distributors managing supplier onboarding. The company is raising capital to support deployment operations, implementation staffing, and commercial expansion activities.",logistics,series-a,1010855,USD,Companies managing supplier onboarding typically operate across multiple reporting systems that lack centralized operational visibility.,retail distributors,$74.8B annual operating market across 5 regions,The product consolidates operational processes associated with supplier onboarding into a unified management environment with configurable reporting logic.,The software supports integration with operational systems commonly used across secondary markets.,Customer onboarding follows a structured implementation process across client operating environments with phased deployment support during rollout.,Usage-based billing; workflow modules; integration support services,Customers are billed through recurring contracts indexed to usage activity and implementation requirements.,"The company sources accounts through regional partnerships, implementation relationships, and direct enterprise outreach.",377221,2563734,115649,24 months,approved
SignalBridge,SignalBridge develops operational software used by specialty manufacturers responsible for patient scheduling. Funding from the current round supports implementation capacity and regional deployment activity.,ecommerce,seed,7393419,USD,"Organizations responsible for patient scheduling frequently coordinate activity across disconnected operational systems, external vendors, and manual reporting processes.",specialty manufacturers,$63.2B annual operating market across 4 regions,"The software standardizes workflows related to patient scheduling while maintaining audit visibility, operational tracking, and configurable access permissions.",The software supports integration with operational systems commonly used across secondary markets.,Customer onboarding follows a structured implementation process across client operating environments with phased deployment support during rollout.,Annual platform contracts; onboarding services; account support fees,"Commercial agreements are priced according to transaction volume, deployment scope, and active operating locations.","Commercial growth is supported through industry conferences, pilot deployments, and executive referral networks.",1627886,16453908,631657,8 months,rejected
DeltaCloud,"DeltaCloud provides workflow software for agricultural cooperatives managing maintenance scheduling. The company is raising capital to support deployment operations, implementation staffing, and commercial expansion activities.",legaltech,seed,2749946,USD,"Organizations responsible for maintenance scheduling frequently coordinate activity across disconnected operational systems, external vendors, and manual reporting processes.",agricultural cooperatives,$37.4B annual operating market across 12 regions,"The software standardizes workflows related to maintenance scheduling while maintaining audit visibility, operational tracking, and configurable access permissions.",The product maintains configurable workflow logic across customer operating environments.,Deployment operations are managed through standardized onboarding procedures across customer operating environments.,Recurring software subscriptions; implementation retainers; reporting modules,"Commercial agreements are priced according to transaction volume, deployment scope, and active operating locations.","The company sources accounts through regional partnerships, implementation relationships, and direct enterprise outreach.",1229496,11423072,286993,4 months,rejected
HarborWorks,"HarborWorks provides workflow software for agricultural cooperatives managing fleet routing. The company is raising capital to support deployment operations, implementation staffing, and commercial expansion activities.",cleantech,series-a,3284483,GBP,"Organizations responsible for fleet routing frequently coordinate activity across disconnected operational systems, external vendors, and manual reporting processes.",agricultural cooperatives,$22.4B annual operating market across 7 regions,The product consolidates operational processes associated with fleet routing into a unified management environment with configurable reporting logic.,The platform includes configurable controls aligned with procurement and reporting requirements.,Customer onboarding follows a structured implementation process across client operating environments with phased deployment support during rollout.,Recurring software subscriptions; implementation retainers; reporting modules,Customers are billed through recurring contracts indexed to usage activity and implementation requirements.,"Commercial growth is supported through industry conferences, pilot deployments, and executive referral networks.",252425,20643698,618458,6 months,rejected
SummitWorks,"SummitWorks provides workflow software for independent law firms managing credential verification. The company is raising capital to support deployment operations, implementation staffing, and commercial expansion activities.",saas,pre-seed,7220934,SGD,Teams handling credential verification often rely on fragmented workflows that require repeated reconciliation between internal records and third-party systems.,independent law firms,$8.5B annual operating market across 14 regions,"The software standardizes workflows related to credential verification while maintaining audit visibility, operational tracking, and configurable access permissions.",The product maintains configurable workflow logic across customer operating environments.,The implementation framework supports phased account deployment across distributed customer operating environments.,Annual platform contracts; onboarding services; account support fees,"Commercial agreements are priced according to transaction volume, deployment scope, and active operating locations.","The company sources accounts through regional partnerships, implementation relationships, and direct enterprise outreach.",371800,11925450,314098,9 months,rejected
OakMetrics,"OakMetrics provides workflow software for vocational institutes managing claims intake. The company is raising capital to support deployment operations, implementation staffing, and commercial expansion activities.",proptech,idea,5808862,SGD,"Organizations responsible for claims intake frequently coordinate activity across disconnected operational systems, external vendors, and manual reporting processes.",vocational institutes,$73.1B annual operating market across 14 regions,"The software standardizes workflows related to claims intake while maintaining audit visibility, operational tracking, and configurable access permissions.",The product maintains configurable workflow logic across customer operating environments.,Deployment operations are managed through standardized onboarding procedures across customer operating environments.,Annual platform contracts; onboarding services; account support fees,"Commercial agreements are priced according to transaction volume, deployment scope, and active operating locations.","The company sources accounts through regional partnerships, implementation relationships, and direct enterprise outreach.",1312104,16044445,500407,8 months,rejected
ApexSystems,ApexSystems develops operational software used by insurance brokers responsible for maintenance scheduling. Funding from the current round supports implementation capacity and regional deployment activity.,proptech,idea,8552642,AED,Companies managing maintenance scheduling typically operate across multiple reporting systems that lack centralized operational visibility.,insurance brokers,$68.3B annual operating market across 18 regions,"The platform centralizes records associated with maintenance scheduling, synchronizes operational data across connected systems, and maintains configurable reporting controls.",The product maintains configurable workflow logic across customer operating environments.,The implementation framework supports phased account deployment across distributed customer operating environments.,Usage-based billing; workflow modules; integration support services,Customers are billed through recurring contracts indexed to usage activity and implementation requirements.,"The company sources accounts through regional partnerships, implementation relationships, and direct enterprise outreach.",1252449,13192060,853343,3 months,rejected
ApexWorks,"ApexWorks operates a software platform focused on supplier onboarding for retail distributors. The business is seeking capital to expand integrations, onboarding resources, and account support operations.",fintech,pre-seed,4420015,AED,"Organizations responsible for supplier onboarding frequently coordinate activity across disconnected operational systems, external vendors, and manual reporting processes.",retail distributors,$22.1B annual operating market across 16 regions,"The software standardizes workflows related to supplier onboarding while maintaining audit visibility, operational tracking, and configurable access permissions.",The platform includes configurable controls aligned with procurement and reporting requirements.,Customer onboarding follows a structured implementation process across client operating environments with phased deployment support during rollout.,Usage-based billing; workflow modules; integration support services,Pricing combines annual subscription commitments with deployment and reporting service charges.,"Customer acquisition relies on procurement referrals, implementation partners, and sector-focused outbound sales activity.",1897321,9675170,614842,4 months,rejected
ApexLedger,"ApexLedger operates a software platform focused on tenant documentation for vocational institutes. The business is seeking capital to expand integrations, onboarding resources, and account support operations.",cleantech,idea,2029220,AED,"Organizations responsible for tenant documentation frequently coordinate activity across disconnected operational systems, external vendors, and manual reporting processes.",vocational institutes,$14.1B annual operating market across 5 regions,The product consolidates operational processes associated with tenant documentation into a unified management environment with configurable reporting logic.,The deployment architecture supports staged implementation across distributed operating environments.,Deployment operations are managed through standardized onboarding procedures across customer operating environments.,Annual platform contracts; onboarding services; account support fees,Pricing combines annual subscription commitments with deployment and reporting service charges.,"Commercial growth is supported through industry conferences, pilot deployments, and executive referral networks.",2079267,10179867,155480,21 months,approved
ApexFlow,"ApexFlow provides workflow software for agricultural cooperatives managing patient scheduling. The company is raising capital to support deployment operations, implementation staffing, and commercial expansion activities.",healthtech,idea,708971,EUR,Companies managing patient scheduling typically operate across multiple reporting systems that lack centralized operational visibility.,agricultural cooperatives,$34.4B annual operating market across 6 regions,"The platform centralizes records associated with patient scheduling, synchronizes operational data across connected systems, and maintains configurable reporting controls.",The platform includes configurable controls aligned with procurement and reporting requirements.,Deployment operations are managed through standardized onboarding procedures across customer operating environments.,Recurring software subscriptions; implementation retainers; reporting modules,Customers are billed through recurring contracts indexed to usage activity and implementation requirements.,"Customer acquisition relies on procurement referrals, implementation partners, and sector-focused outbound sales activity.",1462936,11264126,84067,15 months,approved
DeltaWorks,"DeltaWorks provides workflow software for municipal transport operators managing crop procurement. The company is raising capital to support deployment operations, implementation staffing, and commercial expansion activities.",legaltech,pre-seed,725911,SGD,"Organizations responsible for crop procurement frequently coordinate activity across disconnected operational systems, external vendors, and manual reporting processes.",municipal transport operators,$9.1B annual operating market across 11 regions,The product consolidates operational processes associated with crop procurement into a unified management environment with configurable reporting logic.,The deployment architecture supports staged implementation across distributed operating environments.,Customer onboarding follows a structured implementation process across client operating environments with phased deployment support during rollout.,Annual platform contracts; onboarding services; account support fees,Pricing combines annual subscription commitments with deployment and reporting service charges.,"Commercial growth is supported through industry conferences, pilot deployments, and executive referral networks.",64198,11501901,60310,14 months,approved
NorthPilot,"NorthPilot operates a software platform focused on supplier onboarding for independent law firms. The business is seeking capital to expand integrations, onboarding resources, and account support operations.",cleantech,pre-seed,3493726,EUR,Companies managing supplier onboarding typically operate across multiple reporting systems that lack centralized operational visibility.,independent law firms,$37.9B annual operating market across 11 regions,"The software standardizes workflows related to supplier onboarding while maintaining audit visibility, operational tracking, and configurable access permissions.",The platform includes configurable controls aligned with procurement and reporting requirements.,Deployment operations are managed through standardized onboarding procedures across customer operating environments.,Recurring software subscriptions; implementation retainers; reporting modules,Customers are billed through recurring contracts indexed to usage activity and implementation requirements.,"The company sources accounts through regional partnerships, implementation relationships, and direct enterprise outreach.",815712,6909363,891018,7 months,rejected
VectorPilot,"VectorPilot provides workflow software for property managers managing invoice reconciliation. The company is raising capital to support deployment operations, implementation staffing, and commercial expansion activities.",ecommerce,pre-seed,2721215,EUR,Teams handling invoice reconciliation often rely on fragmented workflows that require repeated reconciliation between internal records and third-party systems.,property managers,$45.8B annual operating market across 11 regions,"The software standardizes workflows related to invoice reconciliation while maintaining audit visibility, operational tracking, and configurable access permissions.",The deployment architecture supports staged implementation across distributed operating environments.,Deployment operations are managed through standardized onboarding procedures across customer operating environments.,Usage-based billing; workflow modules; integration support services,Pricing combines annual subscription commitments with deployment and reporting service charges.,"Customer acquisition relies on procurement referrals, implementation partners, and sector-focused outbound sales activity.",1816707,9330035,157611,24 months,approved
GraniteMetrics,GraniteMetrics develops operational software used by vocational institutes responsible for fleet routing. Funding from the current round supports implementation capacity and regional deployment activity.,agritech,seed,8251532,EUR,"Organizations responsible for fleet routing frequently coordinate activity across disconnected operational systems, external vendors, and manual reporting processes.",vocational institutes,$11.5B annual operating market across 8 regions,"The software standardizes workflows related to fleet routing while maintaining audit visibility, operational tracking, and configurable access permissions.",The product maintains configurable workflow logic across customer operating environments.,Customer onboarding follows a structured implementation process across client operating environments with phased deployment support during rollout.,Annual platform contracts; onboarding services; account support fees,"Commercial agreements are priced according to transaction volume, deployment scope, and active operating locations.","Commercial growth is supported through industry conferences, pilot deployments, and executive referral networks.",872286,27113896,802043,9 months,rejected
SignalWorks,SignalWorks develops operational software used by retail distributors responsible for tenant documentation. Funding from the current round supports implementation capacity and regional deployment activity.,ecommerce,idea,6658105,SGD,Companies managing tenant documentation typically operate across multiple reporting systems that lack centralized operational visibility.,retail distributors,$26.5B annual operating market across 6 regions,"The platform centralizes records associated with tenant documentation, synchronizes operational data across connected systems, and maintains configurable reporting controls.",The product maintains configurable workflow logic across customer operating environments.,Deployment operations are managed through standardized onboarding procedures across customer operating environments.,Annual platform contracts; onboarding services; account support fees,Pricing combines annual subscription commitments with deployment and reporting service charges.,"The company sources accounts through regional partnerships, implementation relationships, and direct enterprise outreach.",1128885,14392115,830892,4 months,rejected
VectorLedger,VectorLedger develops operational software used by municipal transport operators responsible for invoice reconciliation. Funding from the current round supports implementation capacity and regional deployment activity.,edtech,series-a,1946368,SGD,"Organizations responsible for invoice reconciliation frequently coordinate activity across disconnected operational systems, external vendors, and manual reporting processes.",municipal transport operators,$11.1B annual operating market across 11 regions,"The platform centralizes records associated with invoice reconciliation, synchronizes operational data across connected systems, and maintains configurable reporting controls.",The deployment architecture supports staged implementation across distributed operating environments.,The implementation framework supports phased account deployment across distributed customer operating environments.,Usage-based billing; workflow modules; integration support services,Pricing combines annual subscription commitments with deployment and reporting service charges.,"The company sources accounts through regional partnerships, implementation relationships, and direct enterprise outreach.",2130037,3808092,91917,17 months,approved
HarborMetrics,"HarborMetrics provides workflow software for retail distributors managing crop procurement. The company is raising capital to support deployment operations, implementation staffing, and commercial expansion activities.",healthtech,idea,2487665,GBP,Teams handling crop procurement often rely on fragmented workflows that require repeated reconciliation between internal records and third-party systems.,retail distributors,$70.6B annual operating market across 14 regions,The product consolidates operational processes associated with crop procurement into a unified management environment with configurable reporting logic.,The deployment architecture supports staged implementation across distributed operating environments.,The implementation framework supports phased account deployment across distributed customer operating environments.,Annual platform contracts; onboarding services; account support fees,Customers are billed through recurring contracts indexed to usage activity and implementation requirements.,"Commercial growth is supported through industry conferences, pilot deployments, and executive referral networks.",1324195,10255366,54774,15 months,approved
NorthPilot,"NorthPilot operates a software platform focused on supplier onboarding for independent law firms. The business is seeking capital to expand integrations, onboarding resources, and account support operations.",cleantech,pre-seed,2835599,EUR,Companies managing supplier onboarding typically operate across multiple reporting systems that lack centralized operational visibility.,independent law firms,$37.9B annual operating market across 11 regions,"The software standardizes workflows related to supplier onboarding while maintaining audit visibility, operational tracking, and configurable access permissions.",The platform includes configurable controls aligned with procurement and reporting requirements.,Deployment operations are managed through standardized onboarding procedures across customer operating environments.,Recurring software subscriptions; implementation retainers; reporting modules,Customers are billed through recurring contracts indexed to usage activity and implementation requirements.,"The company sources accounts through regional partnerships, implementation relationships, and direct enterprise outreach.",997781,5003249,106339,17 months,approved
SignalWorks,"SignalWorks operates a software platform focused on tenant documentation for municipal transport operators. The business is seeking capital to expand integrations, onboarding resources, and account support operations.",agritech,series-a,5952162,SGD,"Organizations responsible for tenant documentation frequently coordinate activity across disconnected operational systems, external vendors, and manual reporting processes.",municipal transport operators,$13.5B annual operating market across 10 regions,"The software standardizes workflows related to tenant documentation while maintaining audit visibility, operational tracking, and configurable access permissions.",The software supports integration with operational systems commonly used across secondary markets.,Deployment operations are managed through standardized onboarding procedures across customer operating environments.,Usage-based billing; workflow modules; integration support services,Customers are billed through recurring contracts indexed to usage activity and implementation requirements.,"The company sources accounts through regional partnerships, implementation relationships, and direct enterprise outreach.",1482154,10434930,842120,9 months,rejected
ApexLedger,"ApexLedger operates a software platform focused on fleet routing for property managers. The business is seeking capital to expand integrations, onboarding resources, and account support operations.",healthtech,seed,2704416,GBP,Companies managing fleet routing typically operate across multiple reporting systems that lack centralized operational visibility.,property managers,$58.8B annual operating market across 13 regions,The product consolidates operational processes associated with fleet routing into a unified management environment with configurable reporting logic.,The deployment architecture supports staged implementation across distributed operating environments.,The implementation framework supports phased account deployment across distributed customer operating environments.,Annual platform contracts; onboarding services; account support fees,Pricing combines annual subscription commitments with deployment and reporting service charges.,"Customer acquisition relies on procurement referrals, implementation partners, and sector-focused outbound sales activity.",247797,3256880,141298,16 months,approved
HarborWorks,HarborWorks develops operational software used by retail distributors responsible for patient scheduling. Funding from the current round supports implementation capacity and regional deployment activity.,fintech,idea,6696240,SGD,"Organizations responsible for patient scheduling frequently coordinate activity across disconnected operational systems, external vendors, and manual reporting processes.",retail distributors,$37.0B annual operating market across 5 regions,The product consolidates operational processes associated with patient scheduling into a unified management environment with configurable reporting logic.,The deployment architecture supports staged implementation across distributed operating environments.,Deployment operations are managed through standardized onboarding procedures across customer operating environments.,Usage-based billing; workflow modules; integration support services,Customers are billed through recurring contracts indexed to usage activity and implementation requirements.,"The company sources accounts through regional partnerships, implementation relationships, and direct enterprise outreach.",23833,22767176,910138,9 months,rejected
AtlasSystems,"AtlasSystems provides workflow software for agricultural cooperatives managing credential verification. The company is raising capital to support deployment operations, implementation staffing, and commercial expansion activities.",saas,seed,4538068,GBP,Teams handling credential verification often rely on fragmented workflows that require repeated reconciliation between internal records and third-party systems.,agricultural cooperatives,$56.2B annual operating market across 5 regions,The product consolidates operational processes associated with credential verification into a unified management environment with configurable reporting logic.,The deployment architecture supports staged implementation across distributed operating environments.,Customer onboarding follows a structured implementation process across client operating environments with phased deployment support during rollout.,Annual platform contracts; onboarding services; account support fees,Customers are billed through recurring contracts indexed to usage activity and implementation requirements.,"Commercial growth is supported through industry conferences, pilot deployments, and executive referral networks.",2268701,11291539,639612,8 months,rejected
GraniteLogic,"GraniteLogic operates a software platform focused on maintenance scheduling for property managers. The business is seeking capital to expand integrations, onboarding resources, and account support operations.",cleantech,seed,3789766,AED,Companies managing maintenance scheduling typically operate across multiple reporting systems that lack centralized operational visibility.,property managers,$11.6B annual operating market across 11 regions,The product consolidates operational processes associated with maintenance scheduling into a unified management environment with configurable reporting logic.,The product maintains configurable workflow logic across customer operating environments.,The implementation framework supports phased account deployment across distributed customer operating environments.,Recurring software subscriptions; implementation retainers; reporting modules,Customers are billed through recurring contracts indexed to usage activity and implementation requirements.,"The company sources accounts through regional partnerships, implementation relationships, and direct enterprise outreach.",371659,29899789,410801,4 months,rejected
GraniteFlow,GraniteFlow develops operational software used by municipal transport operators responsible for claims intake. Funding from the current round supports implementation capacity and regional deployment activity.,proptech,pre-seed,8479124,USD,Teams handling claims intake often rely on fragmented workflows that require repeated reconciliation between internal records and third-party systems.,municipal transport operators,$74.2B annual operating market across 12 regions,"The software standardizes workflows related to claims intake while maintaining audit visibility, operational tracking, and configurable access permissions.",The software supports integration with operational systems commonly used across secondary markets.,Deployment operations are managed through standardized onboarding procedures across customer operating environments.,Usage-based billing; workflow modules; integration support services,Customers are billed through recurring contracts indexed to usage activity and implementation requirements.,"The company sources accounts through regional partnerships, implementation relationships, and direct enterprise outreach.",942400,19599936,363326,6 months,rejected
OakMetrics,"OakMetrics provides workflow software for property managers managing supplier onboarding. The company is raising capital to support deployment operations, implementation staffing, and commercial expansion activities.",edtech,pre-seed,3101542,GBP,Teams handling supplier onboarding often rely on fragmented workflows that require repeated reconciliation between internal records and third-party systems.,property managers,$36.0B annual operating market across 18 regions,"The software standardizes workflows related to supplier onboarding while maintaining audit visibility, operational tracking, and configurable access permissions.",The deployment architecture supports staged implementation across distributed operating environments.,The implementation framework supports phased account deployment across distributed customer operating environments.,Usage-based billing; workflow modules; integration support services,Customers are billed through recurring contracts indexed to usage activity and implementation requirements.,"Commercial growth is supported through industry conferences, pilot deployments, and executive referral networks.",1400343,9207745,56908,24 months,approved
AtlasSystems,"AtlasSystems operates a software platform focused on supplier onboarding for agricultural cooperatives. The business is seeking capital to expand integrations, onboarding resources, and account support operations.",saas,pre-seed,5824759,USD,Teams handling supplier onboarding often rely on fragmented workflows that require repeated reconciliation between internal records and third-party systems.,agricultural cooperatives,$80.8B annual operating market across 14 regions,"The software standardizes workflows related to supplier onboarding while maintaining audit visibility, operational tracking, and configurable access permissions.",The product maintains configurable workflow logic across customer operating environments.,Deployment operations are managed through standardized onboarding procedures across customer operating environments.,Usage-based billing; workflow modules; integration support services,Pricing combines annual subscription commitments with deployment and reporting service charges.,"Commercial growth is supported through industry conferences, pilot deployments, and executive referral networks.",687911,9033601,733287,4 months,rejected
ApexFlow,"ApexFlow provides workflow software for agricultural cooperatives managing patient scheduling. The company is raising capital to support deployment operations, implementation staffing, and commercial expansion activities.",healthtech,idea,3914648,EUR,Companies managing patient scheduling typically operate across multiple reporting systems that lack centralized operational visibility.,agricultural cooperatives,$34.4B annual operating market across 6 regions,"The platform centralizes records associated with patient scheduling, synchronizes operational data across connected systems, and maintains configurable reporting controls.",The platform includes configurable controls aligned with procurement and reporting requirements.,Deployment operations are managed through standardized onboarding procedures across customer operating environments.,Recurring software subscriptions; implementation retainers; reporting modules,Customers are billed through recurring contracts indexed to usage activity and implementation requirements.,"Customer acquisition relies on procurement referrals, implementation partners, and sector-focused outbound sales activity.",1791460,23969367,613747,6 months,rejected
OakMetrics,"OakMetrics provides workflow software for municipal transport operators managing invoice reconciliation. The company is raising capital to support deployment operations, implementation staffing, and commercial expansion activities.",logistics,seed,6240470,SGD,"Organizations responsible for invoice reconciliation frequently coordinate activity across disconnected operational systems, external vendors, and manual reporting processes.",municipal transport operators,$23.2B annual operating market across 6 regions,"The software standardizes workflows related to invoice reconciliation while maintaining audit visibility, operational tracking, and configurable access permissions.",The platform includes configurable controls aligned with procurement and reporting requirements.,Customer onboarding follows a structured implementation process across client operating environments with phased deployment support during rollout.,Usage-based billing; workflow modules; integration support services,Pricing combines annual subscription commitments with deployment and reporting service charges.,"Customer acquisition relies on procurement referrals, implementation partners, and sector-focused outbound sales activity.",384097,26301896,273380,5 months,rejected
AtlasLogic,AtlasLogic develops operational software used by specialty manufacturers responsible for fleet routing. Funding from the current round supports implementation capacity and regional deployment activity.,fintech,pre-seed,2300925,AED,Companies managing fleet routing typically operate across multiple reporting systems that lack centralized operational visibility.,specialty manufacturers,$59.8B annual operating market across 13 regions,The product consolidates operational processes associated with fleet routing into a unified management environment with configurable reporting logic.,The deployment architecture supports staged implementation across distributed operating environments.,Customer onboarding follows a structured implementation process across client operating environments with phased deployment support during rollout.,Usage-based billing; workflow modules; integration support services,Pricing combines annual subscription commitments with deployment and reporting service charges.,"The company sources accounts through regional partnerships, implementation relationships, and direct enterprise outreach.",1034734,10339055,149935,20 months,approved
SignalMetrics,"SignalMetrics provides workflow software for retail distributors managing inventory forecasting. The company is raising capital to support deployment operations, implementation staffing, and commercial expansion activities.",fintech,series-a,7637586,AED,Companies managing inventory forecasting typically operate across multiple reporting systems that lack centralized operational visibility.,retail distributors,$34.4B annual operating market across 17 regions,"The platform centralizes records associated with inventory forecasting, synchronizes operational data across connected systems, and maintains configurable reporting controls.",The platform includes configurable controls aligned with procurement and reporting requirements.,Customer onboarding follows a structured implementation process across client operating environments with phased deployment support during rollout.,Recurring software subscriptions; implementation retainers; reporting modules,Pricing combines annual subscription commitments with deployment and reporting service charges.,"Customer acquisition relies on procurement referrals, implementation partners, and sector-focused outbound sales activity.",295308,15919205,751316,6 months,rejected
DeltaFlow,DeltaFlow develops operational software used by specialty manufacturers responsible for crop procurement. Funding from the current round supports implementation capacity and regional deployment activity.,legaltech,series-a,745013,SGD,Teams handling crop procurement often rely on fragmented workflows that require repeated reconciliation between internal records and third-party systems.,specialty manufacturers,$39.1B annual operating market across 11 regions,The product consolidates operational processes associated with crop procurement into a unified management environment with configurable reporting logic.,The deployment architecture supports staged implementation across distributed operating environments.,Customer onboarding follows a structured implementation process across client operating environments with phased deployment support during rollout.,Annual platform contracts; onboarding services; account support fees,"Commercial agreements are priced according to transaction volume, deployment scope, and active operating locations.","The company sources accounts through regional partnerships, implementation relationships, and direct enterprise outreach.",612221,7353575,168775,21 months,approved
SignalWorks,"SignalWorks provides workflow software for warehouse operators managing inventory forecasting. The company is raising capital to support deployment operations, implementation staffing, and commercial expansion activities.",fintech,pre-seed,414887,SGD,Teams handling inventory forecasting often rely on fragmented workflows that require repeated reconciliation between internal records and third-party systems.,warehouse operators,$61.4B annual operating market across 17 regions,"The software standardizes workflows related to inventory forecasting while maintaining audit visibility, operational tracking, and configurable access permissions.",The deployment architecture supports staged implementation across distributed operating environments.,The implementation framework supports phased account deployment across distributed customer operating environments.,Usage-based billing; workflow modules; integration support services,Customers are billed through recurring contracts indexed to usage activity and implementation requirements.,"The company sources accounts through regional partnerships, implementation relationships, and direct enterprise outreach.",1781601,11970576,151340,19 months,approved
DeltaBase,"DeltaBase operates a software platform focused on claims intake for regional clinics. The business is seeking capital to expand integrations, onboarding resources, and account support operations.",ecommerce,seed,8151075,GBP,Teams handling claims intake often rely on fragmented workflows that require repeated reconciliation between internal records and third-party systems.,regional clinics,$22.1B annual operating market across 18 regions,The product consolidates operational processes associated with claims intake into a unified management environment with configurable reporting logic.,The deployment architecture supports staged implementation across distributed operating environments.,The implementation framework supports phased account deployment across distributed customer operating environments.,Annual platform contracts; onboarding services; account support fees,"Commercial agreements are priced according to transaction volume, deployment scope, and active operating locations.","The company sources accounts through regional partnerships, implementation relationships, and direct enterprise outreach.",1097325,26787492,406858,7 months,rejected
OakLedger,OakLedger develops operational software used by independent law firms responsible for tenant documentation. Funding from the current round supports implementation capacity and regional deployment activity.,saas,seed,942612,SGD,Companies managing tenant documentation typically operate across multiple reporting systems that lack centralized operational visibility.,independent law firms,$37.5B annual operating market across 15 regions,The product consolidates operational processes associated with tenant documentation into a unified management environment with configurable reporting logic.,The software supports integration with operational systems commonly used across secondary markets.,Customer onboarding follows a structured implementation process across client operating environments with phased deployment support during rollout.,Annual platform contracts; onboarding services; account support fees,"Commercial agreements are priced according to transaction volume, deployment scope, and active operating locations.","The company sources accounts through regional partnerships, implementation relationships, and direct enterprise outreach.",1310068,9556384,72916,23 months,approved
NorthCloud,NorthCloud develops operational software used by retail distributors responsible for supplier onboarding. Funding from the current round supports implementation capacity and regional deployment activity.,cleantech,seed,3076200,GBP,"Organizations responsible for supplier onboarding frequently coordinate activity across disconnected operational systems, external vendors, and manual reporting processes.",retail distributors,$61.3B annual operating market across 10 regions,"The platform centralizes records associated with supplier onboarding, synchronizes operational data across connected systems, and maintains configurable reporting controls.",The software supports integration with operational systems commonly used across secondary markets.,The implementation framework supports phased account deployment across distributed customer operating environments.,Annual platform contracts; onboarding services; account support fees,Customers are billed through recurring contracts indexed to usage activity and implementation requirements.,"The company sources accounts through regional partnerships, implementation relationships, and direct enterprise outreach.",1112822,5465616,102171,23 months,approved
NorthLogic,"NorthLogic provides workflow software for municipal transport operators managing invoice reconciliation. The company is raising capital to support deployment operations, implementation staffing, and commercial expansion activities.",healthtech,seed,2112185,AED,Teams handling invoice reconciliation often rely on fragmented workflows that require repeated reconciliation between internal records and third-party systems.,municipal transport operators,$80.1B annual operating market across 13 regions,"The platform centralizes records associated with invoice reconciliation, synchronizes operational data across connected systems, and maintains configurable reporting controls.",The software supports integration with operational systems commonly used across secondary markets.,Deployment operations are managed through standardized onboarding procedures across customer operating environments.,Annual platform contracts; onboarding services; account support fees,"Commercial agreements are priced according to transaction volume, deployment scope, and active operating locations.","Commercial growth is supported through industry conferences, pilot deployments, and executive referral networks.",1756650,5483193,111661,15 months,approved
SignalBase,SignalBase develops operational software used by independent law firms responsible for claims intake. Funding from the current round supports implementation capacity and regional deployment activity.,agritech,pre-seed,2099232,AED,"Organizations responsible for claims intake frequently coordinate activity across disconnected operational systems, external vendors, and manual reporting processes.",independent law firms,$60.7B annual operating market across 8 regions,"The software standardizes workflows related to claims intake while maintaining audit visibility, operational tracking, and configurable access permissions.",The deployment architecture supports staged implementation across distributed operating environments.,Deployment operations are managed through standardized onboarding procedures across customer operating environments.,Annual platform contracts; onboarding services; account support fees,Customers are billed through recurring contracts indexed to usage activity and implementation requirements.,"Customer acquisition relies on procurement referrals, implementation partners, and sector-focused outbound sales activity.",126238,7971395,146764,19 months,approved
AtlasPilot,"AtlasPilot provides workflow software for property managers managing patient scheduling. The company is raising capital to support deployment operations, implementation staffing, and commercial expansion activities.",cleantech,pre-seed,6591721,SGD,"Organizations responsible for patient scheduling frequently coordinate activity across disconnected operational systems, external vendors, and manual reporting processes.",property managers,$43.1B annual operating market across 15 regions,The product consolidates operational processes associated with patient scheduling into a unified management environment with configurable reporting logic.,The deployment architecture supports staged implementation across distributed operating environments.,Customer onboarding follows a structured implementation process across client operating environments with phased deployment support during rollout.,Usage-based billing; workflow modules; integration support services,"Commercial agreements are priced according to transaction volume, deployment scope, and active operating locations.","Commercial growth is supported through industry conferences, pilot deployments, and executive referral networks.",815691,18403356,450497,3 months,rejected
SummitCloud,"SummitCloud provides workflow software for specialty manufacturers managing credential verification. The company is raising capital to support deployment operations, implementation staffing, and commercial expansion activities.",legaltech,idea,1503465,USD,"Organizations responsible for credential verification frequently coordinate activity across disconnected operational systems, external vendors, and manual reporting processes.",specialty manufacturers,$69.6B annual operating market across 15 regions,"The software standardizes workflows related to credential verification while maintaining audit visibility, operational tracking, and configurable access permissions.",The deployment architecture supports staged implementation across distributed operating environments.,Customer onboarding follows a structured implementation process across client operating environments with phased deployment support during rollout.,Recurring software subscriptions; implementation retainers; reporting modules,Pricing combines annual subscription commitments with deployment and reporting service charges.,"The company sources accounts through regional partnerships, implementation relationships, and direct enterprise outreach.",1694596,3040192,127393,17 months,approved
DeltaLedger,DeltaLedger develops operational software used by vocational institutes responsible for supplier onboarding. Funding from the current round supports implementation capacity and regional deployment activity.,proptech,seed,3499575,SGD,Companies managing supplier onboarding typically operate across multiple reporting systems that lack centralized operational visibility.,vocational institutes,$36.3B annual operating market across 6 regions,The product consolidates operational processes associated with supplier onboarding into a unified management environment with configurable reporting logic.,The deployment architecture supports staged implementation across distributed operating environments.,Customer onboarding follows a structured implementation process across client operating environments with phased deployment support during rollout.,Recurring software subscriptions; implementation retainers; reporting modules,Pricing combines annual subscription commitments with deployment and reporting service charges.,"Customer acquisition relies on procurement referrals, implementation partners, and sector-focused outbound sales activity.",521184,6935833,45481,21 months,approved
AtlasLogic,"AtlasLogic operates a software platform focused on claims intake for vocational institutes. The business is seeking capital to expand integrations, onboarding resources, and account support operations.",logistics,pre-seed,4992461,EUR,"Organizations responsible for claims intake frequently coordinate activity across disconnected operational systems, external vendors, and manual reporting processes.",vocational institutes,$8.8B annual operating market across 16 regions,"The software standardizes workflows related to claims intake while maintaining audit visibility, operational tracking, and configurable access permissions.",The platform includes configurable controls aligned with procurement and reporting requirements.,The implementation framework supports phased account deployment across distributed customer operating environments.,Recurring software subscriptions; implementation retainers; reporting modules,Pricing combines annual subscription commitments with deployment and reporting service charges.,"Commercial growth is supported through industry conferences, pilot deployments, and executive referral networks.",915374,23281438,750824,8 months,rejected
NorthSystems,NorthSystems develops operational software used by vocational institutes responsible for inventory forecasting. Funding from the current round supports implementation capacity and regional deployment activity.,saas,idea,4208398,EUR,"Organizations responsible for inventory forecasting frequently coordinate activity across disconnected operational systems, external vendors, and manual reporting processes.",vocational institutes,$71.1B annual operating market across 18 regions,"The platform centralizes records associated with inventory forecasting, synchronizes operational data across connected systems, and maintains configurable reporting controls.",The product maintains configurable workflow logic across customer operating environments.,Customer onboarding follows a structured implementation process across client operating environments with phased deployment support during rollout.,Recurring software subscriptions; implementation retainers; reporting modules,Pricing combines annual subscription commitments with deployment and reporting service charges.,"The company sources accounts through regional partnerships, implementation relationships, and direct enterprise outreach.",1528753,17968767,773752,4 months,rejected
SignalFlow,"SignalFlow provides workflow software for warehouse operators managing crop procurement. The company is raising capital to support deployment operations, implementation staffing, and commercial expansion activities.",ecommerce,seed,7231825,GBP,Companies managing crop procurement typically operate across multiple reporting systems that lack centralized operational visibility.,warehouse operators,$51.9B annual operating market across 13 regions,"The software standardizes workflows related to crop procurement while maintaining audit visibility, operational tracking, and configurable access permissions.",The software supports integration with operational systems commonly used across secondary markets.,Customer onboarding follows a structured implementation process across client operating environments with phased deployment support during rollout.,Annual platform contracts; onboarding services; account support fees,Pricing combines annual subscription commitments with deployment and reporting service charges.,"Commercial growth is supported through industry conferences, pilot deployments, and executive referral networks.",188486,10416411,907343,3 months,rejected
SignalBridge,"SignalBridge operates a software platform focused on patient scheduling for specialty manufacturers. The business is seeking capital to expand integrations, onboarding resources, and account support operations.",legaltech,series-a,2505559,GBP,Companies managing patient scheduling typically operate across multiple reporting systems that lack centralized operational visibility.,specialty manufacturers,$53.1B annual operating market across 10 regions,"The software standardizes workflows related to patient scheduling while maintaining audit visibility, operational tracking, and configurable access permissions.",The software supports integration with operational systems commonly used across secondary markets.,The implementation framework supports phased account deployment across distributed customer operating environments.,Annual platform contracts; onboarding services; account support fees,"Commercial agreements are priced according to transaction volume, deployment scope, and active operating locations.","Commercial growth is supported through industry conferences, pilot deployments, and executive referral networks.",931685,12908655,773894,3 months,rejected
SignalWorks,"SignalWorks provides workflow software for warehouse operators managing inventory forecasting. The company is raising capital to support deployment operations, implementation staffing, and commercial expansion activities.",fintech,pre-seed,4080623,SGD,Teams handling inventory forecasting often rely on fragmented workflows that require repeated reconciliation between internal records and third-party systems.,warehouse operators,$61.4B annual operating market across 17 regions,"The software standardizes workflows related to inventory forecasting while maintaining audit visibility, operational tracking, and configurable access permissions.",The deployment architecture supports staged implementation across distributed operating environments.,The implementation framework supports phased account deployment across distributed customer operating environments.,Usage-based billing; workflow modules; integration support services,Customers are billed through recurring contracts indexed to usage activity and implementation requirements.,"The company sources accounts through regional partnerships, implementation relationships, and direct enterprise outreach.",1256011,28910212,504412,5 months,rejected
HarborSystems,HarborSystems develops operational software used by retail distributors responsible for supplier onboarding. Funding from the current round supports implementation capacity and regional deployment activity.,edtech,series-a,2957814,GBP,Teams handling supplier onboarding often rely on fragmented workflows that require repeated reconciliation between internal records and third-party systems.,retail distributors,$17.3B annual operating market across 16 regions,"The software standardizes workflows related to supplier onboarding while maintaining audit visibility, operational tracking, and configurable access permissions.",The platform includes configurable controls aligned with procurement and reporting requirements.,Customer onboarding follows a structured implementation process across client operating environments with phased deployment support during rollout.,Recurring software subscriptions; implementation retainers; reporting modules,Pricing combines annual subscription commitments with deployment and reporting service charges.,"The company sources accounts through regional partnerships, implementation relationships, and direct enterprise outreach.",841782,4526815,82756,26 months,approved
DeltaSystems,"DeltaSystems operates a software platform focused on fleet routing for vocational institutes. The business is seeking capital to expand integrations, onboarding resources, and account support operations.",logistics,seed,3132159,USD,Companies managing fleet routing typically operate across multiple reporting systems that lack centralized operational visibility.,vocational institutes,$66.7B annual operating market across 14 regions,"The platform centralizes records associated with fleet routing, synchronizes operational data across connected systems, and maintains configurable reporting controls.",The software supports integration with operational systems commonly used across secondary markets.,Deployment operations are managed through standardized onboarding procedures across customer operating environments.,Usage-based billing; workflow modules; integration support services,"Commercial agreements are priced according to transaction volume, deployment scope, and active operating locations.","The company sources accounts through regional partnerships, implementation relationships, and direct enterprise outreach.",1153242,9699642,822769,8 months,rejected
DeltaBridge,"DeltaBridge provides workflow software for municipal transport operators managing credential verification. The company is raising capital to support deployment operations, implementation staffing, and commercial expansion activities.",edtech,idea,3469244,SGD,"Organizations responsible for credential verification frequently coordinate activity across disconnected operational systems, external vendors, and manual reporting processes.",municipal transport operators,$80.2B annual operating market across 14 regions,"The software standardizes workflows related to credential verification while maintaining audit visibility, operational tracking, and configurable access permissions.",The deployment architecture supports staged implementation across distributed operating environments.,The implementation framework supports phased account deployment across distributed customer operating environments.,Usage-based billing; workflow modules; integration support services,Pricing combines annual subscription commitments with deployment and reporting service charges.,"Customer acquisition relies on procurement referrals, implementation partners, and sector-focused outbound sales activity.",763074,5437704,132870,15 months,approved
SignalWorks,"SignalWorks operates a software platform focused on claims intake for regional clinics. The business is seeking capital to expand integrations, onboarding resources, and account support operations.",agritech,pre-seed,781193,SGD,Teams handling claims intake often rely on fragmented workflows that require repeated reconciliation between internal records and third-party systems.,regional clinics,$79.9B annual operating market across 18 regions,The product consolidates operational processes associated with claims intake into a unified management environment with configurable reporting logic.,The platform includes configurable controls aligned with procurement and reporting requirements.,Deployment operations are managed through standardized onboarding procedures across customer operating environments.,Usage-based billing; workflow modules; integration support services,Customers are billed through recurring contracts indexed to usage activity and implementation requirements.,"The company sources accounts through regional partnerships, implementation relationships, and direct enterprise outreach.",53984,9336951,56036,21 months,approved
NorthMetrics,"NorthMetrics operates a software platform focused on supplier onboarding for regional clinics. The business is seeking capital to expand integrations, onboarding resources, and account support operations.",cleantech,idea,7281111,EUR,"Organizations responsible for supplier onboarding frequently coordinate activity across disconnected operational systems, external vendors, and manual reporting processes.",regional clinics,$51.8B annual operating market across 12 regions,"The software standardizes workflows related to supplier onboarding while maintaining audit visibility, operational tracking, and configurable access permissions.",The deployment architecture supports staged implementation across distributed operating environments.,Deployment operations are managed through standardized onboarding procedures across customer operating environments.,Usage-based billing; workflow modules; integration support services,Pricing combines annual subscription commitments with deployment and reporting service charges.,"Commercial growth is supported through industry conferences, pilot deployments, and executive referral networks.",1872266,25029776,457071,9 months,rejected
HarborLogic,HarborLogic develops operational software used by warehouse operators responsible for maintenance scheduling. Funding from the current round supports implementation capacity and regional deployment activity.,healthtech,seed,7740379,AED,"Organizations responsible for maintenance scheduling frequently coordinate activity across disconnected operational systems, external vendors, and manual reporting processes.",warehouse operators,$47.0B annual operating market across 9 regions,"The software standardizes workflows related to maintenance scheduling while maintaining audit visibility, operational tracking, and configurable access permissions.",The platform includes configurable controls aligned with procurement and reporting requirements.,Customer onboarding follows a structured implementation process across client operating environments with phased deployment support during rollout.,Annual platform contracts; onboarding services; account support fees,Pricing combines annual subscription commitments with deployment and reporting service charges.,"Commercial growth is supported through industry conferences, pilot deployments, and executive referral networks.",175729,24525078,365232,5 months,rejected
HarborSystems,HarborSystems develops operational software used by retail distributors responsible for supplier onboarding. Funding from the current round supports implementation capacity and regional deployment activity.,edtech,series-a,4094765,GBP,Teams handling supplier onboarding often rely on fragmented workflows that require repeated reconciliation between internal records and third-party systems.,retail distributors,$17.3B annual operating market across 16 regions,"The software standardizes workflows related to supplier onboarding while maintaining audit visibility, operational tracking, and configurable access permissions.",The platform includes configurable controls aligned with procurement and reporting requirements.,Customer onboarding follows a structured implementation process across client operating environments with phased deployment support during rollout.,Recurring software subscriptions; implementation retainers; reporting modules,Pricing combines annual subscription commitments with deployment and reporting service charges.,"The company sources accounts through regional partnerships, implementation relationships, and direct enterprise outreach.",828462,11650677,606607,8 months,rejected
AtlasWorks,"AtlasWorks provides workflow software for specialty manufacturers managing maintenance scheduling. The company is raising capital to support deployment operations, implementation staffing, and commercial expansion activities.",edtech,series-a,3684054,SGD,Teams handling maintenance scheduling often rely on fragmented workflows that require repeated reconciliation between internal records and third-party systems.,specialty manufacturers,$76.4B annual operating market across 17 regions,The product consolidates operational processes associated with maintenance scheduling into a unified management environment with configurable reporting logic.,The platform includes configurable controls aligned with procurement and reporting requirements.,The implementation framework supports phased account deployment across distributed customer operating environments.,Usage-based billing; workflow modules; integration support services,Pricing combines annual subscription commitments with deployment and reporting service charges.,"Commercial growth is supported through industry conferences, pilot deployments, and executive referral networks.",1142343,23590103,506221,7 months,rejected
OakLogic,"OakLogic operates a software platform focused on fleet routing for property managers. The business is seeking capital to expand integrations, onboarding resources, and account support operations.",logistics,series-a,512664,AED,Teams handling fleet routing often rely on fragmented workflows that require repeated reconciliation between internal records and third-party systems.,property managers,$39.8B annual operating market across 18 regions,"The software standardizes workflows related to fleet routing while maintaining audit visibility, operational tracking, and configurable access permissions.",The software supports integration with operational systems commonly used across secondary markets.,The implementation framework supports phased account deployment across distributed customer operating environments.,Usage-based billing; workflow modules; integration support services,Pricing combines annual subscription commitments with deployment and reporting service charges.,"Commercial growth is supported through industry conferences, pilot deployments, and executive referral networks.",149386,6610800,51212,24 months,approved
ApexBridge,ApexBridge develops operational software used by specialty manufacturers responsible for inventory forecasting. Funding from the current round supports implementation capacity and regional deployment activity.,legaltech,seed,7257616,GBP,Teams handling inventory forecasting often rely on fragmented workflows that require repeated reconciliation between internal records and third-party systems.,specialty manufacturers,$76.6B annual operating market across 12 regions,The product consolidates operational processes associated with inventory forecasting into a unified management environment with configurable reporting logic.,The platform includes configurable controls aligned with procurement and reporting requirements.,Customer onboarding follows a structured implementation process across client operating environments with phased deployment support during rollout.,Recurring software subscriptions; implementation retainers; reporting modules,Pricing combines annual subscription commitments with deployment and reporting service charges.,"Commercial growth is supported through industry conferences, pilot deployments, and executive referral networks.",1911688,23726834,739254,5 months,rejected
OakPilot,OakPilot develops operational software used by insurance brokers responsible for maintenance scheduling. Funding from the current round supports implementation capacity and regional deployment activity.,fintech,idea,7596536,GBP,Teams handling maintenance scheduling often rely on fragmented workflows that require repeated reconciliation between internal records and third-party systems.,insurance brokers,$32.6B annual operating market across 10 regions,"The software standardizes workflows related to maintenance scheduling while maintaining audit visibility, operational tracking, and configurable access permissions.",The product maintains configurable workflow logic across customer operating environments.,The implementation framework supports phased account deployment across distributed customer operating environments.,Annual platform contracts; onboarding services; account support fees,Pricing combines annual subscription commitments with deployment and reporting service charges.,"The company sources accounts through regional partnerships, implementation relationships, and direct enterprise outreach.",87007,28758451,514723,7 months,rejected
GraniteBridge,"GraniteBridge provides workflow software for regional clinics managing fleet routing. The company is raising capital to support deployment operations, implementation staffing, and commercial expansion activities.",edtech,seed,635411,USD,Teams handling fleet routing often rely on fragmented workflows that require repeated reconciliation between internal records and third-party systems.,regional clinics,$31.6B annual operating market across 7 regions,"The platform centralizes records associated with fleet routing, synchronizes operational data across connected systems, and maintains configurable reporting controls.",The platform includes configurable controls aligned with procurement and reporting requirements.,Customer onboarding follows a structured implementation process across client operating environments with phased deployment support during rollout.,Annual platform contracts; onboarding services; account support fees,Pricing combines annual subscription commitments with deployment and reporting service charges.,"Commercial growth is supported through industry conferences, pilot deployments, and executive referral networks.",382540,9907953,66040,26 months,approved
AtlasWorks,"AtlasWorks provides workflow software for specialty manufacturers managing maintenance scheduling. The company is raising capital to support deployment operations, implementation staffing, and commercial expansion activities.",edtech,series-a,1707354,SGD,Teams handling maintenance scheduling often rely on fragmented workflows that require repeated reconciliation between internal records and third-party systems.,specialty manufacturers,$76.4B annual operating market across 17 regions,The product consolidates operational processes associated with maintenance scheduling into a unified management environment with configurable reporting logic.,The platform includes configurable controls aligned with procurement and reporting requirements.,The implementation framework supports phased account deployment across distributed customer operating environments.,Usage-based billing; workflow modules; integration support services,Pricing combines annual subscription commitments with deployment and reporting service charges.,"Commercial growth is supported through industry conferences, pilot deployments, and executive referral networks.",1527815,8895759,94588,18 months,approved
HarborLogic,HarborLogic develops operational software used by regional clinics responsible for patient scheduling. Funding from the current round supports implementation capacity and regional deployment activity.,fintech,pre-seed,1136947,GBP,Companies managing patient scheduling typically operate across multiple reporting systems that lack centralized operational visibility.,regional clinics,$47.8B annual operating market across 14 regions,The product consolidates operational processes associated with patient scheduling into a unified management environment with configurable reporting logic.,The software supports integration with operational systems commonly used across secondary markets.,Deployment operations are managed through standardized onboarding procedures across customer operating environments.,Usage-based billing; workflow modules; integration support services,"Commercial agreements are priced according to transaction volume, deployment scope, and active operating locations.","Commercial growth is supported through industry conferences, pilot deployments, and executive referral networks.",541127,5016031,95426,18 months,approved
DeltaLogic,"DeltaLogic provides workflow software for retail distributors managing inventory forecasting. The company is raising capital to support deployment operations, implementation staffing, and commercial expansion activities.",agritech,seed,5997402,USD,"Organizations responsible for inventory forecasting frequently coordinate activity across disconnected operational systems, external vendors, and manual reporting processes.",retail distributors,$71.1B annual operating market across 13 regions,"The software standardizes workflows related to inventory forecasting while maintaining audit visibility, operational tracking, and configurable access permissions.",The platform includes configurable controls aligned with procurement and reporting requirements.,The implementation framework supports phased account deployment across distributed customer operating environments.,Recurring software subscriptions; implementation retainers; reporting modules,Customers are billed through recurring contracts indexed to usage activity and implementation requirements.,"Customer acquisition relies on procurement referrals, implementation partners, and sector-focused outbound sales activity.",865503,11828936,441094,8 months,rejected
NorthSystems,"NorthSystems provides workflow software for warehouse operators managing maintenance scheduling. The company is raising capital to support deployment operations, implementation staffing, and commercial expansion activities.",saas,seed,2863194,SGD,"Organizations responsible for maintenance scheduling frequently coordinate activity across disconnected operational systems, external vendors, and manual reporting processes.",warehouse operators,$36.0B annual operating market across 13 regions,The product consolidates operational processes associated with maintenance scheduling into a unified management environment with configurable reporting logic.,The software supports integration with operational systems commonly used across secondary markets.,Deployment operations are managed through standardized onboarding procedures across customer operating environments.,Usage-based billing; workflow modules; integration support services,Customers are billed through recurring contracts indexed to usage activity and implementation requirements.,"Customer acquisition relies on procurement referrals, implementation partners, and sector-focused outbound sales activity.",1134443,4777304,141213,16 months,approved
SummitBase,"SummitBase provides workflow software for property managers managing invoice reconciliation. The company is raising capital to support deployment operations, implementation staffing, and commercial expansion activities.",cleantech,idea,703934,USD,Companies managing invoice reconciliation typically operate across multiple reporting systems that lack centralized operational visibility.,property managers,$10.4B annual operating market across 7 regions,"The software standardizes workflows related to invoice reconciliation while maintaining audit visibility, operational tracking, and configurable access permissions.",The deployment architecture supports staged implementation across distributed operating environments.,Deployment operations are managed through standardized onboarding procedures across customer operating environments.,Annual platform contracts; onboarding services; account support fees,Pricing combines annual subscription commitments with deployment and reporting service charges.,"Customer acquisition relies on procurement referrals, implementation partners, and sector-focused outbound sales activity.",1147344,10590072,79709,18 months,approved
HarborPilot,"HarborPilot provides workflow software for insurance brokers managing inventory forecasting. The company is raising capital to support deployment operations, implementation staffing, and commercial expansion activities.",healthtech,pre-seed,1501497,SGD,"Organizations responsible for inventory forecasting frequently coordinate activity across disconnected operational systems, external vendors, and manual reporting processes.",insurance brokers,$47.9B annual operating market across 16 regions,The product consolidates operational processes associated with inventory forecasting into a unified management environment with configurable reporting logic.,The product maintains configurable workflow logic across customer operating environments.,Customer onboarding follows a structured implementation process across client operating environments with phased deployment support during rollout.,Usage-based billing; workflow modules; integration support services,"Commercial agreements are priced according to transaction volume, deployment scope, and active operating locations.","Commercial growth is supported through industry conferences, pilot deployments, and executive referral networks.",2020768,3430733,100633,21 months,approved
SummitBase,"SummitBase provides workflow software for specialty manufacturers managing inventory forecasting. The company is raising capital to support deployment operations, implementation staffing, and commercial expansion activities.",healthtech,series-a,1479489,GBP,Companies managing inventory forecasting typically operate across multiple reporting systems that lack centralized operational visibility.,specialty manufacturers,$70.4B annual operating market across 12 regions,"The software standardizes workflows related to inventory forecasting while maintaining audit visibility, operational tracking, and configurable access permissions.",The software supports integration with operational systems commonly used across secondary markets.,The implementation framework supports phased account deployment across distributed customer operating environments.,Usage-based billing; workflow modules; integration support services,"Commercial agreements are priced according to transaction volume, deployment scope, and active operating locations.","Customer acquisition relies on procurement referrals, implementation partners, and sector-focused outbound sales activity.",2155996,6046703,85574,17 months,approved
AtlasLogic,"AtlasLogic provides workflow software for retail distributors managing invoice reconciliation. The company is raising capital to support deployment operations, implementation staffing, and commercial expansion activities.",edtech,idea,828793,GBP,"Organizations responsible for invoice reconciliation frequently coordinate activity across disconnected operational systems, external vendors, and manual reporting processes.",retail distributors,$9.4B annual operating market across 11 regions,The product consolidates operational processes associated with invoice reconciliation into a unified management environment with configurable reporting logic.,The software supports integration with operational systems commonly used across secondary markets.,The implementation framework supports phased account deployment across distributed customer operating environments.,Annual platform contracts; onboarding services; account support fees,Customers are billed through recurring contracts indexed to usage activity and implementation requirements.,"The company sources accounts through regional partnerships, implementation relationships, and direct enterprise outreach.",1029735,5984568,112838,19 months,approved
ApexSystems,ApexSystems develops operational software used by specialty manufacturers responsible for fleet routing. Funding from the current round supports implementation capacity and regional deployment activity.,legaltech,pre-seed,1161473,AED,Teams handling fleet routing often rely on fragmented workflows that require repeated reconciliation between internal records and third-party systems.,specialty manufacturers,$25.6B annual operating market across 6 regions,"The platform centralizes records associated with fleet routing, synchronizes operational data across connected systems, and maintains configurable reporting controls.",The software supports integration with operational systems commonly used across secondary markets.,The implementation framework supports phased account deployment across distributed customer operating environments.,Usage-based billing; workflow modules; integration support services,Customers are billed through recurring contracts indexed to usage activity and implementation requirements.,"Commercial growth is supported through industry conferences, pilot deployments, and executive referral networks.",970910,5970010,88448,15 months,approved
NorthLogic,"NorthLogic operates a software platform focused on credential verification for regional clinics. The business is seeking capital to expand integrations, onboarding resources, and account support operations.",saas,series-a,597091,AED,Companies managing credential verification typically operate across multiple reporting systems that lack centralized operational visibility.,regional clinics,$37.4B annual operating market across 7 regions,The product consolidates operational processes associated with credential verification into a unified management environment with configurable reporting logic.,The software supports integration with operational systems commonly used across secondary markets.,Customer onboarding follows a structured implementation process across client operating environments with phased deployment support during rollout.,Annual platform contracts; onboarding services; account support fees,Pricing combines annual subscription commitments with deployment and reporting service charges.,"The company sources accounts through regional partnerships, implementation relationships, and direct enterprise outreach.",488780,2949285,84262,22 months,approved
AtlasCloud,AtlasCloud develops operational software used by independent law firms responsible for patient scheduling. Funding from the current round supports implementation capacity and regional deployment activity.,healthtech,pre-seed,7412947,GBP,Teams handling patient scheduling often rely on fragmented workflows that require repeated reconciliation between internal records and third-party systems.,independent law firms,$77.9B annual operating market across 14 regions,"The software standardizes workflows related to patient scheduling while maintaining audit visibility, operational tracking, and configurable access permissions.",The product maintains configurable workflow logic across customer operating environments.,Deployment operations are managed through standardized onboarding procedures across customer operating environments.,Annual platform contracts; onboarding services; account support fees,Pricing combines annual subscription commitments with deployment and reporting service charges.,"Commercial growth is supported through industry conferences, pilot deployments, and executive referral networks.",1884235,8326906,913119,5 months,rejected
HarborWorks,HarborWorks develops operational software used by property managers responsible for maintenance scheduling. Funding from the current round supports implementation capacity and regional deployment activity.,logistics,pre-seed,1571457,USD,Teams handling maintenance scheduling often rely on fragmented workflows that require repeated reconciliation between internal records and third-party systems.,property managers,$8.4B annual operating market across 12 regions,"The platform centralizes records associated with maintenance scheduling, synchronizes operational data across connected systems, and maintains configurable reporting controls.",The software supports integration with operational systems commonly used across secondary markets.,Deployment operations are managed through standardized onboarding procedures across customer operating environments.,Recurring software subscriptions; implementation retainers; reporting modules,Customers are billed through recurring contracts indexed to usage activity and implementation requirements.,"Customer acquisition relies on procurement referrals, implementation partners, and sector-focused outbound sales activity.",576134,11266950,167886,15 months,approved
AtlasBridge,"AtlasBridge provides workflow software for warehouse operators managing supplier onboarding. The company is raising capital to support deployment operations, implementation staffing, and commercial expansion activities.",healthtech,seed,4500947,GBP,Companies managing supplier onboarding typically operate across multiple reporting systems that lack centralized operational visibility.,warehouse operators,$37.8B annual operating market across 16 regions,"The software standardizes workflows related to supplier onboarding while maintaining audit visibility, operational tracking, and configurable access permissions.",The software supports integration with operational systems commonly used across secondary markets.,Deployment operations are managed through standardized onboarding procedures across customer operating environments.,Recurring software subscriptions; implementation retainers; reporting modules,Pricing combines annual subscription commitments with deployment and reporting service charges.,"Customer acquisition relies on procurement referrals, implementation partners, and sector-focused outbound sales activity.",154243,9599384,801956,6 months,rejected
SignalMetrics,"SignalMetrics operates a software platform focused on fleet routing for municipal transport operators. The business is seeking capital to expand integrations, onboarding resources, and account support operations.",proptech,idea,4779128,GBP,Companies managing fleet routing typically operate across multiple reporting systems that lack centralized operational visibility.,municipal transport operators,$18.3B annual operating market across 9 regions,The product consolidates operational processes associated with fleet routing into a unified management environment with configurable reporting logic.,The platform includes configurable controls aligned with procurement and reporting requirements.,The implementation framework supports phased account deployment across distributed customer operating environments.,Annual platform contracts; onboarding services; account support fees,Pricing combines annual subscription commitments with deployment and reporting service charges.,"The company sources accounts through regional partnerships, implementation relationships, and direct enterprise outreach.",1740107,12988263,799878,7 months,rejected
DeltaLedger,"DeltaLedger operates a software platform focused on supplier onboarding for retail distributors. The business is seeking capital to expand integrations, onboarding resources, and account support operations.",healthtech,series-a,2341870,EUR,Teams handling supplier onboarding often rely on fragmented workflows that require repeated reconciliation between internal records and third-party systems.,retail distributors,$58.4B annual operating market across 9 regions,"The software standardizes workflows related to supplier onboarding while maintaining audit visibility, operational tracking, and configurable access permissions.",The product maintains configurable workflow logic across customer operating environments.,Customer onboarding follows a structured implementation process across client operating environments with phased deployment support during rollout.,Annual platform contracts; onboarding services; account support fees,Pricing combines annual subscription commitments with deployment and reporting service charges.,"The company sources accounts through regional partnerships, implementation relationships, and direct enterprise outreach.",1249193,5049561,93216,16 months,approved
DeltaLedger,DeltaLedger develops operational software used by retail distributors responsible for credential verification. Funding from the current round supports implementation capacity and regional deployment activity.,edtech,series-a,4778724,EUR,Teams handling credential verification often rely on fragmented workflows that require repeated reconciliation between internal records and third-party systems.,retail distributors,$12.7B annual operating market across 16 regions,"The platform centralizes records associated with credential verification, synchronizes operational data across connected systems, and maintains configurable reporting controls.",The product maintains configurable workflow logic across customer operating environments.,Deployment operations are managed through standardized onboarding procedures across customer operating environments.,Annual platform contracts; onboarding services; account support fees,"Commercial agreements are priced according to transaction volume, deployment scope, and active operating locations.","Commercial growth is supported through industry conferences, pilot deployments, and executive referral networks.",634580,26695402,798442,3 months,rejected
GranitePilot,"GranitePilot operates a software platform focused on maintenance scheduling for insurance brokers. The business is seeking capital to expand integrations, onboarding resources, and account support operations.",logistics,series-a,6631902,EUR,Teams handling maintenance scheduling often rely on fragmented workflows that require repeated reconciliation between internal records and third-party systems.,insurance brokers,$52.9B annual operating market across 10 regions,"The software standardizes workflows related to maintenance scheduling while maintaining audit visibility, operational tracking, and configurable access permissions.",The software supports integration with operational systems commonly used across secondary markets.,Deployment operations are managed through standardized onboarding procedures across customer operating environments.,Recurring software subscriptions; implementation retainers; reporting modules,Pricing combines annual subscription commitments with deployment and reporting service charges.,"Customer acquisition relies on procurement referrals, implementation partners, and sector-focused outbound sales activity.",1214814,9944642,518712,3 months,rejected
AtlasMetrics,"AtlasMetrics operates a software platform focused on fleet routing for vocational institutes. The business is seeking capital to expand integrations, onboarding resources, and account support operations.",ecommerce,idea,8867768,GBP,"Organizations responsible for fleet routing frequently coordinate activity across disconnected operational systems, external vendors, and manual reporting processes.",vocational institutes,$43.9B annual operating market across 10 regions,"The platform centralizes records associated with fleet routing, synchronizes operational data across connected systems, and maintains configurable reporting controls.",The deployment architecture supports staged implementation across distributed operating environments.,The implementation framework supports phased account deployment across distributed customer operating environments.,Recurring software subscriptions; implementation retainers; reporting modules,Pricing combines annual subscription commitments with deployment and reporting service charges.,"The company sources accounts through regional partnerships, implementation relationships, and direct enterprise outreach.",1026838,13579380,319007,3 months,rejected
GraniteMetrics,"GraniteMetrics provides workflow software for retail distributors managing invoice reconciliation. The company is raising capital to support deployment operations, implementation staffing, and commercial expansion activities.",ecommerce,seed,6420610,GBP,Companies managing invoice reconciliation typically operate across multiple reporting systems that lack centralized operational visibility.,retail distributors,$46.7B annual operating market across 7 regions,The product consolidates operational processes associated with invoice reconciliation into a unified management environment with configurable reporting logic.,The deployment architecture supports staged implementation across distributed operating environments.,Customer onboarding follows a structured implementation process across client operating environments with phased deployment support during rollout.,Annual platform contracts; onboarding services; account support fees,"Commercial agreements are priced according to transaction volume, deployment scope, and active operating locations.","Customer acquisition relies on procurement referrals, implementation partners, and sector-focused outbound sales activity.",1482896,22369146,554888,5 months,rejected
DeltaLedger,"DeltaLedger operates a software platform focused on tenant documentation for insurance brokers. The business is seeking capital to expand integrations, onboarding resources, and account support operations.",logistics,pre-seed,5052740,USD,"Organizations responsible for tenant documentation frequently coordinate activity across disconnected operational systems, external vendors, and manual reporting processes.",insurance brokers,$8.3B annual operating market across 10 regions,"The platform centralizes records associated with tenant documentation, synchronizes operational data across connected systems, and maintains configurable reporting controls.",The product maintains configurable workflow logic across customer operating environments.,The implementation framework supports phased account deployment across distributed customer operating environments.,Usage-based billing; workflow modules; integration support services,"Commercial agreements are priced according to transaction volume, deployment scope, and active operating locations.","Commercial growth is supported through industry conferences, pilot deployments, and executive referral networks.",87124,17294524,493236,9 months,rejected
HarborFlow,"HarborFlow provides workflow software for regional clinics managing inventory forecasting. The company is raising capital to support deployment operations, implementation staffing, and commercial expansion activities.",edtech,idea,3247470,GBP,"Organizations responsible for inventory forecasting frequently coordinate activity across disconnected operational systems, external vendors, and manual reporting processes.",regional clinics,$15.3B annual operating market across 7 regions,The product consolidates operational processes associated with inventory forecasting into a unified management environment with configurable reporting logic.,The product maintains configurable workflow logic across customer operating environments.,Deployment operations are managed through standardized onboarding procedures across customer operating environments.,Annual platform contracts; onboarding services; account support fees,"Commercial agreements are priced according to transaction volume, deployment scope, and active operating locations.","The company sources accounts through regional partnerships, implementation relationships, and direct enterprise outreach.",1224801,9364131,494434,9 months,rejected
HarborLogic,HarborLogic develops operational software used by regional clinics responsible for patient scheduling. Funding from the current round supports implementation capacity and regional deployment activity.,fintech,pre-seed,6286249,GBP,Companies managing patient scheduling typically operate across multiple reporting systems that lack centralized operational visibility.,regional clinics,$47.8B annual operating market across 14 regions,The product consolidates operational processes associated with patient scheduling into a unified management environment with configurable reporting logic.,The software supports integration with operational systems commonly used across secondary markets.,Deployment operations are managed through standardized onboarding procedures across customer operating environments.,Usage-based billing; workflow modules; integration support services,"Commercial agreements are priced according to transaction volume, deployment scope, and active operating locations.","Commercial growth is supported through industry conferences, pilot deployments, and executive referral networks.",1972274,13413617,569053,4 months,rejected
SignalMetrics,"SignalMetrics operates a software platform focused on maintenance scheduling for warehouse operators. The business is seeking capital to expand integrations, onboarding resources, and account support operations.",agritech,series-a,2683702,USD,Teams handling maintenance scheduling often rely on fragmented workflows that require repeated reconciliation between internal records and third-party systems.,warehouse operators,$14.8B annual operating market across 12 regions,"The platform centralizes records associated with maintenance scheduling, synchronizes operational data across connected systems, and maintains configurable reporting controls.",The deployment architecture supports staged implementation across distributed operating environments.,Customer onboarding follows a structured implementation process across client operating environments with phased deployment support during rollout.,Annual platform contracts; onboarding services; account support fees,Customers are billed through recurring contracts indexed to usage activity and implementation requirements.,"The company sources accounts through regional partnerships, implementation relationships, and direct enterprise outreach.",7541,9209998,127876,26 months,approved
OakWorks,"OakWorks operates a software platform focused on patient scheduling for independent law firms. The business is seeking capital to expand integrations, onboarding resources, and account support operations.",saas,pre-seed,6274393,SGD,Companies managing patient scheduling typically operate across multiple reporting systems that lack centralized operational visibility.,independent law firms,$27.9B annual operating market across 7 regions,The product consolidates operational processes associated with patient scheduling into a unified management environment with configurable reporting logic.,The product maintains configurable workflow logic across customer operating environments.,The implementation framework supports phased account deployment across distributed customer operating environments.,Usage-based billing; workflow modules; integration support services,Pricing combines annual subscription commitments with deployment and reporting service charges.,"Customer acquisition relies on procurement referrals, implementation partners, and sector-focused outbound sales activity.",1554287,13888217,393333,7 months,rejected
SignalWorks,"SignalWorks operates a software platform focused on claims intake for municipal transport operators. The business is seeking capital to expand integrations, onboarding resources, and account support operations.",fintech,series-a,8092591,SGD,"Organizations responsible for claims intake frequently coordinate activity across disconnected operational systems, external vendors, and manual reporting processes.",municipal transport operators,$6.3B annual operating market across 18 regions,"The software standardizes workflows related to claims intake while maintaining audit visibility, operational tracking, and configurable access permissions.",The platform includes configurable controls aligned with procurement and reporting requirements.,Deployment operations are managed through standardized onboarding procedures across customer operating environments.,Usage-based billing; workflow modules; integration support services,Customers are billed through recurring contracts indexed to usage activity and implementation requirements.,"The company sources accounts through regional partnerships, implementation relationships, and direct enterprise outreach.",182296,14604926,417821,4 months,rejected
DeltaMetrics,"DeltaMetrics operates a software platform focused on credential verification for independent law firms. The business is seeking capital to expand integrations, onboarding resources, and account support operations.",agritech,seed,6145994,SGD,Companies managing credential verification typically operate across multiple reporting systems that lack centralized operational visibility.,independent law firms,$38.0B annual operating market across 7 regions,"The software standardizes workflows related to credential verification while maintaining audit visibility, operational tracking, and configurable access permissions.",The deployment architecture supports staged implementation across distributed operating environments.,The implementation framework supports phased account deployment across distributed customer operating environments.,Annual platform contracts; onboarding services; account support fees,"Commercial agreements are priced according to transaction volume, deployment scope, and active operating locations.","Commercial growth is supported through industry conferences, pilot deployments, and executive referral networks.",1056364,20820091,495718,9 months,rejected
GraniteFlow,"GraniteFlow provides workflow software for municipal transport operators managing tenant documentation. The company is raising capital to support deployment operations, implementation staffing, and commercial expansion activities.",proptech,pre-seed,2895628,SGD,Companies managing tenant documentation typically operate across multiple reporting systems that lack centralized operational visibility.,municipal transport operators,$44.7B annual operating market across 11 regions,"The software standardizes workflows related to tenant documentation while maintaining audit visibility, operational tracking, and configurable access permissions.",The product maintains configurable workflow logic across customer operating environments.,The implementation framework supports phased account deployment across distributed customer operating environments.,Usage-based billing; workflow modules; integration support services,"Commercial agreements are priced according to transaction volume, deployment scope, and active operating locations.","Commercial growth is supported through industry conferences, pilot deployments, and executive referral networks.",1449876,15277636,600441,5 months,rejected
GraniteSystems,"GraniteSystems operates a software platform focused on inventory forecasting for municipal transport operators. The business is seeking capital to expand integrations, onboarding resources, and account support operations.",saas,seed,2999188,GBP,Teams handling inventory forecasting often rely on fragmented workflows that require repeated reconciliation between internal records and third-party systems.,municipal transport operators,$61.9B annual operating market across 8 regions,"The platform centralizes records associated with inventory forecasting, synchronizes operational data across connected systems, and maintains configurable reporting controls.",The software supports integration with operational systems commonly used across secondary markets.,Customer onboarding follows a structured implementation process across client operating environments with phased deployment support during rollout.,Usage-based billing; workflow modules; integration support services,"Commercial agreements are priced according to transaction volume, deployment scope, and active operating locations.","The company sources accounts through regional partnerships, implementation relationships, and direct enterprise outreach.",93105,5020336,129454,26 months,approved
DeltaCloud,DeltaCloud develops operational software used by municipal transport operators responsible for tenant documentation. Funding from the current round supports implementation capacity and regional deployment activity.,logistics,series-a,2042650,AED,Teams handling tenant documentation often rely on fragmented workflows that require repeated reconciliation between internal records and third-party systems.,municipal transport operators,$38.7B annual operating market across 11 regions,The product consolidates operational processes associated with tenant documentation into a unified management environment with configurable reporting logic.,The platform includes configurable controls aligned with procurement and reporting requirements.,Deployment operations are managed through standardized onboarding procedures across customer operating environments.,Recurring software subscriptions; implementation retainers; reporting modules,Customers are billed through recurring contracts indexed to usage activity and implementation requirements.,"Commercial growth is supported through industry conferences, pilot deployments, and executive referral networks.",186805,3158413,159596,18 months,approved
SignalLogic,"SignalLogic provides workflow software for regional clinics managing patient scheduling. The company is raising capital to support deployment operations, implementation staffing, and commercial expansion activities.",fintech,series-a,3403328,GBP,"Organizations responsible for patient scheduling frequently coordinate activity across disconnected operational systems, external vendors, and manual reporting processes.",regional clinics,$6.6B annual operating market across 18 regions,"The software standardizes workflows related to patient scheduling while maintaining audit visibility, operational tracking, and configurable access permissions.",The product maintains configurable workflow logic across customer operating environments.,Deployment operations are managed through standardized onboarding procedures across customer operating environments.,Usage-based billing; workflow modules; integration support services,Customers are billed through recurring contracts indexed to usage activity and implementation requirements.,"The company sources accounts through regional partnerships, implementation relationships, and direct enterprise outreach.",1112645,7371116,496622,5 months,rejected
DeltaMetrics,DeltaMetrics develops operational software used by regional clinics responsible for inventory forecasting. Funding from the current round supports implementation capacity and regional deployment activity.,fintech,pre-seed,1494472,GBP,"Organizations responsible for inventory forecasting frequently coordinate activity across disconnected operational systems, external vendors, and manual reporting processes.",regional clinics,$7.5B annual operating market across 7 regions,The product consolidates operational processes associated with inventory forecasting into a unified management environment with configurable reporting logic.,The software supports integration with operational systems commonly used across secondary markets.,Customer onboarding follows a structured implementation process across client operating environments with phased deployment support during rollout.,Recurring software subscriptions; implementation retainers; reporting modules,Customers are billed through recurring contracts indexed to usage activity and implementation requirements.,"Commercial growth is supported through industry conferences, pilot deployments, and executive referral networks.",177579,2772298,135487,18 months,approved
DeltaSystems,DeltaSystems develops operational software used by specialty manufacturers responsible for inventory forecasting. Funding from the current round supports implementation capacity and regional deployment activity.,cleantech,idea,3378583,USD,Companies managing inventory forecasting typically operate across multiple reporting systems that lack centralized operational visibility.,specialty manufacturers,$57.2B annual operating market across 9 regions,"The platform centralizes records associated with inventory forecasting, synchronizes operational data across connected systems, and maintains configurable reporting controls.",The platform includes configurable controls aligned with procurement and reporting requirements.,Deployment operations are managed through standardized onboarding procedures across customer operating environments.,Usage-based billing; workflow modules; integration support services,"Commercial agreements are priced according to transaction volume, deployment scope, and active operating locations.","The company sources accounts through regional partnerships, implementation relationships, and direct enterprise outreach.",1861974,9044448,87250,21 months,approved
SignalLogic,"SignalLogic provides workflow software for warehouse operators managing patient scheduling. The company is raising capital to support deployment operations, implementation staffing, and commercial expansion activities.",healthtech,pre-seed,3831111,USD,Teams handling patient scheduling often rely on fragmented workflows that require repeated reconciliation between internal records and third-party systems.,warehouse operators,$25.4B annual operating market across 18 regions,The product consolidates operational processes associated with patient scheduling into a unified management environment with configurable reporting logic.,The deployment architecture supports staged implementation across distributed operating environments.,Customer onboarding follows a structured implementation process across client operating environments with phased deployment support during rollout.,Recurring software subscriptions; implementation retainers; reporting modules,Customers are billed through recurring contracts indexed to usage activity and implementation requirements.,"Commercial growth is supported through industry conferences, pilot deployments, and executive referral networks.",97608,13296983,805959,5 months,rejected
NorthLogic,"NorthLogic provides workflow software for warehouse operators managing invoice reconciliation. The company is raising capital to support deployment operations, implementation staffing, and commercial expansion activities.",ecommerce,pre-seed,2055255,AED,Teams handling invoice reconciliation often rely on fragmented workflows that require repeated reconciliation between internal records and third-party systems.,warehouse operators,$56.3B annual operating market across 12 regions,The product consolidates operational processes associated with invoice reconciliation into a unified management environment with configurable reporting logic.,The platform includes configurable controls aligned with procurement and reporting requirements.,Deployment operations are managed through standardized onboarding procedures across customer operating environments.,Annual platform contracts; onboarding services; account support fees,"Commercial agreements are priced according to transaction volume, deployment scope, and active operating locations.","The company sources accounts through regional partnerships, implementation relationships, and direct enterprise outreach.",321152,3901511,40945,16 months,approved
ApexLogic,ApexLogic develops operational software used by vocational institutes responsible for supplier onboarding. Funding from the current round supports implementation capacity and regional deployment activity.,edtech,pre-seed,881559,EUR,"Organizations responsible for supplier onboarding frequently coordinate activity across disconnected operational systems, external vendors, and manual reporting processes.",vocational institutes,$59.8B annual operating market across 8 regions,"The software standardizes workflows related to supplier onboarding while maintaining audit visibility, operational tracking, and configurable access permissions.",The software supports integration with operational systems commonly used across secondary markets.,Customer onboarding follows a structured implementation process across client operating environments with phased deployment support during rollout.,Annual platform contracts; onboarding services; account support fees,Customers are billed through recurring contracts indexed to usage activity and implementation requirements.,"The company sources accounts through regional partnerships, implementation relationships, and direct enterprise outreach.",28488,5109113,87037,14 months,approved
GraniteLogic,"GraniteLogic operates a software platform focused on maintenance scheduling for property managers. The business is seeking capital to expand integrations, onboarding resources, and account support operations.",cleantech,seed,3001069,AED,Companies managing maintenance scheduling typically operate across multiple reporting systems that lack centralized operational visibility.,property managers,$11.6B annual operating market across 11 regions,The product consolidates operational processes associated with maintenance scheduling into a unified management environment with configurable reporting logic.,The product maintains configurable workflow logic across customer operating environments.,The implementation framework supports phased account deployment across distributed customer operating environments.,Recurring software subscriptions; implementation retainers; reporting modules,Customers are billed through recurring contracts indexed to usage activity and implementation requirements.,"The company sources accounts through regional partnerships, implementation relationships, and direct enterprise outreach.",76583,7501287,83374,14 months,approved
GraniteFlow,"GraniteFlow operates a software platform focused on patient scheduling for municipal transport operators. The business is seeking capital to expand integrations, onboarding resources, and account support operations.",saas,pre-seed,3028804,AED,Teams handling patient scheduling often rely on fragmented workflows that require repeated reconciliation between internal records and third-party systems.,municipal transport operators,$70.3B annual operating market across 11 regions,The product consolidates operational processes associated with patient scheduling into a unified management environment with configurable reporting logic.,The platform includes configurable controls aligned with procurement and reporting requirements.,Deployment operations are managed through standardized onboarding procedures across customer operating environments.,Annual platform contracts; onboarding services; account support fees,"Commercial agreements are priced according to transaction volume, deployment scope, and active operating locations.","Commercial growth is supported through industry conferences, pilot deployments, and executive referral networks.",226119,11734356,165695,18 months,approved
OakLedger,OakLedger develops operational software used by independent law firms responsible for tenant documentation. Funding from the current round supports implementation capacity and regional deployment activity.,saas,seed,8709656,SGD,Companies managing tenant documentation typically operate across multiple reporting systems that lack centralized operational visibility.,independent law firms,$37.5B annual operating market across 15 regions,The product consolidates operational processes associated with tenant documentation into a unified management environment with configurable reporting logic.,The software supports integration with operational systems commonly used across secondary markets.,Customer onboarding follows a structured implementation process across client operating environments with phased deployment support during rollout.,Annual platform contracts; onboarding services; account support fees,"Commercial agreements are priced according to transaction volume, deployment scope, and active operating locations.","The company sources accounts through regional partnerships, implementation relationships, and direct enterprise outreach.",1902720,15024107,388626,4 months,rejected
SignalBase,"SignalBase operates a software platform focused on invoice reconciliation for independent law firms. The business is seeking capital to expand integrations, onboarding resources, and account support operations.",fintech,series-a,2324912,USD,Teams handling invoice reconciliation often rely on fragmented workflows that require repeated reconciliation between internal records and third-party systems.,independent law firms,$77.1B annual operating market across 11 regions,The product consolidates operational processes associated with invoice reconciliation into a unified management environment with configurable reporting logic.,The deployment architecture supports staged implementation across distributed operating environments.,The implementation framework supports phased account deployment across distributed customer operating environments.,Recurring software subscriptions; implementation retainers; reporting modules,"Commercial agreements are priced according to transaction volume, deployment scope, and active operating locations.","The company sources accounts through regional partnerships, implementation relationships, and direct enterprise outreach.",987747,9280669,110572,17 months,approved
AtlasMetrics,"AtlasMetrics operates a software platform focused on patient scheduling for independent law firms. The business is seeking capital to expand integrations, onboarding resources, and account support operations.",cleantech,idea,7816859,AED,"Organizations responsible for patient scheduling frequently coordinate activity across disconnected operational systems, external vendors, and manual reporting processes.",independent law firms,$65.2B annual operating market across 10 regions,The product consolidates operational processes associated with patient scheduling into a unified management environment with configurable reporting logic.,The deployment architecture supports staged implementation across distributed operating environments.,The implementation framework supports phased account deployment across distributed customer operating environments.,Recurring software subscriptions; implementation retainers; reporting modules,Pricing combines annual subscription commitments with deployment and reporting service charges.,"Commercial growth is supported through industry conferences, pilot deployments, and executive referral networks.",2138031,20476035,227381,5 months,rejected
AtlasLogic,"AtlasLogic provides workflow software for retail distributors managing invoice reconciliation. The company is raising capital to support deployment operations, implementation staffing, and commercial expansion activities.",edtech,idea,4163191,GBP,"Organizations responsible for invoice reconciliation frequently coordinate activity across disconnected operational systems, external vendors, and manual reporting processes.",retail distributors,$9.4B annual operating market across 11 regions,The product consolidates operational processes associated with invoice reconciliation into a unified management environment with configurable reporting logic.,The software supports integration with operational systems commonly used across secondary markets.,The implementation framework supports phased account deployment across distributed customer operating environments.,Annual platform contracts; onboarding services; account support fees,Customers are billed through recurring contracts indexed to usage activity and implementation requirements.,"The company sources accounts through regional partnerships, implementation relationships, and direct enterprise outreach.",848153,13975956,562351,6 months,rejected
SummitFlow,"SummitFlow provides workflow software for agricultural cooperatives managing maintenance scheduling. The company is raising capital to support deployment operations, implementation staffing, and commercial expansion activities.",saas,idea,8857954,EUR,Companies managing maintenance scheduling typically operate across multiple reporting systems that lack centralized operational visibility.,agricultural cooperatives,$17.8B annual operating market across 5 regions,The product consolidates operational processes associated with maintenance scheduling into a unified management environment with configurable reporting logic.,The platform includes configurable controls aligned with procurement and reporting requirements.,Deployment operations are managed through standardized onboarding procedures across customer operating environments.,Usage-based billing; workflow modules; integration support services,"Commercial agreements are priced according to transaction volume, deployment scope, and active operating locations.","Commercial growth is supported through industry conferences, pilot deployments, and executive referral networks.",1255688,27667971,257541,6 months,rejected
GraniteSystems,"GraniteSystems operates a software platform focused on fleet routing for vocational institutes. The business is seeking capital to expand integrations, onboarding resources, and account support operations.",proptech,idea,5485711,SGD,Companies managing fleet routing typically operate across multiple reporting systems that lack centralized operational visibility.,vocational institutes,$27.1B annual operating market across 11 regions,"The platform centralizes records associated with fleet routing, synchronizes operational data across connected systems, and maintains configurable reporting controls.",The platform includes configurable controls aligned with procurement and reporting requirements.,Deployment operations are managed through standardized onboarding procedures across customer operating environments.,Annual platform contracts; onboarding services; account support fees,Pricing combines annual subscription commitments with deployment and reporting service charges.,"Commercial growth is supported through industry conferences, pilot deployments, and executive referral networks.",1250236,24391784,338737,8 months,rejected
OakMetrics,"OakMetrics provides workflow software for municipal transport operators managing patient scheduling. The company is raising capital to support deployment operations, implementation staffing, and commercial expansion activities.",fintech,idea,1771813,GBP,Companies managing patient scheduling typically operate across multiple reporting systems that lack centralized operational visibility.,municipal transport operators,$68.5B annual operating market across 8 regions,"The software standardizes workflows related to patient scheduling while maintaining audit visibility, operational tracking, and configurable access permissions.",The platform includes configurable controls aligned with procurement and reporting requirements.,Customer onboarding follows a structured implementation process across client operating environments with phased deployment support during rollout.,Annual platform contracts; onboarding services; account support fees,Pricing combines annual subscription commitments with deployment and reporting service charges.,"The company sources accounts through regional partnerships, implementation relationships, and direct enterprise outreach.",888384,4469346,124527,25 months,approved
SignalPilot,"SignalPilot provides workflow software for retail distributors managing supplier onboarding. The company is raising capital to support deployment operations, implementation staffing, and commercial expansion activities.",logistics,series-a,5550381,USD,Companies managing supplier onboarding typically operate across multiple reporting systems that lack centralized operational visibility.,retail distributors,$74.8B annual operating market across 5 regions,The product consolidates operational processes associated with supplier onboarding into a unified management environment with configurable reporting logic.,The software supports integration with operational systems commonly used across secondary markets.,Customer onboarding follows a structured implementation process across client operating environments with phased deployment support during rollout.,Usage-based billing; workflow modules; integration support services,Customers are billed through recurring contracts indexed to usage activity and implementation requirements.,"The company sources accounts through regional partnerships, implementation relationships, and direct enterprise outreach.",1853220,25246298,600737,9 months,rejected
NorthCloud,NorthCloud develops operational software used by insurance brokers responsible for patient scheduling. Funding from the current round supports implementation capacity and regional deployment activity.,proptech,idea,1547747,AED,"Organizations responsible for patient scheduling frequently coordinate activity across disconnected operational systems, external vendors, and manual reporting processes.",insurance brokers,$59.1B annual operating market across 13 regions,The product consolidates operational processes associated with patient scheduling into a unified management environment with configurable reporting logic.,The software supports integration with operational systems commonly used across secondary markets.,The implementation framework supports phased account deployment across distributed customer operating environments.,Recurring software subscriptions; implementation retainers; reporting modules,Customers are billed through recurring contracts indexed to usage activity and implementation requirements.,"Customer acquisition relies on procurement referrals, implementation partners, and sector-focused outbound sales activity.",1665726,4268411,122262,15 months,approved
ApexBase,"ApexBase provides workflow software for property managers managing inventory forecasting. The company is raising capital to support deployment operations, implementation staffing, and commercial expansion activities.",agritech,series-a,3265838,USD,Companies managing inventory forecasting typically operate across multiple reporting systems that lack centralized operational visibility.,property managers,$8.5B annual operating market across 5 regions,"The software standardizes workflows related to inventory forecasting while maintaining audit visibility, operational tracking, and configurable access permissions.",The deployment architecture supports staged implementation across distributed operating environments.,The implementation framework supports phased account deployment across distributed customer operating environments.,Recurring software subscriptions; implementation retainers; reporting modules,Pricing combines annual subscription commitments with deployment and reporting service charges.,"Customer acquisition relies on procurement referrals, implementation partners, and sector-focused outbound sales activity.",612004,10108225,751648,3 months,rejected
SummitFlow,"SummitFlow operates a software platform focused on maintenance scheduling for property managers. The business is seeking capital to expand integrations, onboarding resources, and account support operations.",healthtech,series-a,1152049,USD,"Organizations responsible for maintenance scheduling frequently coordinate activity across disconnected operational systems, external vendors, and manual reporting processes.",property managers,$77.7B annual operating market across 12 regions,The product consolidates operational processes associated with maintenance scheduling into a unified management environment with configurable reporting logic.,The product maintains configurable workflow logic across customer operating environments.,Customer onboarding follows a structured implementation process across client operating environments with phased deployment support during rollout.,Annual platform contracts; onboarding services; account support fees,Customers are billed through recurring contracts indexed to usage activity and implementation requirements.,"Commercial growth is supported through industry conferences, pilot deployments, and executive referral networks.",1456373,8118557,154879,16 months,approved
GraniteBridge,GraniteBridge develops operational software used by regional clinics responsible for fleet routing. Funding from the current round supports implementation capacity and regional deployment activity.,cleantech,series-a,6114611,GBP,"Organizations responsible for fleet routing frequently coordinate activity across disconnected operational systems, external vendors, and manual reporting processes.",regional clinics,$30.8B annual operating market across 6 regions,The product consolidates operational processes associated with fleet routing into a unified management environment with configurable reporting logic.,The software supports integration with operational systems commonly used across secondary markets.,The implementation framework supports phased account deployment across distributed customer operating environments.,Annual platform contracts; onboarding services; account support fees,Customers are billed through recurring contracts indexed to usage activity and implementation requirements.,"Customer acquisition relies on procurement referrals, implementation partners, and sector-focused outbound sales activity.",1263721,12720680,444593,6 months,rejected
OakPilot,"OakPilot operates a software platform focused on credential verification for insurance brokers. The business is seeking capital to expand integrations, onboarding resources, and account support operations.",agritech,seed,4599572,USD,Companies managing credential verification typically operate across multiple reporting systems that lack centralized operational visibility.,insurance brokers,$21.1B annual operating market across 15 regions,"The platform centralizes records associated with credential verification, synchronizes operational data across connected systems, and maintains configurable reporting controls.",The product maintains configurable workflow logic across customer operating environments.,Deployment operations are managed through standardized onboarding procedures across customer operating environments.,Recurring software subscriptions; implementation retainers; reporting modules,Pricing combines annual subscription commitments with deployment and reporting service charges.,"Commercial growth is supported through industry conferences, pilot deployments, and executive referral networks.",739256,21623326,589085,7 months,rejected
GraniteMetrics,"GraniteMetrics operates a software platform focused on fleet routing for specialty manufacturers. The business is seeking capital to expand integrations, onboarding resources, and account support operations.",agritech,idea,1326536,AED,Companies managing fleet routing typically operate across multiple reporting systems that lack centralized operational visibility.,specialty manufacturers,$7.6B annual operating market across 9 regions,"The software standardizes workflows related to fleet routing while maintaining audit visibility, operational tracking, and configurable access permissions.",The product maintains configurable workflow logic across customer operating environments.,Deployment operations are managed through standardized onboarding procedures across customer operating environments.,Recurring software subscriptions; implementation retainers; reporting modules,Pricing combines annual subscription commitments with deployment and reporting service charges.,"Commercial growth is supported through industry conferences, pilot deployments, and executive referral networks.",1931536,9183246,118559,17 months,approved
NorthMetrics,NorthMetrics develops operational software used by specialty manufacturers responsible for fleet routing. Funding from the current round supports implementation capacity and regional deployment activity.,legaltech,series-a,7071628,SGD,Companies managing fleet routing typically operate across multiple reporting systems that lack centralized operational visibility.,specialty manufacturers,$36.1B annual operating market across 17 regions,"The platform centralizes records associated with fleet routing, synchronizes operational data across connected systems, and maintains configurable reporting controls.",The product maintains configurable workflow logic across customer operating environments.,Customer onboarding follows a structured implementation process across client operating environments with phased deployment support during rollout.,Usage-based billing; workflow modules; integration support services,Customers are billed through recurring contracts indexed to usage activity and implementation requirements.,"Customer acquisition relies on procurement referrals, implementation partners, and sector-focused outbound sales activity.",642355,28040028,634739,4 months,rejected
OakBridge,"OakBridge provides workflow software for municipal transport operators managing maintenance scheduling. The company is raising capital to support deployment operations, implementation staffing, and commercial expansion activities.",ecommerce,pre-seed,5767488,AED,"Organizations responsible for maintenance scheduling frequently coordinate activity across disconnected operational systems, external vendors, and manual reporting processes.",municipal transport operators,$47.8B annual operating market across 10 regions,The product consolidates operational processes associated with maintenance scheduling into a unified management environment with configurable reporting logic.,The software supports integration with operational systems commonly used across secondary markets.,Customer onboarding follows a structured implementation process across client operating environments with phased deployment support during rollout.,Annual platform contracts; onboarding services; account support fees,Pricing combines annual subscription commitments with deployment and reporting service charges.,"Commercial growth is supported through industry conferences, pilot deployments, and executive referral networks.",1499191,27458419,336003,6 months,rejected
SignalLogic,"SignalLogic provides workflow software for agricultural cooperatives managing fleet routing. The company is raising capital to support deployment operations, implementation staffing, and commercial expansion activities.",cleantech,pre-seed,922571,USD,"Organizations responsible for fleet routing frequently coordinate activity across disconnected operational systems, external vendors, and manual reporting processes.",agricultural cooperatives,$57.8B annual operating market across 12 regions,"The software standardizes workflows related to fleet routing while maintaining audit visibility, operational tracking, and configurable access permissions.",The deployment architecture supports staged implementation across distributed operating environments.,Customer onboarding follows a structured implementation process across client operating environments with phased deployment support during rollout.,Annual platform contracts; onboarding services; account support fees,Pricing combines annual subscription commitments with deployment and reporting service charges.,"The company sources accounts through regional partnerships, implementation relationships, and direct enterprise outreach.",154870,6490703,74004,24 months,approved
DeltaSystems,"DeltaSystems operates a software platform focused on fleet routing for vocational institutes. The business is seeking capital to expand integrations, onboarding resources, and account support operations.",logistics,seed,2520830,USD,Companies managing fleet routing typically operate across multiple reporting systems that lack centralized operational visibility.,vocational institutes,$66.7B annual operating market across 14 regions,"The platform centralizes records associated with fleet routing, synchronizes operational data across connected systems, and maintains configurable reporting controls.",The software supports integration with operational systems commonly used across secondary markets.,Deployment operations are managed through standardized onboarding procedures across customer operating environments.,Usage-based billing; workflow modules; integration support services,"Commercial agreements are priced according to transaction volume, deployment scope, and active operating locations.","The company sources accounts through regional partnerships, implementation relationships, and direct enterprise outreach.",687747,11996230,131425,17 months,approved
NorthSystems,"NorthSystems provides workflow software for retail distributors managing invoice reconciliation. The company is raising capital to support deployment operations, implementation staffing, and commercial expansion activities.",cleantech,series-a,3062273,USD,"Organizations responsible for invoice reconciliation frequently coordinate activity across disconnected operational systems, external vendors, and manual reporting processes.",retail distributors,$51.5B annual operating market across 14 regions,The product consolidates operational processes associated with invoice reconciliation into a unified management environment with configurable reporting logic.,The product maintains configurable workflow logic across customer operating environments.,Customer onboarding follows a structured implementation process across client operating environments with phased deployment support during rollout.,Usage-based billing; workflow modules; integration support services,Customers are billed through recurring contracts indexed to usage activity and implementation requirements.,"The company sources accounts through regional partnerships, implementation relationships, and direct enterprise outreach.",1554998,11232902,179376,16 months,approved
GraniteLedger,"GraniteLedger operates a software platform focused on inventory forecasting for independent law firms. The business is seeking capital to expand integrations, onboarding resources, and account support operations.",legaltech,idea,2411305,SGD,"Organizations responsible for inventory forecasting frequently coordinate activity across disconnected operational systems, external vendors, and manual reporting processes.",independent law firms,$21.3B annual operating market across 12 regions,"The software standardizes workflows related to inventory forecasting while maintaining audit visibility, operational tracking, and configurable access permissions.",The platform includes configurable controls aligned with procurement and reporting requirements.,The implementation framework supports phased account deployment across distributed customer operating environments.,Annual platform contracts; onboarding services; account support fees,Customers are billed through recurring contracts indexed to usage activity and implementation requirements.,"Commercial growth is supported through industry conferences, pilot deployments, and executive referral networks.",1347786,7132687,90520,23 months,approved
SignalLogic,"SignalLogic provides workflow software for regional clinics managing patient scheduling. The company is raising capital to support deployment operations, implementation staffing, and commercial expansion activities.",fintech,series-a,953973,GBP,"Organizations responsible for patient scheduling frequently coordinate activity across disconnected operational systems, external vendors, and manual reporting processes.",regional clinics,$6.6B annual operating market across 18 regions,"The software standardizes workflows related to patient scheduling while maintaining audit visibility, operational tracking, and configurable access permissions.",The product maintains configurable workflow logic across customer operating environments.,Deployment operations are managed through standardized onboarding procedures across customer operating environments.,Usage-based billing; workflow modules; integration support services,Customers are billed through recurring contracts indexed to usage activity and implementation requirements.,"The company sources accounts through regional partnerships, implementation relationships, and direct enterprise outreach.",456474,8932824,137545,25 months,approved
AtlasSystems,"AtlasSystems operates a software platform focused on supplier onboarding for agricultural cooperatives. The business is seeking capital to expand integrations, onboarding resources, and account support operations.",saas,pre-seed,1902669,USD,Teams handling supplier onboarding often rely on fragmented workflows that require repeated reconciliation between internal records and third-party systems.,agricultural cooperatives,$80.8B annual operating market across 14 regions,"The software standardizes workflows related to supplier onboarding while maintaining audit visibility, operational tracking, and configurable access permissions.",The product maintains configurable workflow logic across customer operating environments.,Deployment operations are managed through standardized onboarding procedures across customer operating environments.,Usage-based billing; workflow modules; integration support services,Pricing combines annual subscription commitments with deployment and reporting service charges.,"Commercial growth is supported through industry conferences, pilot deployments, and executive referral networks.",1736648,4980243,165953,25 months,approved
ApexMetrics,"ApexMetrics operates a software platform focused on claims intake for specialty manufacturers. The business is seeking capital to expand integrations, onboarding resources, and account support operations.",saas,series-a,8773748,AED,Companies managing claims intake typically operate across multiple reporting systems that lack centralized operational visibility.,specialty manufacturers,$13.6B annual operating market across 9 regions,"The software standardizes workflows related to claims intake while maintaining audit visibility, operational tracking, and configurable access permissions.",The software supports integration with operational systems commonly used across secondary markets.,The implementation framework supports phased account deployment across distributed customer operating environments.,Usage-based billing; workflow modules; integration support services,"Commercial agreements are priced according to transaction volume, deployment scope, and active operating locations.","Commercial growth is supported through industry conferences, pilot deployments, and executive referral networks.",202737,23943849,866995,4 months,rejected
GraniteBase,"GraniteBase operates a software platform focused on inventory forecasting for specialty manufacturers. The business is seeking capital to expand integrations, onboarding resources, and account support operations.",logistics,series-a,3224403,GBP,Companies managing inventory forecasting typically operate across multiple reporting systems that lack centralized operational visibility.,specialty manufacturers,$64.5B annual operating market across 16 regions,The product consolidates operational processes associated with inventory forecasting into a unified management environment with configurable reporting logic.,The software supports integration with operational systems commonly used across secondary markets.,Customer onboarding follows a structured implementation process across client operating environments with phased deployment support during rollout.,Annual platform contracts; onboarding services; account support fees,Pricing combines annual subscription commitments with deployment and reporting service charges.,"The company sources accounts through regional partnerships, implementation relationships, and direct enterprise outreach.",269091,5127101,176487,20 months,approved
SummitFlow,"SummitFlow provides workflow software for retail distributors managing patient scheduling. The company is raising capital to support deployment operations, implementation staffing, and commercial expansion activities.",healthtech,pre-seed,2734006,USD,Companies managing patient scheduling typically operate across multiple reporting systems that lack centralized operational visibility.,retail distributors,$51.0B annual operating market across 11 regions,"The platform centralizes records associated with patient scheduling, synchronizes operational data across connected systems, and maintains configurable reporting controls.",The platform includes configurable controls aligned with procurement and reporting requirements.,Customer onboarding follows a structured implementation process across client operating environments with phased deployment support during rollout.,Annual platform contracts; onboarding services; account support fees,"Commercial agreements are priced according to transaction volume, deployment scope, and active operating locations.","Commercial growth is supported through industry conferences, pilot deployments, and executive referral networks.",1490713,10775784,65450,19 months,approved
SummitSystems,"SummitSystems provides workflow software for vocational institutes managing maintenance scheduling. The company is raising capital to support deployment operations, implementation staffing, and commercial expansion activities.",cleantech,seed,2342654,SGD,"Organizations responsible for maintenance scheduling frequently coordinate activity across disconnected operational systems, external vendors, and manual reporting processes.",vocational institutes,$17.2B annual operating market across 14 regions,The product consolidates operational processes associated with maintenance scheduling into a unified management environment with configurable reporting logic.,The platform includes configurable controls aligned with procurement and reporting requirements.,Customer onboarding follows a structured implementation process across client operating environments with phased deployment support during rollout.,Recurring software subscriptions; implementation retainers; reporting modules,Customers are billed through recurring contracts indexed to usage activity and implementation requirements.,"Customer acquisition relies on procurement referrals, implementation partners, and sector-focused outbound sales activity.",1363064,4011633,66327,17 months,approved
GraniteMetrics,"GraniteMetrics operates a software platform focused on invoice reconciliation for independent law firms. The business is seeking capital to expand integrations, onboarding resources, and account support operations.",ecommerce,seed,7472115,SGD,Companies managing invoice reconciliation typically operate across multiple reporting systems that lack centralized operational visibility.,independent law firms,$51.7B annual operating market across 11 regions,The product consolidates operational processes associated with invoice reconciliation into a unified management environment with configurable reporting logic.,The deployment architecture supports staged implementation across distributed operating environments.,Deployment operations are managed through standardized onboarding procedures across customer operating environments.,Annual platform contracts; onboarding services; account support fees,Customers are billed through recurring contracts indexed to usage activity and implementation requirements.,"Customer acquisition relies on procurement referrals, implementation partners, and sector-focused outbound sales activity.",624831,16637143,504680,8 months,rejected
HarborLogic,HarborLogic develops operational software used by warehouse operators responsible for maintenance scheduling. Funding from the current round supports implementation capacity and regional deployment activity.,healthtech,seed,637986,AED,"Organizations responsible for maintenance scheduling frequently coordinate activity across disconnected operational systems, external vendors, and manual reporting processes.",warehouse operators,$47.0B annual operating market across 9 regions,"The software standardizes workflows related to maintenance scheduling while maintaining audit visibility, operational tracking, and configurable access permissions.",The platform includes configurable controls aligned with procurement and reporting requirements.,Customer onboarding follows a structured implementation process across client operating environments with phased deployment support during rollout.,Annual platform contracts; onboarding services; account support fees,Pricing combines annual subscription commitments with deployment and reporting service charges.,"Commercial growth is supported through industry conferences, pilot deployments, and executive referral networks.",244928,10726378,52569,20 months,approved
HarborFlow,HarborFlow develops operational software used by warehouse operators responsible for maintenance scheduling. Funding from the current round supports implementation capacity and regional deployment activity.,healthtech,pre-seed,3213748,USD,Teams handling maintenance scheduling often rely on fragmented workflows that require repeated reconciliation between internal records and third-party systems.,warehouse operators,$58.0B annual operating market across 6 regions,"The platform centralizes records associated with maintenance scheduling, synchronizes operational data across connected systems, and maintains configurable reporting controls.",The platform includes configurable controls aligned with procurement and reporting requirements.,The implementation framework supports phased account deployment across distributed customer operating environments.,Usage-based billing; workflow modules; integration support services,Pricing combines annual subscription commitments with deployment and reporting service charges.,"The company sources accounts through regional partnerships, implementation relationships, and direct enterprise outreach.",1814093,3893415,40178,19 months,approved
DeltaLedger,"DeltaLedger provides workflow software for vocational institutes managing credential verification. The company is raising capital to support deployment operations, implementation staffing, and commercial expansion activities.",legaltech,pre-seed,6822991,USD,Companies managing credential verification typically operate across multiple reporting systems that lack centralized operational visibility.,vocational institutes,$66.1B annual operating market across 11 regions,The product consolidates operational processes associated with credential verification into a unified management environment with configurable reporting logic.,The deployment architecture supports staged implementation across distributed operating environments.,The implementation framework supports phased account deployment across distributed customer operating environments.,Annual platform contracts; onboarding services; account support fees,Customers are billed through recurring contracts indexed to usage activity and implementation requirements.,"The company sources accounts through regional partnerships, implementation relationships, and direct enterprise outreach.",2202864,29368914,429770,9 months,rejected
NorthCloud,NorthCloud develops operational software used by insurance brokers responsible for patient scheduling. Funding from the current round supports implementation capacity and regional deployment activity.,proptech,idea,2717766,AED,"Organizations responsible for patient scheduling frequently coordinate activity across disconnected operational systems, external vendors, and manual reporting processes.",insurance brokers,$59.1B annual operating market across 13 regions,The product consolidates operational processes associated with patient scheduling into a unified management environment with configurable reporting logic.,The software supports integration with operational systems commonly used across secondary markets.,The implementation framework supports phased account deployment across distributed customer operating environments.,Recurring software subscriptions; implementation retainers; reporting modules,Customers are billed through recurring contracts indexed to usage activity and implementation requirements.,"Customer acquisition relies on procurement referrals, implementation partners, and sector-focused outbound sales activity.",1329862,27929110,370866,3 months,rejected
DeltaFlow,"DeltaFlow operates a software platform focused on crop procurement for specialty manufacturers. The business is seeking capital to expand integrations, onboarding resources, and account support operations.",logistics,pre-seed,3728385,GBP,Companies managing crop procurement typically operate across multiple reporting systems that lack centralized operational visibility.,specialty manufacturers,$39.8B annual operating market across 7 regions,The product consolidates operational processes associated with crop procurement into a unified management environment with configurable reporting logic.,The product maintains configurable workflow logic across customer operating environments.,Customer onboarding follows a structured implementation process across client operating environments with phased deployment support during rollout.,Annual platform contracts; onboarding services; account support fees,"Commercial agreements are priced according to transaction volume, deployment scope, and active operating locations.","Commercial growth is supported through industry conferences, pilot deployments, and executive referral networks.",585575,10910328,693470,7 months,rejected
OakFlow,"OakFlow operates a software platform focused on fleet routing for municipal transport operators. The business is seeking capital to expand integrations, onboarding resources, and account support operations.",saas,pre-seed,3320175,GBP,Companies managing fleet routing typically operate across multiple reporting systems that lack centralized operational visibility.,municipal transport operators,$8.5B annual operating market across 4 regions,"The platform centralizes records associated with fleet routing, synchronizes operational data across connected systems, and maintains configurable reporting controls.",The product maintains configurable workflow logic across customer operating environments.,Deployment operations are managed through standardized onboarding procedures across customer operating environments.,Usage-based billing; workflow modules; integration support services,Pricing combines annual subscription commitments with deployment and reporting service charges.,"The company sources accounts through regional partnerships, implementation relationships, and direct enterprise outreach.",30696,10616299,137911,20 months,approved
SummitBridge,"SummitBridge provides workflow software for property managers managing crop procurement. The company is raising capital to support deployment operations, implementation staffing, and commercial expansion activities.",legaltech,seed,3229493,AED,Teams handling crop procurement often rely on fragmented workflows that require repeated reconciliation between internal records and third-party systems.,property managers,$52.6B annual operating market across 11 regions,"The software standardizes workflows related to crop procurement while maintaining audit visibility, operational tracking, and configurable access permissions.",The platform includes configurable controls aligned with procurement and reporting requirements.,Deployment operations are managed through standardized onboarding procedures across customer operating environments.,Recurring software subscriptions; implementation retainers; reporting modules,Pricing combines annual subscription commitments with deployment and reporting service charges.,"Commercial growth is supported through industry conferences, pilot deployments, and executive referral networks.",250537,6582528,552401,7 months,rejected
SummitCloud,"SummitCloud provides workflow software for vocational institutes managing invoice reconciliation. The company is raising capital to support deployment operations, implementation staffing, and commercial expansion activities.",agritech,idea,3812103,AED,Companies managing invoice reconciliation typically operate across multiple reporting systems that lack centralized operational visibility.,vocational institutes,$75.1B annual operating market across 13 regions,"The software standardizes workflows related to invoice reconciliation while maintaining audit visibility, operational tracking, and configurable access permissions.",The software supports integration with operational systems commonly used across secondary markets.,Deployment operations are managed through standardized onboarding procedures across customer operating environments.,Annual platform contracts; onboarding services; account support fees,"Commercial agreements are priced according to transaction volume, deployment scope, and active operating locations.","Customer acquisition relies on procurement referrals, implementation partners, and sector-focused outbound sales activity.",403067,11403291,387215,5 months,rejected
SummitBase,"SummitBase provides workflow software for property managers managing tenant documentation. The company is raising capital to support deployment operations, implementation staffing, and commercial expansion activities.",edtech,series-a,840405,AED,"Organizations responsible for tenant documentation frequently coordinate activity across disconnected operational systems, external vendors, and manual reporting processes.",property managers,$71.6B annual operating market across 15 regions,"The software standardizes workflows related to tenant documentation while maintaining audit visibility, operational tracking, and configurable access permissions.",The product maintains configurable workflow logic across customer operating environments.,The implementation framework supports phased account deployment across distributed customer operating environments.,Annual platform contracts; onboarding services; account support fees,Pricing combines annual subscription commitments with deployment and reporting service charges.,"The company sources accounts through regional partnerships, implementation relationships, and direct enterprise outreach.",165040,10755536,106315,26 months,approved
OakMetrics,"OakMetrics provides workflow software for municipal transport operators managing patient scheduling. The company is raising capital to support deployment operations, implementation staffing, and commercial expansion activities.",fintech,idea,6199214,GBP,Companies managing patient scheduling typically operate across multiple reporting systems that lack centralized operational visibility.,municipal transport operators,$68.5B annual operating market across 8 regions,"The software standardizes workflows related to patient scheduling while maintaining audit visibility, operational tracking, and configurable access permissions.",The platform includes configurable controls aligned with procurement and reporting requirements.,Customer onboarding follows a structured implementation process across client operating environments with phased deployment support during rollout.,Annual platform contracts; onboarding services; account support fees,Pricing combines annual subscription commitments with deployment and reporting service charges.,"The company sources accounts through regional partnerships, implementation relationships, and direct enterprise outreach.",1193855,25957115,940425,5 months,rejected
AtlasBase,AtlasBase develops operational software used by specialty manufacturers responsible for patient scheduling. Funding from the current round supports implementation capacity and regional deployment activity.,proptech,series-a,1108536,AED,"Organizations responsible for patient scheduling frequently coordinate activity across disconnected operational systems, external vendors, and manual reporting processes.",specialty manufacturers,$11.2B annual operating market across 16 regions,"The platform centralizes records associated with patient scheduling, synchronizes operational data across connected systems, and maintains configurable reporting controls.",The software supports integration with operational systems commonly used across secondary markets.,Customer onboarding follows a structured implementation process across client operating environments with phased deployment support during rollout.,Annual platform contracts; onboarding services; account support fees,"Commercial agreements are priced according to transaction volume, deployment scope, and active operating locations.","Commercial growth is supported through industry conferences, pilot deployments, and executive referral networks.",231724,7188834,126945,15 months,approved
ApexLogic,ApexLogic develops operational software used by vocational institutes responsible for supplier onboarding. Funding from the current round supports implementation capacity and regional deployment activity.,edtech,pre-seed,8817755,EUR,"Organizations responsible for supplier onboarding frequently coordinate activity across disconnected operational systems, external vendors, and manual reporting processes.",vocational institutes,$59.8B annual operating market across 8 regions,"The software standardizes workflows related to supplier onboarding while maintaining audit visibility, operational tracking, and configurable access permissions.",The software supports integration with operational systems commonly used across secondary markets.,Customer onboarding follows a structured implementation process across client operating environments with phased deployment support during rollout.,Annual platform contracts; onboarding services; account support fees,Customers are billed through recurring contracts indexed to usage activity and implementation requirements.,"The company sources accounts through regional partnerships, implementation relationships, and direct enterprise outreach.",962088,6576130,832438,6 months,rejected
SignalLogic,"SignalLogic operates a software platform focused on fleet routing for municipal transport operators. The business is seeking capital to expand integrations, onboarding resources, and account support operations.",cleantech,seed,1671323,GBP,Teams handling fleet routing often rely on fragmented workflows that require repeated reconciliation between internal records and third-party systems.,municipal transport operators,$55.7B annual operating market across 4 regions,"The software standardizes workflows related to fleet routing while maintaining audit visibility, operational tracking, and configurable access permissions.",The software supports integration with operational systems commonly used across secondary markets.,Customer onboarding follows a structured implementation process across client operating environments with phased deployment support during rollout.,Usage-based billing; workflow modules; integration support services,"Commercial agreements are priced according to transaction volume, deployment scope, and active operating locations.","Commercial growth is supported through industry conferences, pilot deployments, and executive referral networks.",1261417,3322462,67447,23 months,approved
SummitWorks,"SummitWorks provides workflow software for independent law firms managing credential verification. The company is raising capital to support deployment operations, implementation staffing, and commercial expansion activities.",saas,pre-seed,2764768,SGD,Teams handling credential verification often rely on fragmented workflows that require repeated reconciliation between internal records and third-party systems.,independent law firms,$8.5B annual operating market across 14 regions,"The software standardizes workflows related to credential verification while maintaining audit visibility, operational tracking, and configurable access permissions.",The product maintains configurable workflow logic across customer operating environments.,The implementation framework supports phased account deployment across distributed customer operating environments.,Annual platform contracts; onboarding services; account support fees,"Commercial agreements are priced according to transaction volume, deployment scope, and active operating locations.","The company sources accounts through regional partnerships, implementation relationships, and direct enterprise outreach.",892270,9047240,80576,23 months,approved
GraniteFlow,"GraniteFlow provides workflow software for municipal transport operators managing invoice reconciliation. The company is raising capital to support deployment operations, implementation staffing, and commercial expansion activities.",healthtech,series-a,4644364,AED,"Organizations responsible for invoice reconciliation frequently coordinate activity across disconnected operational systems, external vendors, and manual reporting processes.",municipal transport operators,$15.5B annual operating market across 16 regions,"The software standardizes workflows related to invoice reconciliation while maintaining audit visibility, operational tracking, and configurable access permissions.",The product maintains configurable workflow logic across customer operating environments.,Deployment operations are managed through standardized onboarding procedures across customer operating environments.,Recurring software subscriptions; implementation retainers; reporting modules,Pricing combines annual subscription commitments with deployment and reporting service charges.,"Customer acquisition relies on procurement referrals, implementation partners, and sector-focused outbound sales activity.",901804,26043134,363856,7 months,rejected
NorthSystems,"NorthSystems provides workflow software for retail distributors managing invoice reconciliation. The company is raising capital to support deployment operations, implementation staffing, and commercial expansion activities.",cleantech,series-a,7481767,USD,"Organizations responsible for invoice reconciliation frequently coordinate activity across disconnected operational systems, external vendors, and manual reporting processes.",retail distributors,$51.5B annual operating market across 14 regions,The product consolidates operational processes associated with invoice reconciliation into a unified management environment with configurable reporting logic.,The product maintains configurable workflow logic across customer operating environments.,Customer onboarding follows a structured implementation process across client operating environments with phased deployment support during rollout.,Usage-based billing; workflow modules; integration support services,Customers are billed through recurring contracts indexed to usage activity and implementation requirements.,"The company sources accounts through regional partnerships, implementation relationships, and direct enterprise outreach.",1635053,11542356,337556,7 months,rejected
SummitSystems,SummitSystems develops operational software used by vocational institutes responsible for claims intake. Funding from the current round supports implementation capacity and regional deployment activity.,legaltech,pre-seed,4030893,GBP,"Organizations responsible for claims intake frequently coordinate activity across disconnected operational systems, external vendors, and manual reporting processes.",vocational institutes,$66.3B annual operating market across 9 regions,"The platform centralizes records associated with claims intake, synchronizes operational data across connected systems, and maintains configurable reporting controls.",The software supports integration with operational systems commonly used across secondary markets.,The implementation framework supports phased account deployment across distributed customer operating environments.,Recurring software subscriptions; implementation retainers; reporting modules,"Commercial agreements are priced according to transaction volume, deployment scope, and active operating locations.","Customer acquisition relies on procurement referrals, implementation partners, and sector-focused outbound sales activity.",2418756,22221458,366520,9 months,rejected
ApexLedger,ApexLedger develops operational software used by regional clinics responsible for claims intake. Funding from the current round supports implementation capacity and regional deployment activity.,ecommerce,series-a,4698474,EUR,"Organizations responsible for claims intake frequently coordinate activity across disconnected operational systems, external vendors, and manual reporting processes.",regional clinics,$59.9B annual operating market across 13 regions,"The software standardizes workflows related to claims intake while maintaining audit visibility, operational tracking, and configurable access permissions.",The platform includes configurable controls aligned with procurement and reporting requirements.,The implementation framework supports phased account deployment across distributed customer operating environments.,Annual platform contracts; onboarding services; account support fees,Pricing combines annual subscription commitments with deployment and reporting service charges.,"Commercial growth is supported through industry conferences, pilot deployments, and executive referral networks.",1142771,11810089,593072,9 months,rejected
DeltaLedger,"DeltaLedger provides workflow software for vocational institutes managing credential verification. The company is raising capital to support deployment operations, implementation staffing, and commercial expansion activities.",legaltech,pre-seed,2297819,USD,Companies managing credential verification typically operate across multiple reporting systems that lack centralized operational visibility.,vocational institutes,$66.1B annual operating market across 11 regions,The product consolidates operational processes associated with credential verification into a unified management environment with configurable reporting logic.,The deployment architecture supports staged implementation across distributed operating environments.,The implementation framework supports phased account deployment across distributed customer operating environments.,Annual platform contracts; onboarding services; account support fees,Customers are billed through recurring contracts indexed to usage activity and implementation requirements.,"The company sources accounts through regional partnerships, implementation relationships, and direct enterprise outreach.",1156946,7543657,139600,15 months,approved
OakBase,"OakBase provides workflow software for specialty manufacturers managing credential verification. The company is raising capital to support deployment operations, implementation staffing, and commercial expansion activities.",cleantech,series-a,8698475,AED,Companies managing credential verification typically operate across multiple reporting systems that lack centralized operational visibility.,specialty manufacturers,$28.1B annual operating market across 11 regions,"The software standardizes workflows related to credential verification while maintaining audit visibility, operational tracking, and configurable access permissions.",The software supports integration with operational systems commonly used across secondary markets.,Customer onboarding follows a structured implementation process across client operating environments with phased deployment support during rollout.,Recurring software subscriptions; implementation retainers; reporting modules,Pricing combines annual subscription commitments with deployment and reporting service charges.,"The company sources accounts through regional partnerships, implementation relationships, and direct enterprise outreach.",1708095,27812762,385144,7 months,rejected
OakLogic,"OakLogic operates a software platform focused on fleet routing for property managers. The business is seeking capital to expand integrations, onboarding resources, and account support operations.",logistics,series-a,3813550,AED,Teams handling fleet routing often rely on fragmented workflows that require repeated reconciliation between internal records and third-party systems.,property managers,$39.8B annual operating market across 18 regions,"The software standardizes workflows related to fleet routing while maintaining audit visibility, operational tracking, and configurable access permissions.",The software supports integration with operational systems commonly used across secondary markets.,The implementation framework supports phased account deployment across distributed customer operating environments.,Usage-based billing; workflow modules; integration support services,Pricing combines annual subscription commitments with deployment and reporting service charges.,"Commercial growth is supported through industry conferences, pilot deployments, and executive referral networks.",857327,28962275,628898,3 months,rejected
OakWorks,"OakWorks operates a software platform focused on patient scheduling for independent law firms. The business is seeking capital to expand integrations, onboarding resources, and account support operations.",saas,pre-seed,1951107,SGD,Companies managing patient scheduling typically operate across multiple reporting systems that lack centralized operational visibility.,independent law firms,$27.9B annual operating market across 7 regions,The product consolidates operational processes associated with patient scheduling into a unified management environment with configurable reporting logic.,The product maintains configurable workflow logic across customer operating environments.,The implementation framework supports phased account deployment across distributed customer operating environments.,Usage-based billing; workflow modules; integration support services,Pricing combines annual subscription commitments with deployment and reporting service charges.,"Customer acquisition relies on procurement referrals, implementation partners, and sector-focused outbound sales activity.",178231,6799069,168553,18 months,approved
SignalBase,"SignalBase operates a software platform focused on invoice reconciliation for independent law firms. The business is seeking capital to expand integrations, onboarding resources, and account support operations.",fintech,series-a,6469166,USD,Teams handling invoice reconciliation often rely on fragmented workflows that require repeated reconciliation between internal records and third-party systems.,independent law firms,$77.1B annual operating market across 11 regions,The product consolidates operational processes associated with invoice reconciliation into a unified management environment with configurable reporting logic.,The deployment architecture supports staged implementation across distributed operating environments.,The implementation framework supports phased account deployment across distributed customer operating environments.,Recurring software subscriptions; implementation retainers; reporting modules,"Commercial agreements are priced according to transaction volume, deployment scope, and active operating locations.","The company sources accounts through regional partnerships, implementation relationships, and direct enterprise outreach.",1033972,10260325,576181,6 months,rejected
ApexFlow,"ApexFlow provides workflow software for retail distributors managing patient scheduling. The company is raising capital to support deployment operations, implementation staffing, and commercial expansion activities.",cleantech,series-a,8539822,EUR,Companies managing patient scheduling typically operate across multiple reporting systems that lack centralized operational visibility.,retail distributors,$51.2B annual operating market across 10 regions,"The platform centralizes records associated with patient scheduling, synchronizes operational data across connected systems, and maintains configurable reporting controls.",The platform includes configurable controls aligned with procurement and reporting requirements.,Customer onboarding follows a structured implementation process across client operating environments with phased deployment support during rollout.,Recurring software subscriptions; implementation retainers; reporting modules,Customers are billed through recurring contracts indexed to usage activity and implementation requirements.,"Customer acquisition relies on procurement referrals, implementation partners, and sector-focused outbound sales activity.",2229751,17675499,678268,6 months,rejected
AtlasSystems,"AtlasSystems provides workflow software for agricultural cooperatives managing credential verification. The company is raising capital to support deployment operations, implementation staffing, and commercial expansion activities.",saas,seed,1987677,GBP,Teams handling credential verification often rely on fragmented workflows that require repeated reconciliation between internal records and third-party systems.,agricultural cooperatives,$56.2B annual operating market across 5 regions,The product consolidates operational processes associated with credential verification into a unified management environment with configurable reporting logic.,The deployment architecture supports staged implementation across distributed operating environments.,Customer onboarding follows a structured implementation process across client operating environments with phased deployment support during rollout.,Annual platform contracts; onboarding services; account support fees,Customers are billed through recurring contracts indexed to usage activity and implementation requirements.,"Commercial growth is supported through industry conferences, pilot deployments, and executive referral networks.",636090,8115866,119397,19 months,approved
ApexBridge,"ApexBridge provides workflow software for regional clinics managing invoice reconciliation. The company is raising capital to support deployment operations, implementation staffing, and commercial expansion activities.",logistics,series-a,5110615,USD,"Organizations responsible for invoice reconciliation frequently coordinate activity across disconnected operational systems, external vendors, and manual reporting processes.",regional clinics,$65.6B annual operating market across 15 regions,"The platform centralizes records associated with invoice reconciliation, synchronizes operational data across connected systems, and maintains configurable reporting controls.",The product maintains configurable workflow logic across customer operating environments.,Deployment operations are managed through standardized onboarding procedures across customer operating environments.,Recurring software subscriptions; implementation retainers; reporting modules,Pricing combines annual subscription commitments with deployment and reporting service charges.,"The company sources accounts through regional partnerships, implementation relationships, and direct enterprise outreach.",697482,6508333,649969,9 months,rejected
DeltaMetrics,DeltaMetrics develops operational software used by regional clinics responsible for maintenance scheduling. Funding from the current round supports implementation capacity and regional deployment activity.,healthtech,idea,1869254,EUR,Companies managing maintenance scheduling typically operate across multiple reporting systems that lack centralized operational visibility.,regional clinics,$28.2B annual operating market across 9 regions,The product consolidates operational processes associated with maintenance scheduling into a unified management environment with configurable reporting logic.,The deployment architecture supports staged implementation across distributed operating environments.,Deployment operations are managed through standardized onboarding procedures across customer operating environments.,Annual platform contracts; onboarding services; account support fees,Pricing combines annual subscription commitments with deployment and reporting service charges.,"Commercial growth is supported through industry conferences, pilot deployments, and executive referral networks.",1384800,10694994,161908,14 months,approved
SignalLedger,"SignalLedger provides workflow software for insurance brokers managing crop procurement. The company is raising capital to support deployment operations, implementation staffing, and commercial expansion activities.",fintech,series-a,401975,SGD,Teams handling crop procurement often rely on fragmented workflows that require repeated reconciliation between internal records and third-party systems.,insurance brokers,$29.2B annual operating market across 10 regions,The product consolidates operational processes associated with crop procurement into a unified management environment with configurable reporting logic.,The product maintains configurable workflow logic across customer operating environments.,Customer onboarding follows a structured implementation process across client operating environments with phased deployment support during rollout.,Annual platform contracts; onboarding services; account support fees,Customers are billed through recurring contracts indexed to usage activity and implementation requirements.,"Customer acquisition relies on procurement referrals, implementation partners, and sector-focused outbound sales activity.",67705,7602708,45146,17 months,approved
DeltaBase,"DeltaBase provides workflow software for municipal transport operators managing credential verification. The company is raising capital to support deployment operations, implementation staffing, and commercial expansion activities.",healthtech,pre-seed,2386420,GBP,"Organizations responsible for credential verification frequently coordinate activity across disconnected operational systems, external vendors, and manual reporting processes.",municipal transport operators,$9.2B annual operating market across 16 regions,"The software standardizes workflows related to credential verification while maintaining audit visibility, operational tracking, and configurable access permissions.",The platform includes configurable controls aligned with procurement and reporting requirements.,The implementation framework supports phased account deployment across distributed customer operating environments.,Recurring software subscriptions; implementation retainers; reporting modules,Pricing combines annual subscription commitments with deployment and reporting service charges.,"Customer acquisition relies on procurement referrals, implementation partners, and sector-focused outbound sales activity.",147633,7890602,107981,25 months,approved
VectorBase,"VectorBase operates a software platform focused on patient scheduling for retail distributors. The business is seeking capital to expand integrations, onboarding resources, and account support operations.",logistics,seed,8410307,AED,"Organizations responsible for patient scheduling frequently coordinate activity across disconnected operational systems, external vendors, and manual reporting processes.",retail distributors,$77.4B annual operating market across 17 regions,"The software standardizes workflows related to patient scheduling while maintaining audit visibility, operational tracking, and configurable access permissions.",The deployment architecture supports staged implementation across distributed operating environments.,The implementation framework supports phased account deployment across distributed customer operating environments.,Annual platform contracts; onboarding services; account support fees,Customers are billed through recurring contracts indexed to usage activity and implementation requirements.,"Commercial growth is supported through industry conferences, pilot deployments, and executive referral networks.",23825,8192444,364211,3 months,rejected
OakMetrics,"OakMetrics provides workflow software for vocational institutes managing claims intake. The company is raising capital to support deployment operations, implementation staffing, and commercial expansion activities.",proptech,idea,2749240,SGD,"Organizations responsible for claims intake frequently coordinate activity across disconnected operational systems, external vendors, and manual reporting processes.",vocational institutes,$73.1B annual operating market across 14 regions,"The software standardizes workflows related to claims intake while maintaining audit visibility, operational tracking, and configurable access permissions.",The product maintains configurable workflow logic across customer operating environments.,Deployment operations are managed through standardized onboarding procedures across customer operating environments.,Annual platform contracts; onboarding services; account support fees,"Commercial agreements are priced according to transaction volume, deployment scope, and active operating locations.","The company sources accounts through regional partnerships, implementation relationships, and direct enterprise outreach.",22139,4813308,171320,15 months,approved
NorthFlow,NorthFlow develops operational software used by property managers responsible for inventory forecasting. Funding from the current round supports implementation capacity and regional deployment activity.,legaltech,seed,5890078,USD,"Organizations responsible for inventory forecasting frequently coordinate activity across disconnected operational systems, external vendors, and manual reporting processes.",property managers,$17.2B annual operating market across 15 regions,"The platform centralizes records associated with inventory forecasting, synchronizes operational data across connected systems, and maintains configurable reporting controls.",The software supports integration with operational systems commonly used across secondary markets.,The implementation framework supports phased account deployment across distributed customer operating environments.,Annual platform contracts; onboarding services; account support fees,"Commercial agreements are priced according to transaction volume, deployment scope, and active operating locations.","The company sources accounts through regional partnerships, implementation relationships, and direct enterprise outreach.",1142114,9689290,730073,5 months,rejected
SignalBridge,SignalBridge develops operational software used by specialty manufacturers responsible for patient scheduling. Funding from the current round supports implementation capacity and regional deployment activity.,ecommerce,seed,2532058,USD,"Organizations responsible for patient scheduling frequently coordinate activity across disconnected operational systems, external vendors, and manual reporting processes.",specialty manufacturers,$63.2B annual operating market across 4 regions,"The software standardizes workflows related to patient scheduling while maintaining audit visibility, operational tracking, and configurable access permissions.",The software supports integration with operational systems commonly used across secondary markets.,Customer onboarding follows a structured implementation process across client operating environments with phased deployment support during rollout.,Annual platform contracts; onboarding services; account support fees,"Commercial agreements are priced according to transaction volume, deployment scope, and active operating locations.","Commercial growth is supported through industry conferences, pilot deployments, and executive referral networks.",1589633,11526230,95796,21 months,approved
SummitLogic,"SummitLogic provides workflow software for vocational institutes managing maintenance scheduling. The company is raising capital to support deployment operations, implementation staffing, and commercial expansion activities.",edtech,seed,1639258,SGD,"Organizations responsible for maintenance scheduling frequently coordinate activity across disconnected operational systems, external vendors, and manual reporting processes.",vocational institutes,$20.3B annual operating market across 8 regions,"The software standardizes workflows related to maintenance scheduling while maintaining audit visibility, operational tracking, and configurable access permissions.",The platform includes configurable controls aligned with procurement and reporting requirements.,The implementation framework supports phased account deployment across distributed customer operating environments.,Recurring software subscriptions; implementation retainers; reporting modules,Pricing combines annual subscription commitments with deployment and reporting service charges.,"The company sources accounts through regional partnerships, implementation relationships, and direct enterprise outreach.",1777777,7085190,137652,26 months,approved
GraniteMetrics,GraniteMetrics develops operational software used by municipal transport operators responsible for tenant documentation. Funding from the current round supports implementation capacity and regional deployment activity.,logistics,idea,5796148,AED,"Organizations responsible for tenant documentation frequently coordinate activity across disconnected operational systems, external vendors, and manual reporting processes.",municipal transport operators,$51.4B annual operating market across 9 regions,"The platform centralizes records associated with tenant documentation, synchronizes operational data across connected systems, and maintains configurable reporting controls.",The platform includes configurable controls aligned with procurement and reporting requirements.,Customer onboarding follows a structured implementation process across client operating environments with phased deployment support during rollout.,Recurring software subscriptions; implementation retainers; reporting modules,Customers are billed through recurring contracts indexed to usage activity and implementation requirements.,"The company sources accounts through regional partnerships, implementation relationships, and direct enterprise outreach.",1767999,13157840,619645,6 months,rejected
SummitPilot,"SummitPilot provides workflow software for regional clinics managing patient scheduling. The company is raising capital to support deployment operations, implementation staffing, and commercial expansion activities.",logistics,series-a,472380,AED,Teams handling patient scheduling often rely on fragmented workflows that require repeated reconciliation between internal records and third-party systems.,regional clinics,$63.9B annual operating market across 6 regions,The product consolidates operational processes associated with patient scheduling into a unified management environment with configurable reporting logic.,The product maintains configurable workflow logic across customer operating environments.,Deployment operations are managed through standardized onboarding procedures across customer operating environments.,Recurring software subscriptions; implementation retainers; reporting modules,Customers are billed through recurring contracts indexed to usage activity and implementation requirements.,"Commercial growth is supported through industry conferences, pilot deployments, and executive referral networks.",59912,4293313,55263,17 months,approved
AtlasSystems,"AtlasSystems provides workflow software for agricultural cooperatives managing claims intake. The company is raising capital to support deployment operations, implementation staffing, and commercial expansion activities.",fintech,idea,8683656,SGD,"Organizations responsible for claims intake frequently coordinate activity across disconnected operational systems, external vendors, and manual reporting processes.",agricultural cooperatives,$14.7B annual operating market across 5 regions,The product consolidates operational processes associated with claims intake into a unified management environment with configurable reporting logic.,The software supports integration with operational systems commonly used across secondary markets.,Deployment operations are managed through standardized onboarding procedures across customer operating environments.,Recurring software subscriptions; implementation retainers; reporting modules,"Commercial agreements are priced according to transaction volume, deployment scope, and active operating locations.","Customer acquisition relies on procurement referrals, implementation partners, and sector-focused outbound sales activity.",1592536,10346790,578208,5 months,rejected
SummitSystems,"SummitSystems provides workflow software for independent law firms managing maintenance scheduling. The company is raising capital to support deployment operations, implementation staffing, and commercial expansion activities.",proptech,series-a,1524750,USD,"Organizations responsible for maintenance scheduling frequently coordinate activity across disconnected operational systems, external vendors, and manual reporting processes.",independent law firms,$24.2B annual operating market across 12 regions,"The platform centralizes records associated with maintenance scheduling, synchronizes operational data across connected systems, and maintains configurable reporting controls.",The software supports integration with operational systems commonly used across secondary markets.,The implementation framework supports phased account deployment across distributed customer operating environments.,Usage-based billing; workflow modules; integration support services,Pricing combines annual subscription commitments with deployment and reporting service charges.,"Commercial growth is supported through industry conferences, pilot deployments, and executive referral networks.",1728413,3196154,55197,21 months,approved
DeltaLedger,DeltaLedger develops operational software used by retail distributors responsible for credential verification. Funding from the current round supports implementation capacity and regional deployment activity.,edtech,series-a,1547963,EUR,Teams handling credential verification often rely on fragmented workflows that require repeated reconciliation between internal records and third-party systems.,retail distributors,$12.7B annual operating market across 16 regions,"The platform centralizes records associated with credential verification, synchronizes operational data across connected systems, and maintains configurable reporting controls.",The product maintains configurable workflow logic across customer operating environments.,Deployment operations are managed through standardized onboarding procedures across customer operating environments.,Annual platform contracts; onboarding services; account support fees,"Commercial agreements are priced according to transaction volume, deployment scope, and active operating locations.","Commercial growth is supported through industry conferences, pilot deployments, and executive referral networks.",1024135,7414172,90463,26 months,approved
AtlasPilot,"AtlasPilot provides workflow software for specialty manufacturers managing inventory forecasting. The company is raising capital to support deployment operations, implementation staffing, and commercial expansion activities.",agritech,pre-seed,3210283,SGD,Teams handling inventory forecasting often rely on fragmented workflows that require repeated reconciliation between internal records and third-party systems.,specialty manufacturers,$44.5B annual operating market across 9 regions,The product consolidates operational processes associated with inventory forecasting into a unified management environment with configurable reporting logic.,The software supports integration with operational systems commonly used across secondary markets.,Customer onboarding follows a structured implementation process across client operating environments with phased deployment support during rollout.,Recurring software subscriptions; implementation retainers; reporting modules,Pricing combines annual subscription commitments with deployment and reporting service charges.,"The company sources accounts through regional partnerships, implementation relationships, and direct enterprise outreach.",13177,3837509,126348,24 months,approved
AtlasWorks,"AtlasWorks operates a software platform focused on crop procurement for vocational institutes. The business is seeking capital to expand integrations, onboarding resources, and account support operations.",saas,seed,4843500,SGD,Companies managing crop procurement typically operate across multiple reporting systems that lack centralized operational visibility.,vocational institutes,$44.4B annual operating market across 11 regions,"The software standardizes workflows related to crop procurement while maintaining audit visibility, operational tracking, and configurable access permissions.",The product maintains configurable workflow logic across customer operating environments.,Deployment operations are managed through standardized onboarding procedures across customer operating environments.,Recurring software subscriptions; implementation retainers; reporting modules,Pricing combines annual subscription commitments with deployment and reporting service charges.,"The company sources accounts through regional partnerships, implementation relationships, and direct enterprise outreach.",875438,27742809,325264,4 months,rejected
AtlasCloud,AtlasCloud develops operational software used by independent law firms responsible for patient scheduling. Funding from the current round supports implementation capacity and regional deployment activity.,healthtech,pre-seed,1238413,GBP,Teams handling patient scheduling often rely on fragmented workflows that require repeated reconciliation between internal records and third-party systems.,independent law firms,$77.9B annual operating market across 14 regions,"The software standardizes workflows related to patient scheduling while maintaining audit visibility, operational tracking, and configurable access permissions.",The product maintains configurable workflow logic across customer operating environments.,Deployment operations are managed through standardized onboarding procedures across customer operating environments.,Annual platform contracts; onboarding services; account support fees,Pricing combines annual subscription commitments with deployment and reporting service charges.,"Commercial growth is supported through industry conferences, pilot deployments, and executive referral networks.",114417,3898872,178365,17 months,approved
HarborLogic,HarborLogic develops operational software used by regional clinics responsible for supplier onboarding. Funding from the current round supports implementation capacity and regional deployment activity.,cleantech,seed,6060452,EUR,Companies managing supplier onboarding typically operate across multiple reporting systems that lack centralized operational visibility.,regional clinics,$23.7B annual operating market across 12 regions,"The platform centralizes records associated with supplier onboarding, synchronizes operational data across connected systems, and maintains configurable reporting controls.",The deployment architecture supports staged implementation across distributed operating environments.,Customer onboarding follows a structured implementation process across client operating environments with phased deployment support during rollout.,Recurring software subscriptions; implementation retainers; reporting modules,Customers are billed through recurring contracts indexed to usage activity and implementation requirements.,"The company sources accounts through regional partnerships, implementation relationships, and direct enterprise outreach.",160405,7149839,932878,8 months,rejected
GraniteBridge,GraniteBridge develops operational software used by insurance brokers responsible for tenant documentation. Funding from the current round supports implementation capacity and regional deployment activity.,saas,seed,847642,AED,Companies managing tenant documentation typically operate across multiple reporting systems that lack centralized operational visibility.,insurance brokers,$31.6B annual operating market across 11 regions,The product consolidates operational processes associated with tenant documentation into a unified management environment with configurable reporting logic.,The deployment architecture supports staged implementation across distributed operating environments.,Deployment operations are managed through standardized onboarding procedures across customer operating environments.,Recurring software subscriptions; implementation retainers; reporting modules,Pricing combines annual subscription commitments with deployment and reporting service charges.,"Commercial growth is supported through industry conferences, pilot deployments, and executive referral networks.",170689,4807641,91786,23 months,approved
SignalWorks,SignalWorks develops operational software used by vocational institutes responsible for crop procurement. Funding from the current round supports implementation capacity and regional deployment activity.,agritech,idea,3679052,AED,"Organizations responsible for crop procurement frequently coordinate activity across disconnected operational systems, external vendors, and manual reporting processes.",vocational institutes,$45.4B annual operating market across 10 regions,"The software standardizes workflows related to crop procurement while maintaining audit visibility, operational tracking, and configurable access permissions.",The deployment architecture supports staged implementation across distributed operating environments.,The implementation framework supports phased account deployment across distributed customer operating environments.,Annual platform contracts; onboarding services; account support fees,Customers are billed through recurring contracts indexed to usage activity and implementation requirements.,"The company sources accounts through regional partnerships, implementation relationships, and direct enterprise outreach.",221778,28402984,633386,8 months,rejected
DeltaSystems,DeltaSystems develops operational software used by regional clinics responsible for claims intake. Funding from the current round supports implementation capacity and regional deployment activity.,logistics,seed,2939126,GBP,Companies managing claims intake typically operate across multiple reporting systems that lack centralized operational visibility.,regional clinics,$21.2B annual operating market across 18 regions,"The platform centralizes records associated with claims intake, synchronizes operational data across connected systems, and maintains configurable reporting controls.",The deployment architecture supports staged implementation across distributed operating environments.,The implementation framework supports phased account deployment across distributed customer operating environments.,Usage-based billing; workflow modules; integration support services,Customers are billed through recurring contracts indexed to usage activity and implementation requirements.,"The company sources accounts through regional partnerships, implementation relationships, and direct enterprise outreach.",1808816,9720708,619103,9 months,rejected
HarborPilot,"HarborPilot provides workflow software for insurance brokers managing inventory forecasting. The company is raising capital to support deployment operations, implementation staffing, and commercial expansion activities.",healthtech,pre-seed,5144590,SGD,"Organizations responsible for inventory forecasting frequently coordinate activity across disconnected operational systems, external vendors, and manual reporting processes.",insurance brokers,$47.9B annual operating market across 16 regions,The product consolidates operational processes associated with inventory forecasting into a unified management environment with configurable reporting logic.,The product maintains configurable workflow logic across customer operating environments.,Customer onboarding follows a structured implementation process across client operating environments with phased deployment support during rollout.,Usage-based billing; workflow modules; integration support services,"Commercial agreements are priced according to transaction volume, deployment scope, and active operating locations.","Commercial growth is supported through industry conferences, pilot deployments, and executive referral networks.",1695675,17132762,308728,6 months,rejected
OakMetrics,"OakMetrics operates a software platform focused on supplier onboarding for agricultural cooperatives. The business is seeking capital to expand integrations, onboarding resources, and account support operations.",legaltech,seed,3242304,EUR,Companies managing supplier onboarding typically operate across multiple reporting systems that lack centralized operational visibility.,agricultural cooperatives,$58.6B annual operating market across 12 regions,The product consolidates operational processes associated with supplier onboarding into a unified management environment with configurable reporting logic.,The product maintains configurable workflow logic across customer operating environments.,Deployment operations are managed through standardized onboarding procedures across customer operating environments.,Annual platform contracts; onboarding services; account support fees,Customers are billed through recurring contracts indexed to usage activity and implementation requirements.,"Customer acquisition relies on procurement referrals, implementation partners, and sector-focused outbound sales activity.",2082625,5228254,162778,22 months,approved
GraniteLedger,"GraniteLedger provides workflow software for property managers managing tenant documentation. The company is raising capital to support deployment operations, implementation staffing, and commercial expansion activities.",fintech,idea,5470400,GBP,Companies managing tenant documentation typically operate across multiple reporting systems that lack centralized operational visibility.,property managers,$18.3B annual operating market across 12 regions,"The platform centralizes records associated with tenant documentation, synchronizes operational data across connected systems, and maintains configurable reporting controls.",The software supports integration with operational systems commonly used across secondary markets.,Customer onboarding follows a structured implementation process across client operating environments with phased deployment support during rollout.,Recurring software subscriptions; implementation retainers; reporting modules,Pricing combines annual subscription commitments with deployment and reporting service charges.,"Customer acquisition relies on procurement referrals, implementation partners, and sector-focused outbound sales activity.",441728,17349966,580396,6 months,rejected
VectorWorks,"VectorWorks provides workflow software for property managers managing invoice reconciliation. The company is raising capital to support deployment operations, implementation staffing, and commercial expansion activities.",edtech,pre-seed,7784722,SGD,Companies managing invoice reconciliation typically operate across multiple reporting systems that lack centralized operational visibility.,property managers,$33.6B annual operating market across 5 regions,"The software standardizes workflows related to invoice reconciliation while maintaining audit visibility, operational tracking, and configurable access permissions.",The product maintains configurable workflow logic across customer operating environments.,Customer onboarding follows a structured implementation process across client operating environments with phased deployment support during rollout.,Usage-based billing; workflow modules; integration support services,"Commercial agreements are priced according to transaction volume, deployment scope, and active operating locations.","Commercial growth is supported through industry conferences, pilot deployments, and executive referral networks.",299901,25259356,449796,3 months,rejected
SignalWorks,"SignalWorks operates a software platform focused on claims intake for municipal transport operators. The business is seeking capital to expand integrations, onboarding resources, and account support operations.",fintech,series-a,1650766,SGD,"Organizations responsible for claims intake frequently coordinate activity across disconnected operational systems, external vendors, and manual reporting processes.",municipal transport operators,$6.3B annual operating market across 18 regions,"The software standardizes workflows related to claims intake while maintaining audit visibility, operational tracking, and configurable access permissions.",The platform includes configurable controls aligned with procurement and reporting requirements.,Deployment operations are managed through standardized onboarding procedures across customer operating environments.,Usage-based billing; workflow modules; integration support services,Customers are billed through recurring contracts indexed to usage activity and implementation requirements.,"The company sources accounts through regional partnerships, implementation relationships, and direct enterprise outreach.",81189,8160458,142812,22 months,approved
ApexWorks,"ApexWorks operates a software platform focused on supplier onboarding for retail distributors. The business is seeking capital to expand integrations, onboarding resources, and account support operations.",fintech,pre-seed,2104744,AED,"Organizations responsible for supplier onboarding frequently coordinate activity across disconnected operational systems, external vendors, and manual reporting processes.",retail distributors,$22.1B annual operating market across 16 regions,"The software standardizes workflows related to supplier onboarding while maintaining audit visibility, operational tracking, and configurable access permissions.",The platform includes configurable controls aligned with procurement and reporting requirements.,Customer onboarding follows a structured implementation process across client operating environments with phased deployment support during rollout.,Usage-based billing; workflow modules; integration support services,Pricing combines annual subscription commitments with deployment and reporting service charges.,"Customer acquisition relies on procurement referrals, implementation partners, and sector-focused outbound sales activity.",28902,4495441,148364,14 months,approved
NorthLedger,"NorthLedger operates a software platform focused on crop procurement for vocational institutes. The business is seeking capital to expand integrations, onboarding resources, and account support operations.",ecommerce,pre-seed,1521823,USD,"Organizations responsible for crop procurement frequently coordinate activity across disconnected operational systems, external vendors, and manual reporting processes.",vocational institutes,$14.7B annual operating market across 18 regions,The product consolidates operational processes associated with crop procurement into a unified management environment with configurable reporting logic.,The software supports integration with operational systems commonly used across secondary markets.,Deployment operations are managed through standardized onboarding procedures across customer operating environments.,Usage-based billing; workflow modules; integration support services,"Commercial agreements are priced according to transaction volume, deployment scope, and active operating locations.","The company sources accounts through regional partnerships, implementation relationships, and direct enterprise outreach.",149460,4988032,165182,15 months,approved
GraniteLedger,"GraniteLedger provides workflow software for property managers managing tenant documentation. The company is raising capital to support deployment operations, implementation staffing, and commercial expansion activities.",fintech,idea,2709503,GBP,Companies managing tenant documentation typically operate across multiple reporting systems that lack centralized operational visibility.,property managers,$18.3B annual operating market across 12 regions,"The platform centralizes records associated with tenant documentation, synchronizes operational data across connected systems, and maintains configurable reporting controls.",The software supports integration with operational systems commonly used across secondary markets.,Customer onboarding follows a structured implementation process across client operating environments with phased deployment support during rollout.,Recurring software subscriptions; implementation retainers; reporting modules,Pricing combines annual subscription commitments with deployment and reporting service charges.,"Customer acquisition relies on procurement referrals, implementation partners, and sector-focused outbound sales activity.",612315,8760981,166880,21 months,approved
SummitBase,"SummitBase provides workflow software for property managers managing tenant documentation. The company is raising capital to support deployment operations, implementation staffing, and commercial expansion activities.",edtech,series-a,4999200,AED,"Organizations responsible for tenant documentation frequently coordinate activity across disconnected operational systems, external vendors, and manual reporting processes.",property managers,$71.6B annual operating market across 15 regions,"The software standardizes workflows related to tenant documentation while maintaining audit visibility, operational tracking, and configurable access permissions.",The product maintains configurable workflow logic across customer operating environments.,The implementation framework supports phased account deployment across distributed customer operating environments.,Annual platform contracts; onboarding services; account support fees,Pricing combines annual subscription commitments with deployment and reporting service charges.,"The company sources accounts through regional partnerships, implementation relationships, and direct enterprise outreach.",899889,25986842,723254,3 months,rejected
AtlasLogic,"AtlasLogic operates a software platform focused on claims intake for vocational institutes. The business is seeking capital to expand integrations, onboarding resources, and account support operations.",logistics,pre-seed,733059,EUR,"Organizations responsible for claims intake frequently coordinate activity across disconnected operational systems, external vendors, and manual reporting processes.",vocational institutes,$8.8B annual operating market across 16 regions,"The software standardizes workflows related to claims intake while maintaining audit visibility, operational tracking, and configurable access permissions.",The platform includes configurable controls aligned with procurement and reporting requirements.,The implementation framework supports phased account deployment across distributed customer operating environments.,Recurring software subscriptions; implementation retainers; reporting modules,Pricing combines annual subscription commitments with deployment and reporting service charges.,"Commercial growth is supported through industry conferences, pilot deployments, and executive referral networks.",1237662,4850119,168604,16 months,approved
DeltaSystems,DeltaSystems develops operational software used by specialty manufacturers responsible for inventory forecasting. Funding from the current round supports implementation capacity and regional deployment activity.,cleantech,idea,3412259,USD,Companies managing inventory forecasting typically operate across multiple reporting systems that lack centralized operational visibility.,specialty manufacturers,$57.2B annual operating market across 9 regions,"The platform centralizes records associated with inventory forecasting, synchronizes operational data across connected systems, and maintains configurable reporting controls.",The platform includes configurable controls aligned with procurement and reporting requirements.,Deployment operations are managed through standardized onboarding procedures across customer operating environments.,Usage-based billing; workflow modules; integration support services,"Commercial agreements are priced according to transaction volume, deployment scope, and active operating locations.","The company sources accounts through regional partnerships, implementation relationships, and direct enterprise outreach.",1559344,23056093,400643,6 months,rejected
AtlasPilot,"AtlasPilot provides workflow software for property managers managing patient scheduling. The company is raising capital to support deployment operations, implementation staffing, and commercial expansion activities.",cleantech,pre-seed,1369958,SGD,"Organizations responsible for patient scheduling frequently coordinate activity across disconnected operational systems, external vendors, and manual reporting processes.",property managers,$43.1B annual operating market across 15 regions,The product consolidates operational processes associated with patient scheduling into a unified management environment with configurable reporting logic.,The deployment architecture supports staged implementation across distributed operating environments.,Customer onboarding follows a structured implementation process across client operating environments with phased deployment support during rollout.,Usage-based billing; workflow modules; integration support services,"Commercial agreements are priced according to transaction volume, deployment scope, and active operating locations.","Commercial growth is supported through industry conferences, pilot deployments, and executive referral networks.",192400,9864519,47680,17 months,approved
GraniteWorks,"GraniteWorks provides workflow software for retail distributors managing claims intake. The company is raising capital to support deployment operations, implementation staffing, and commercial expansion activities.",saas,seed,2793212,EUR,Companies managing claims intake typically operate across multiple reporting systems that lack centralized operational visibility.,retail distributors,$80.9B annual operating market across 10 regions,The product consolidates operational processes associated with claims intake into a unified management environment with configurable reporting logic.,The product maintains configurable workflow logic across customer operating environments.,Deployment operations are managed through standardized onboarding procedures across customer operating environments.,Usage-based billing; workflow modules; integration support services,"Commercial agreements are priced according to transaction volume, deployment scope, and active operating locations.","The company sources accounts through regional partnerships, implementation relationships, and direct enterprise outreach.",1951822,5515739,176760,18 months,approved
NorthMetrics,"NorthMetrics provides workflow software for specialty manufacturers managing crop procurement. The company is raising capital to support deployment operations, implementation staffing, and commercial expansion activities.",cleantech,series-a,4094670,USD,Companies managing crop procurement typically operate across multiple reporting systems that lack centralized operational visibility.,specialty manufacturers,$65.0B annual operating market across 15 regions,"The software standardizes workflows related to crop procurement while maintaining audit visibility, operational tracking, and configurable access permissions.",The product maintains configurable workflow logic across customer operating environments.,The implementation framework supports phased account deployment across distributed customer operating environments.,Usage-based billing; workflow modules; integration support services,Pricing combines annual subscription commitments with deployment and reporting service charges.,"Commercial growth is supported through industry conferences, pilot deployments, and executive referral networks.",1367620,22814419,825303,5 months,rejected
HarborBase,"HarborBase provides workflow software for vocational institutes managing patient scheduling. The company is raising capital to support deployment operations, implementation staffing, and commercial expansion activities.",ecommerce,pre-seed,1655218,EUR,"Organizations responsible for patient scheduling frequently coordinate activity across disconnected operational systems, external vendors, and manual reporting processes.",vocational institutes,$71.2B annual operating market across 5 regions,"The platform centralizes records associated with patient scheduling, synchronizes operational data across connected systems, and maintains configurable reporting controls.",The product maintains configurable workflow logic across customer operating environments.,Customer onboarding follows a structured implementation process across client operating environments with phased deployment support during rollout.,Annual platform contracts; onboarding services; account support fees,"Commercial agreements are priced according to transaction volume, deployment scope, and active operating locations.","The company sources accounts through regional partnerships, implementation relationships, and direct enterprise outreach.",170173,7948640,85092,15 months,approved
SignalLogic,SignalLogic develops operational software used by insurance brokers responsible for crop procurement. Funding from the current round supports implementation capacity and regional deployment activity.,agritech,pre-seed,2290867,USD,Teams handling crop procurement often rely on fragmented workflows that require repeated reconciliation between internal records and third-party systems.,insurance brokers,$6.7B annual operating market across 14 regions,The product consolidates operational processes associated with crop procurement into a unified management environment with configurable reporting logic.,The platform includes configurable controls aligned with procurement and reporting requirements.,Customer onboarding follows a structured implementation process across client operating environments with phased deployment support during rollout.,Usage-based billing; workflow modules; integration support services,Customers are billed through recurring contracts indexed to usage activity and implementation requirements.,"Customer acquisition relies on procurement referrals, implementation partners, and sector-focused outbound sales activity.",136835,2830422,172239,26 months,approved
ApexBridge,"ApexBridge provides workflow software for regional clinics managing invoice reconciliation. The company is raising capital to support deployment operations, implementation staffing, and commercial expansion activities.",logistics,series-a,1232527,USD,"Organizations responsible for invoice reconciliation frequently coordinate activity across disconnected operational systems, external vendors, and manual reporting processes.",regional clinics,$65.6B annual operating market across 15 regions,"The platform centralizes records associated with invoice reconciliation, synchronizes operational data across connected systems, and maintains configurable reporting controls.",The product maintains configurable workflow logic across customer operating environments.,Deployment operations are managed through standardized onboarding procedures across customer operating environments.,Recurring software subscriptions; implementation retainers; reporting modules,Pricing combines annual subscription commitments with deployment and reporting service charges.,"The company sources accounts through regional partnerships, implementation relationships, and direct enterprise outreach.",185340,7026083,128314,15 months,approved
DeltaBase,"DeltaBase operates a software platform focused on claims intake for regional clinics. The business is seeking capital to expand integrations, onboarding resources, and account support operations.",ecommerce,seed,1049533,GBP,Teams handling claims intake often rely on fragmented workflows that require repeated reconciliation between internal records and third-party systems.,regional clinics,$22.1B annual operating market across 18 regions,The product consolidates operational processes associated with claims intake into a unified management environment with configurable reporting logic.,The deployment architecture supports staged implementation across distributed operating environments.,The implementation framework supports phased account deployment across distributed customer operating environments.,Annual platform contracts; onboarding services; account support fees,"Commercial agreements are priced according to transaction volume, deployment scope, and active operating locations.","The company sources accounts through regional partnerships, implementation relationships, and direct enterprise outreach.",263461,7504620,131055,24 months,approved
HarborFlow,HarborFlow develops operational software used by warehouse operators responsible for maintenance scheduling. Funding from the current round supports implementation capacity and regional deployment activity.,healthtech,pre-seed,3069657,USD,Teams handling maintenance scheduling often rely on fragmented workflows that require repeated reconciliation between internal records and third-party systems.,warehouse operators,$58.0B annual operating market across 6 regions,"The platform centralizes records associated with maintenance scheduling, synchronizes operational data across connected systems, and maintains configurable reporting controls.",The platform includes configurable controls aligned with procurement and reporting requirements.,The implementation framework supports phased account deployment across distributed customer operating environments.,Usage-based billing; workflow modules; integration support services,Pricing combines annual subscription commitments with deployment and reporting service charges.,"The company sources accounts through regional partnerships, implementation relationships, and direct enterprise outreach.",1335213,13253851,634630,9 months,rejected
AtlasBase,AtlasBase develops operational software used by specialty manufacturers responsible for maintenance scheduling. Funding from the current round supports implementation capacity and regional deployment activity.,agritech,series-a,1477858,SGD,"Organizations responsible for maintenance scheduling frequently coordinate activity across disconnected operational systems, external vendors, and manual reporting processes.",specialty manufacturers,$18.0B annual operating market across 12 regions,"The platform centralizes records associated with maintenance scheduling, synchronizes operational data across connected systems, and maintains configurable reporting controls.",The software supports integration with operational systems commonly used across secondary markets.,Customer onboarding follows a structured implementation process across client operating environments with phased deployment support during rollout.,Usage-based billing; workflow modules; integration support services,Pricing combines annual subscription commitments with deployment and reporting service charges.,"Commercial growth is supported through industry conferences, pilot deployments, and executive referral networks.",1002513,10737604,116922,22 months,approved
SummitSystems,SummitSystems develops operational software used by vocational institutes responsible for claims intake. Funding from the current round supports implementation capacity and regional deployment activity.,legaltech,pre-seed,429903,GBP,"Organizations responsible for claims intake frequently coordinate activity across disconnected operational systems, external vendors, and manual reporting processes.",vocational institutes,$66.3B annual operating market across 9 regions,"The platform centralizes records associated with claims intake, synchronizes operational data across connected systems, and maintains configurable reporting controls.",The software supports integration with operational systems commonly used across secondary markets.,The implementation framework supports phased account deployment across distributed customer operating environments.,Recurring software subscriptions; implementation retainers; reporting modules,"Commercial agreements are priced according to transaction volume, deployment scope, and active operating locations.","Customer acquisition relies on procurement referrals, implementation partners, and sector-focused outbound sales activity.",1992015,7689846,60557,14 months,approved
GraniteCloud,"GraniteCloud operates a software platform focused on supplier onboarding for municipal transport operators. The business is seeking capital to expand integrations, onboarding resources, and account support operations.",agritech,idea,2089376,EUR,"Organizations responsible for supplier onboarding frequently coordinate activity across disconnected operational systems, external vendors, and manual reporting processes.",municipal transport operators,$54.1B annual operating market across 10 regions,"The software standardizes workflows related to supplier onboarding while maintaining audit visibility, operational tracking, and configurable access permissions.",The product maintains configurable workflow logic across customer operating environments.,The implementation framework supports phased account deployment across distributed customer operating environments.,Usage-based billing; workflow modules; integration support services,"Commercial agreements are priced according to transaction volume, deployment scope, and active operating locations.","Customer acquisition relies on procurement referrals, implementation partners, and sector-focused outbound sales activity.",1436996,2797941,65180,17 months,approved
VectorBase,"VectorBase provides workflow software for specialty manufacturers managing crop procurement. The company is raising capital to support deployment operations, implementation staffing, and commercial expansion activities.",legaltech,pre-seed,2517053,AED,Teams handling crop procurement often rely on fragmented workflows that require repeated reconciliation between internal records and third-party systems.,specialty manufacturers,$15.6B annual operating market across 11 regions,"The software standardizes workflows related to crop procurement while maintaining audit visibility, operational tracking, and configurable access permissions.",The platform includes configurable controls aligned with procurement and reporting requirements.,The implementation framework supports phased account deployment across distributed customer operating environments.,Recurring software subscriptions; implementation retainers; reporting modules,Customers are billed through recurring contracts indexed to usage activity and implementation requirements.,"Commercial growth is supported through industry conferences, pilot deployments, and executive referral networks.",133346,3423065,72057,23 months,approved
GraniteWorks,"GraniteWorks operates a software platform focused on invoice reconciliation for independent law firms. The business is seeking capital to expand integrations, onboarding resources, and account support operations.",cleantech,series-a,2025791,EUR,"Organizations responsible for invoice reconciliation frequently coordinate activity across disconnected operational systems, external vendors, and manual reporting processes.",independent law firms,$26.7B annual operating market across 16 regions,The product consolidates operational processes associated with invoice reconciliation into a unified management environment with configurable reporting logic.,The software supports integration with operational systems commonly used across secondary markets.,The implementation framework supports phased account deployment across distributed customer operating environments.,Usage-based billing; workflow modules; integration support services,Pricing combines annual subscription commitments with deployment and reporting service charges.,"The company sources accounts through regional partnerships, implementation relationships, and direct enterprise outreach.",21571,9138394,158013,14 months,approved
DeltaLedger,"DeltaLedger operates a software platform focused on supplier onboarding for retail distributors. The business is seeking capital to expand integrations, onboarding resources, and account support operations.",healthtech,series-a,7672283,EUR,Teams handling supplier onboarding often rely on fragmented workflows that require repeated reconciliation between internal records and third-party systems.,retail distributors,$58.4B annual operating market across 9 regions,"The software standardizes workflows related to supplier onboarding while maintaining audit visibility, operational tracking, and configurable access permissions.",The product maintains configurable workflow logic across customer operating environments.,Customer onboarding follows a structured implementation process across client operating environments with phased deployment support during rollout.,Annual platform contracts; onboarding services; account support fees,Pricing combines annual subscription commitments with deployment and reporting service charges.,"The company sources accounts through regional partnerships, implementation relationships, and direct enterprise outreach.",1256166,11438692,938638,3 months,rejected
HarborWorks,HarborWorks develops operational software used by property managers responsible for maintenance scheduling. Funding from the current round supports implementation capacity and regional deployment activity.,logistics,pre-seed,2796946,USD,Teams handling maintenance scheduling often rely on fragmented workflows that require repeated reconciliation between internal records and third-party systems.,property managers,$8.4B annual operating market across 12 regions,"The platform centralizes records associated with maintenance scheduling, synchronizes operational data across connected systems, and maintains configurable reporting controls.",The software supports integration with operational systems commonly used across secondary markets.,Deployment operations are managed through standardized onboarding procedures across customer operating environments.,Recurring software subscriptions; implementation retainers; reporting modules,Customers are billed through recurring contracts indexed to usage activity and implementation requirements.,"Customer acquisition relies on procurement referrals, implementation partners, and sector-focused outbound sales activity.",202742,29659472,781467,3 months,rejected
SummitBase,"SummitBase provides workflow software for specialty manufacturers managing inventory forecasting. The company is raising capital to support deployment operations, implementation staffing, and commercial expansion activities.",healthtech,series-a,8742117,GBP,Companies managing inventory forecasting typically operate across multiple reporting systems that lack centralized operational visibility.,specialty manufacturers,$70.4B annual operating market across 12 regions,"The software standardizes workflows related to inventory forecasting while maintaining audit visibility, operational tracking, and configurable access permissions.",The software supports integration with operational systems commonly used across secondary markets.,The implementation framework supports phased account deployment across distributed customer operating environments.,Usage-based billing; workflow modules; integration support services,"Commercial agreements are priced according to transaction volume, deployment scope, and active operating locations.","Customer acquisition relies on procurement referrals, implementation partners, and sector-focused outbound sales activity.",242703,7252390,649923,9 months,rejected
ApexBase,"ApexBase provides workflow software for property managers managing inventory forecasting. The company is raising capital to support deployment operations, implementation staffing, and commercial expansion activities.",agritech,series-a,2351247,USD,Companies managing inventory forecasting typically operate across multiple reporting systems that lack centralized operational visibility.,property managers,$8.5B annual operating market across 5 regions,"The software standardizes workflows related to inventory forecasting while maintaining audit visibility, operational tracking, and configurable access permissions.",The deployment architecture supports staged implementation across distributed operating environments.,The implementation framework supports phased account deployment across distributed customer operating environments.,Recurring software subscriptions; implementation retainers; reporting modules,Pricing combines annual subscription commitments with deployment and reporting service charges.,"Customer acquisition relies on procurement referrals, implementation partners, and sector-focused outbound sales activity.",1774070,5344998,179113,19 months,approved
NorthSystems,"NorthSystems operates a software platform focused on maintenance scheduling for specialty manufacturers. The business is seeking capital to expand integrations, onboarding resources, and account support operations.",edtech,idea,1267672,GBP,"Organizations responsible for maintenance scheduling frequently coordinate activity across disconnected operational systems, external vendors, and manual reporting processes.",specialty manufacturers,$57.1B annual operating market across 17 regions,"The software standardizes workflows related to maintenance scheduling while maintaining audit visibility, operational tracking, and configurable access permissions.",The platform includes configurable controls aligned with procurement and reporting requirements.,Deployment operations are managed through standardized onboarding procedures across customer operating environments.,Recurring software subscriptions; implementation retainers; reporting modules,Customers are billed through recurring contracts indexed to usage activity and implementation requirements.,"The company sources accounts through regional partnerships, implementation relationships, and direct enterprise outreach.",938671,10568186,42572,16 months,approved
DeltaBridge,"DeltaBridge provides workflow software for municipal transport operators managing credential verification. The company is raising capital to support deployment operations, implementation staffing, and commercial expansion activities.",edtech,idea,5345724,SGD,"Organizations responsible for credential verification frequently coordinate activity across disconnected operational systems, external vendors, and manual reporting processes.",municipal transport operators,$80.2B annual operating market across 14 regions,"The software standardizes workflows related to credential verification while maintaining audit visibility, operational tracking, and configurable access permissions.",The deployment architecture supports staged implementation across distributed operating environments.,The implementation framework supports phased account deployment across distributed customer operating environments.,Usage-based billing; workflow modules; integration support services,Pricing combines annual subscription commitments with deployment and reporting service charges.,"Customer acquisition relies on procurement referrals, implementation partners, and sector-focused outbound sales activity.",1340716,8394515,585771,8 months,rejected
HarborBridge,HarborBridge develops operational software used by specialty manufacturers responsible for crop procurement. Funding from the current round supports implementation capacity and regional deployment activity.,logistics,idea,3763852,SGD,Teams handling crop procurement often rely on fragmented workflows that require repeated reconciliation between internal records and third-party systems.,specialty manufacturers,$66.6B annual operating market across 14 regions,"The software standardizes workflows related to crop procurement while maintaining audit visibility, operational tracking, and configurable access permissions.",The product maintains configurable workflow logic across customer operating environments.,Deployment operations are managed through standardized onboarding procedures across customer operating environments.,Recurring software subscriptions; implementation retainers; reporting modules,"Commercial agreements are priced according to transaction volume, deployment scope, and active operating locations.","Customer acquisition relies on procurement referrals, implementation partners, and sector-focused outbound sales activity.",1082869,11004321,816483,6 months,rejected
VectorFlow,VectorFlow develops operational software used by warehouse operators responsible for tenant documentation. Funding from the current round supports implementation capacity and regional deployment activity.,legaltech,pre-seed,3744716,AED,Teams handling tenant documentation often rely on fragmented workflows that require repeated reconciliation between internal records and third-party systems.,warehouse operators,$11.6B annual operating market across 16 regions,"The software standardizes workflows related to tenant documentation while maintaining audit visibility, operational tracking, and configurable access permissions.",The deployment architecture supports staged implementation across distributed operating environments.,Customer onboarding follows a structured implementation process across client operating environments with phased deployment support during rollout.,Recurring software subscriptions; implementation retainers; reporting modules,"Commercial agreements are priced according to transaction volume, deployment scope, and active operating locations.","Commercial growth is supported through industry conferences, pilot deployments, and executive referral networks.",734000,10713758,805736,8 months,rejected
DeltaBridge,DeltaBridge develops operational software used by municipal transport operators responsible for maintenance scheduling. Funding from the current round supports implementation capacity and regional deployment activity.,edtech,seed,541052,EUR,Teams handling maintenance scheduling often rely on fragmented workflows that require repeated reconciliation between internal records and third-party systems.,municipal transport operators,$14.9B annual operating market across 14 regions,"The software standardizes workflows related to maintenance scheduling while maintaining audit visibility, operational tracking, and configurable access permissions.",The software supports integration with operational systems commonly used across secondary markets.,Customer onboarding follows a structured implementation process across client operating environments with phased deployment support during rollout.,Recurring software subscriptions; implementation retainers; reporting modules,Customers are billed through recurring contracts indexed to usage activity and implementation requirements.,"The company sources accounts through regional partnerships, implementation relationships, and direct enterprise outreach.",64354,7461746,114883,18 months,approved
AtlasLogic,AtlasLogic develops operational software used by regional clinics responsible for fleet routing. Funding from the current round supports implementation capacity and regional deployment activity.,healthtech,idea,1274368,AED,Teams handling fleet routing often rely on fragmented workflows that require repeated reconciliation between internal records and third-party systems.,regional clinics,$10.9B annual operating market across 6 regions,"The platform centralizes records associated with fleet routing, synchronizes operational data across connected systems, and maintains configurable reporting controls.",The product maintains configurable workflow logic across customer operating environments.,Deployment operations are managed through standardized onboarding procedures across customer operating environments.,Annual platform contracts; onboarding services; account support fees,Customers are billed through recurring contracts indexed to usage activity and implementation requirements.,"Commercial growth is supported through industry conferences, pilot deployments, and executive referral networks.",1744131,3733366,149894,16 months,approved
GraniteFlow,"GraniteFlow provides workflow software for municipal transport operators managing invoice reconciliation. The company is raising capital to support deployment operations, implementation staffing, and commercial expansion activities.",healthtech,series-a,974187,AED,"Organizations responsible for invoice reconciliation frequently coordinate activity across disconnected operational systems, external vendors, and manual reporting processes.",municipal transport operators,$15.5B annual operating market across 16 regions,"The software standardizes workflows related to invoice reconciliation while maintaining audit visibility, operational tracking, and configurable access permissions.",The product maintains configurable workflow logic across customer operating environments.,Deployment operations are managed through standardized onboarding procedures across customer operating environments.,Recurring software subscriptions; implementation retainers; reporting modules,Pricing combines annual subscription commitments with deployment and reporting service charges.,"Customer acquisition relies on procurement referrals, implementation partners, and sector-focused outbound sales activity.",714387,4742354,46317,23 months,approved
OakMetrics,"OakMetrics operates a software platform focused on supplier onboarding for agricultural cooperatives. The business is seeking capital to expand integrations, onboarding resources, and account support operations.",legaltech,seed,7209485,EUR,Companies managing supplier onboarding typically operate across multiple reporting systems that lack centralized operational visibility.,agricultural cooperatives,$58.6B annual operating market across 12 regions,The product consolidates operational processes associated with supplier onboarding into a unified management environment with configurable reporting logic.,The product maintains configurable workflow logic across customer operating environments.,Deployment operations are managed through standardized onboarding procedures across customer operating environments.,Annual platform contracts; onboarding services; account support fees,Customers are billed through recurring contracts indexed to usage activity and implementation requirements.,"Customer acquisition relies on procurement referrals, implementation partners, and sector-focused outbound sales activity.",605350,11736520,548748,4 months,rejected
NorthSystems,NorthSystems develops operational software used by vocational institutes responsible for inventory forecasting. Funding from the current round supports implementation capacity and regional deployment activity.,saas,idea,882736,EUR,"Organizations responsible for inventory forecasting frequently coordinate activity across disconnected operational systems, external vendors, and manual reporting processes.",vocational institutes,$71.1B annual operating market across 18 regions,"The platform centralizes records associated with inventory forecasting, synchronizes operational data across connected systems, and maintains configurable reporting controls.",The product maintains configurable workflow logic across customer operating environments.,Customer onboarding follows a structured implementation process across client operating environments with phased deployment support during rollout.,Recurring software subscriptions; implementation retainers; reporting modules,Pricing combines annual subscription commitments with deployment and reporting service charges.,"The company sources accounts through regional partnerships, implementation relationships, and direct enterprise outreach.",109307,9498749,159456,15 months,approved
HarborMetrics,"HarborMetrics provides workflow software for retail distributors managing crop procurement. The company is raising capital to support deployment operations, implementation staffing, and commercial expansion activities.",healthtech,idea,5180141,GBP,Teams handling crop procurement often rely on fragmented workflows that require repeated reconciliation between internal records and third-party systems.,retail distributors,$70.6B annual operating market across 14 regions,The product consolidates operational processes associated with crop procurement into a unified management environment with configurable reporting logic.,The deployment architecture supports staged implementation across distributed operating environments.,The implementation framework supports phased account deployment across distributed customer operating environments.,Annual platform contracts; onboarding services; account support fees,Customers are billed through recurring contracts indexed to usage activity and implementation requirements.,"Commercial growth is supported through industry conferences, pilot deployments, and executive referral networks.",1043337,27447446,725194,3 months,rejected
HarborBridge,"HarborBridge provides workflow software for independent law firms managing patient scheduling. The company is raising capital to support deployment operations, implementation staffing, and commercial expansion activities.",saas,seed,6543978,SGD,"Organizations responsible for patient scheduling frequently coordinate activity across disconnected operational systems, external vendors, and manual reporting processes.",independent law firms,$74.5B annual operating market across 8 regions,The product consolidates operational processes associated with patient scheduling into a unified management environment with configurable reporting logic.,The product maintains configurable workflow logic across customer operating environments.,Deployment operations are managed through standardized onboarding procedures across customer operating environments.,Usage-based billing; workflow modules; integration support services,Customers are billed through recurring contracts indexed to usage activity and implementation requirements.,"Commercial growth is supported through industry conferences, pilot deployments, and executive referral networks.",1730251,23094626,384432,7 months,rejected
VectorPilot,"VectorPilot provides workflow software for specialty manufacturers managing inventory forecasting. The company is raising capital to support deployment operations, implementation staffing, and commercial expansion activities.",proptech,pre-seed,5207704,USD,Companies managing inventory forecasting typically operate across multiple reporting systems that lack centralized operational visibility.,specialty manufacturers,$57.9B annual operating market across 4 regions,"The software standardizes workflows related to inventory forecasting while maintaining audit visibility, operational tracking, and configurable access permissions.",The software supports integration with operational systems commonly used across secondary markets.,Customer onboarding follows a structured implementation process across client operating environments with phased deployment support during rollout.,Usage-based billing; workflow modules; integration support services,Pricing combines annual subscription commitments with deployment and reporting service charges.,"The company sources accounts through regional partnerships, implementation relationships, and direct enterprise outreach.",1151408,25291462,357342,8 months,rejected
